DepMap_ID,stripped_cell_line_name,CCLE_Name,sex,primary_disease,Subtype,lineage.x,lineage_subtype,lineage_sub_subtype,lineage.y,1st_rank_DEG,2nd_rank_DEG,3rd_rank_DEG,4th_rank_DEG,5th_rank_DEG,6th_rank_DEG,7th_rank_DEG,8th_rank_DEG,9th_rank_DEG,10th_rank_DEG
ACH-000001,NIHOVCAR3,NIHOVCAR3_OVARY,Female,Ovarian Cancer,"Adenocarcinoma, high grade serous",ovary,ovary_adenocarcinoma,high_grade_serous,ovary,SPON1,SLC34A2,CDH6,CA2,CLDN6,WFDC2,UPK1B,SPOCK2,MEOX1,RHEX
ACH-000002,HL60,HL60_HAEMATOPOIETIC_AND_LYMPHOID_TISSUE,Female,Leukemia,"Acute Myelogenous Leukemia (AML), M3 (Promyelocytic)",blood,AML,M3,blood,DEFA1,MPO,PRG2,ELANE,PRTN3,DEFA1B,AIF1,DEFA3,AZU1,CTSG
ACH-000003,CACO2,CACO2_LARGE_INTESTINE,Male,Colon/Colorectal Cancer,Adenocarcinoma,colorectal,colorectal_adenocarcinoma,,colorectal,APOA2,APOA1,PAGE4,NPPB,VTN,SPINK1,VIL1,IGF2,XAGE3,APOE
ACH-000004,HEL,HEL_HAEMATOPOIETIC_AND_LYMPHOID_TISSUE,Male,Leukemia,"Acute Myelogenous Leukemia (AML), M6 (Erythroleukemia)",blood,AML,M6,blood,HBG2,HBA1,HDC,CA1,FCER1A,PRG2,HBE1,AIF1,MYL4,ITGA2B
ACH-000005,HEL9217,HEL9217_HAEMATOPOIETIC_AND_LYMPHOID_TISSUE,Male,Leukemia,"Acute Myelogenous Leukemia (AML), M6 (Erythroleukemia)",blood,AML,M6,blood,HBG2,CA1,HBA1,FCER1A,AIF1,MYL4,HDC,MS4A3,SAMSN1,PLEK
ACH-000006,MONOMAC6,MONOMAC6_HAEMATOPOIETIC_AND_LYMPHOID_TISSUE,Male,Leukemia,"Acute Myelogenous Leukemia (AML), M5 (Eosinophilic/Monocytic)",blood,AML,M5,blood,CTSG,ELANE,PPP1R27,LYZ,AZU1,ALOX5AP,FLT3,SRGN,LAIR1,ITGB2
ACH-000007,LS513,LS513_LARGE_INTESTINE,Male,Colon/Colorectal Cancer,Adenocarcinoma,colorectal,colorectal_adenocarcinoma,,colorectal,SPINK4,PHGR1,LGALS4,TSPAN8,FABP1,LYZ,REG4,TFF3,DPEP1,GPA33
ACH-000008,A101D,A101D_SKIN,Male,Skin Cancer,Melanoma,skin,melanoma,,skin,S100B,NGFR,CTAG2,GAGE2A,CCL2,PAGE5,CXCL1,GAGE2E,MIA,XAGE1B
ACH-000009,C2BBE1,C2BBE1_LARGE_INTESTINE,Male,Colon/Colorectal Cancer,Adenocarcinoma,colorectal,colorectal_adenocarcinoma,,colorectal,APOA2,VTN,APOA1,NPPB,VIL1,CDH17,SLC2A3,TAGLN,OLR1,TSPAN8
ACH-000011,253J,253J_URINARY_TRACT,Male,Bladder Cancer,Carcinoma,urinary_tract,bladder_carcinoma,,urinary_tract,ALDH1A1,TFPI2,SPP1,AKR1B10,VCAM1,AKR1C2,RGS5,AKR1C1,PDZK1IP1,AREG
ACH-000012,HCC827,HCC827_LUNG,Female,Lung Cancer,"Non-Small Cell Lung Cancer (NSCLC), Adenocarcinoma",lung,NSCLC,NSCLC_adenocarcinoma,lung,KRT7,SFTA2,XAGE1B,CST6,G0S2,EGFR,FLNC,F3,PDZK1IP1,KRT19
ACH-000013,ONCODG1,ONCODG1_OVARY,Female,Ovarian Cancer,"Adenocarcinoma, high grade serous",ovary,ovary_adenocarcinoma,high_grade_serous,ovary,SPOCK2,SPON1,SLC34A2,CDH6,CA2,WFDC2,UPK1B,CLDN6,MUC16,PAX8
ACH-000014,HS294T,HS294T_SKIN,Male,Skin Cancer,Melanoma,skin,melanoma,,skin,S100B,NGFR,MIA,SERPINE2,PLP1,GAGE2A,CCL2,SOX10,CTAG2,PAGE5
ACH-000015,NCIH1581,NCIH1581_LUNG,Male,Lung Cancer,"Non-Small Cell Lung Cancer (NSCLC), Large Cell Carcinoma",lung,NSCLC,NSCLC_large_cell,lung,DKK4,GCG,NTS,RGS1,GPC3,HAND2,ZIC1,ALDH1A1,MAGEA4,MYF5
ACH-000016,SLR21,SLR21_KIDNEY,Unknown,Kidney Cancer,Renal Cell Carcinoma,kidney,renal_cell_carcinoma,,kidney,SPP1,RARRES2,AKR1B10,PDZK1IP1,ANXA13,SLC34A2,MMP7,C3,CA2,TFPI2
ACH-000017,SKBR3,SKBR3_BREAST,Female,Breast Cancer,Carcinoma,breast,breast_carcinoma,ERneg_HER2pos,breast,DHRS2,S100A9,SUSD2,S100A14,BCAS1,S100A8,KRT4,KRT19,VTCN1,SPDEF
ACH-000018,T24,T24_URINARY_TRACT,Female,Bladder Cancer,Carcinoma,urinary_tract,bladder_carcinoma,,urinary_tract,CLDN11,KRT7,ESM1,RGS4,PTX3,TAGLN,SRGN,KRTAP2-3,MT1E,TGM2
ACH-000019,MCF7,MCF7_BREAST,Female,Breast Cancer,Carcinoma,breast,breast_carcinoma,ERpos_HER2neg,breast,TFF1,SPTSSB,SERPINA3,GATA3,CCN5,GREB1,MGP,SERPINA5,KRT19,SULF2
ACH-000020,MHHCALL2,MHHCALL2_HAEMATOPOIETIC_AND_LYMPHOID_TISSUE,Female,Leukemia,"Acute Lymphoblastic Leukemia (ALL), B-cell",blood,ALL,b_cell,blood,TCL1A,IGLL1,VPREB1,HLA-DRA,IRAG2,CD52,HLA-DRB5,LEF1,NIBAN3,CD22
ACH-000021,NCIH1693,NCIH1693_LUNG,Female,Lung Cancer,"Non-Small Cell Lung Cancer (NSCLC), Adenocarcinoma",lung,NSCLC,NSCLC_adenocarcinoma,lung,CST6,KRT81,MAGEA4,CLDN6,C19orf33,ANKRD1,CTAG2,PLAC8,KRTAP2-3,ANO2
ACH-000022,PATU8988S,PATU8988S_PANCREAS,Female,Pancreatic Cancer,"Ductal Adenocarcinoma, exocrine",pancreas,exocrine,exocrine_adenocarcinoma,pancreas,REG4,LGALS4,LYZ,TSPAN8,AGR2,CDH17,CLDN18,GPX2,HMGCS2,ERN2
ACH-000023,PATU8988T,PATU8988T_PANCREAS,Female,Pancreatic Cancer,"Ductal Adenocarcinoma, exocrine",pancreas,exocrine,exocrine_adenocarcinoma,pancreas,MT1E,C19orf33,DYSF,TGM2,KISS1,RBP7,TM4SF19,CYP24A1,SERPINE1,DMKN
ACH-000025,CH157MN,CH157MN_CENTRAL_NERVOUS_SYSTEM,Female,Brain Cancer,Meningioma,central_nervous_system,meningioma,,central_nervous_system,CXCL5,CSF3,CXCL1,CXCL6,IL1B,CLDN11,ECSCR,COL6A3,IL6,CXCL8
ACH-000026,253JBV,253JBV_URINARY_TRACT,Male,Bladder Cancer,Carcinoma,urinary_tract,bladder_carcinoma,,urinary_tract,SPP1,AKR1B10,ALDH1A1,PDZK1IP1,TNFRSF11B,MMP7,CLDN2,VCAM1,IGFN1,CCL2
ACH-000027,GOS3,GOS3_CENTRAL_NERVOUS_SYSTEM,Male,Brain Cancer,Glioblastoma,central_nervous_system,glioma,glioblastoma,central_nervous_system,GFAP,CHI3L1,IGFBP5,CRYAB,PI15,CXCL14,SPARCL1,PDE1C,COL6A1,CLU
ACH-000028,KPL1,KPL1_BREAST,Female,Breast Cancer,Carcinoma,breast,breast_carcinoma,ERpos_HER2neg,breast,TFF1,SPTSSB,GATA3,TFF3,EEF1A2,SPDEF,SULF2,BMP7,CALML5,CLDN3
ACH-000029,HCC827GR5,HCC827GR5_LUNG,Female,Lung Cancer,"Non-Small Cell Lung Cancer (NSCLC), Adenocarcinoma",lung,NSCLC,NSCLC_adenocarcinoma,lung,SFTA2,XAGE1B,LY6D,LRRC6,HPGD,CEACAM6,TFEC,TM4SF18,MUC16,CALB1
ACH-000030,PC14,PC14_LUNG,Male,Lung Cancer,"Non-Small Cell Lung Cancer (NSCLC), Adenocarcinoma",lung,NSCLC,NSCLC_adenocarcinoma,lung,ALDH3A1,KRT13,KLK5,KLK6,UGT1A6,CEACAM6,AKR1C2,AKR1C1,MAL,AKR1C3
ACH-000031,PANC0213,PANC0213_PANCREAS,Female,Pancreatic Cancer,"Ductal Adenocarcinoma, exocrine",pancreas,exocrine,exocrine_adenocarcinoma,pancreas,LCN2,CXCL5,SAA1,WFDC2,IL6,SAA2,CXCL1,C15orf48,SERPINB2,TACSTD2
ACH-000032,MHHCALL3,MHHCALL3_HAEMATOPOIETIC_AND_LYMPHOID_TISSUE,Female,Leukemia,"Acute Lymphoblastic Leukemia (ALL), B-cell",blood,ALL,b_cell,blood,DNTT,TCL1A,IGLL1,VPREB3,IRAG2,VPREB1,CXorf21,CD79B,LCN6,RCSD1
ACH-000033,NCIH1819,NCIH1819_LUNG,Female,Lung Cancer,"Non-Small Cell Lung Cancer (NSCLC), Adenocarcinoma",lung,NSCLC,NSCLC_adenocarcinoma,lung,SLC34A2,FABP3,TNNT2,KRT4,CST6,TNNC1,CLDN6,VGLL1,FTHL17,OLR1
ACH-000034,PLB985,PLB985_HAEMATOPOIETIC_AND_LYMPHOID_TISSUE,Female,Leukemia,Acute Myelogenous Leukemia (AML),blood,AML,,blood,MPO,PRTN3,SRGN,TYROBP,ARMH1,AZU1,DEFA1,CST7,AIF1,PRG2
ACH-000035,NCIH1650,NCIH1650_LUNG,Male,Lung Cancer,"Non-Small Cell Lung Cancer (NSCLC), Adenocarcinoma",lung,NSCLC,NSCLC_adenocarcinoma,lung,KLK5,ALPP,XAGE1B,SPINK6,SLPI,CRABP2,S100A9,TACSTD2,CDH3,IFI27
ACH-000036,U343,U343_CENTRAL_NERVOUS_SYSTEM,Unknown,Brain Cancer,Glioblastoma,central_nervous_system,glioma,glioblastoma,central_nervous_system,COL1A2,COL6A3,PTN,DIO2,SPARC,BGN,COL1A1,TGFBI,THY1,IGFBP5
ACH-000037,S117,S117_THYROID,Female,Sarcoma,Thyroid Sarcoma,soft_tissue,thyroid_sarcoma,,soft_tissue,G0S2,FN1,COL1A2,MMP2,CA9,GREM1,IGFN1,THY1,COL1A1,S100A2
ACH-000038,EHEB,EHEB_HAEMATOPOIETIC_AND_LYMPHOID_TISSUE,Female,Lymphoma,B-cell,lymphocyte,lymphoma_unspecified,b_cell,lymphocyte,HLA-DQA1,CCL3,MS4A1,HLA-DRA,RGS1,CCL4,CD79A,CD74,CD52,CD48
ACH-000039,SKNMC,SKNMC_BONE,Female,Bone Cancer,Ewings Sarcoma,bone,Ewing_sarcoma,,bone,PENK,GRP,CCK,APCDD1,TRMT9B,XAGE1A,XAGE1B,LOXHD1,PRAC1,PPP1R1A
ACH-000040,U118MG,U118MG_CENTRAL_NERVOUS_SYSTEM,Male,Brain Cancer,Astrocytoma,central_nervous_system,glioma,astrocytoma,central_nervous_system,MMP3,COL1A2,NPTX1,FAM180A,MMP1,TMEM158,MMP2,FST,COLEC12,THY1
ACH-000041,RDES,RDES_BONE,Male,Bone Cancer,Ewings Sarcoma,bone,Ewing_sarcoma,,bone,ITM2A,LOXHD1,PRAC1,XAGE1B,CES1,NELL2,CRABP1,XAGE1A,PKP1,PAX7
ACH-000042,PANC0203,PANC0203_PANCREAS,Female,Pancreatic Cancer,"Ductal Adenocarcinoma, exocrine",pancreas,exocrine,exocrine_adenocarcinoma,pancreas,LCN2,KLK6,CAPN8,G0S2,PADI1,CST6,ANPEP,TGM2,MILR1,LAMC2
ACH-000043,HS895T,HS895T_FIBROBLAST,Female,Fibroblast,Skin,fibroblast,fibroblast_skin,,fibroblast,DCN,GREM1,TAGLN,IGFBP5,COL1A2,THY1,SERPINB2,FGF7,TNFRSF11B,ACTG2
ACH-000044,MDAMB134VI,MDAMB134VI_BREAST,Female,Breast Cancer,Breast Ductal Carcinoma,breast,breast_ductal_carcinoma,ERpos_HER2neg,breast,PVALB,MGP,THRSP,ALDH3B2,ANKRD30A,BEX1,PDZK1,KIF12,RERG,SPDEF
ACH-000045,MV411,MV411_HAEMATOPOIETIC_AND_LYMPHOID_TISSUE,Male,Leukemia,Acute Myelogenous Leukemia (AML),blood,AML,,blood,AZU1,PRTN3,LYZ,PPP1R27,MS4A3,MT1G,MS4A6A,PRSS57,APOC2,TYROBP
ACH-000046,ACHN,ACHN_KIDNEY,Male,Kidney Cancer,Renal Cell Carcinoma,kidney,renal_cell_carcinoma,,kidney,RARRES2,PADI3,IGFN1,SPP1,CLDN16,TM4SF4,ALDH1A1,FABP3,GFRA1,KCNIP1
ACH-000048,TOV112D,TOV112D_OVARY,Female,Ovarian Cancer,"Adenocarcinoma, endometrioid",ovary,ovary_adenocarcinoma,endometrioid,ovary,GCG,COL3A1,CEP112,CLDN11,ALDH1A1,APCDD1,PRL,TWIST1,MMP10,CXCL14
ACH-000051,TE617T,TE617T_SOFT_TISSUE,Female,Sarcoma,Rhabdomyosarcoma,soft_tissue,rhabdomyosarcoma,,soft_tissue,PI15,NTS,CD34,SEMA3D,TFPI2,EPHA7,COL14A1,MAGEA4,FSTL5,CALCRL
ACH-000052,A673,A673_BONE,Female,Bone Cancer,Ewings Sarcoma,bone,Ewing_sarcoma,,bone,ITM2A,GRP,CES1,UGT3A2,OLFML3,APCDD1,PRSS35,PKP1,PRAC1,NELL2
ACH-000053,KARPAS299,KARPAS299_HAEMATOPOIETIC_AND_LYMPHOID_TISSUE,Male,Lymphoma,"T-cell, Non-Hodgkins, Anaplastic Large Cell (ALCL)",lymphocyte,non_hodgkin_lymphoma,t_cell_ALCL,lymphocyte,GZMB,HLA-DQA1,HLA-DRA,HLA-DRB5,IL2RA,HLA-DRB1,CD74,SERPINA1,PRF1,HLA-DPA1
ACH-000054,HT1080,HT1080_SOFT_TISSUE,Male,Sarcoma,Fibrosarcoma,soft_tissue,fibrosarcoma,,soft_tissue,DHRS2,KRT81,CTAG2,PAGE5,COL6A3,ACTL8,SSX1,KCNMA1,RGS4,ANPEP
ACH-000055,D283MED,D283MED_CENTRAL_NERVOUS_SYSTEM,Male,Brain Cancer,Medulloblastoma,central_nervous_system,medulloblastoma,med_group_3,central_nervous_system,OTX2,NNAT,MAB21L2,PLP1,TRPM3,CA4,WFIKKN2,LHX8,GUCA1A,NEFH
ACH-000056,DOHH2,DOHH2_HAEMATOPOIETIC_AND_LYMPHOID_TISSUE,Male,Lymphoma,Diffuse Large B-cell Lymphoma (DLBCL),lymphocyte,non_hodgkin_lymphoma,DLBCL,lymphocyte,JCHAIN,CD79A,CD22,MS4A1,IRAG2,RGS13,CD79B,VPREB3,ALOX5,CD37
ACH-000058,ML1,ML1_THYROID,Unknown,Thyroid Cancer,"Carcinoma, follicular",thyroid,thyroid_carcinoma,follicular,thyroid,SST,IGFBP5,TG,CALCB,GPX3,COL3A1,MXRA5,PCSK1,KCNJ16,SULF1
ACH-000059,SUPB15,SUPB15_HAEMATOPOIETIC_AND_LYMPHOID_TISSUE,Male,Leukemia,"Acute Lymphoblastic Leukemia (ALL), B-cell",blood,ALL,b_cell,blood,IGLL1,TCL1A,DNTT,CD52,IGLL5,VPREB1,VPREB3,NIBAN3,CD79A,HLA-DRA
ACH-000060,PANC1005,PANC1005_PANCREAS,Male,Pancreatic Cancer,"Ductal Adenocarcinoma, exocrine",pancreas,exocrine,exocrine_adenocarcinoma,pancreas,CST6,WFDC2,LCN2,KLK6,MUC4,KRT19,F3,KRT8,SNCG,MAL2
ACH-000061,HH,HH_HAEMATOPOIETIC_AND_LYMPHOID_TISSUE,Male,Lymphoma,"T-cell, Non-Hodgkins, Cutaneous",lymphocyte,non_hodgkin_lymphoma,t_cell_cutaneous,lymphocyte,HAND1,TNFRSF8,MSC,UTS2B,CD74,CCR4,TUBA3C,IL2RB,GPR15,HLA-DQA1
ACH-000062,RERFLCMS,RERFLCMS_LUNG,Male,Lung Cancer,"Non-Small Cell Lung Cancer (NSCLC), Adenocarcinoma",lung,NSCLC,NSCLC_adenocarcinoma,lung,MAGEA4,SPP1,VCY,VCY1B,CST1,DIRAS3,GAGE1,GAGE2A,CT45A1,PDK4
ACH-000063,HS616T,HS616T_FIBROBLAST,Male,Fibroblast,Lymphoma,fibroblast,fibroblast_lymphocyte,,fibroblast,COL1A2,DCN,POSTN,COL1A1,COL3A1,GREM1,SERPINB2,MFAP5,SULF1,FBLN2
ACH-000065,OCIAML5,OCIAML5_HAEMATOPOIETIC_AND_LYMPHOID_TISSUE,Male,Leukemia,Acute Myelogenous Leukemia (AML),blood,AML,,blood,PPP1R27,MS4A6A,PRSS57,FCER2,PRG2,GMFG,CCNA1,RNASE2,CSF3R,LYL1
ACH-000066,HCC4006,HCC4006_LUNG,Male,Lung Cancer,"Non-Small Cell Lung Cancer (NSCLC), Adenocarcinoma",lung,NSCLC,NSCLC_adenocarcinoma,lung,CEACAM6,SPOCK2,SLC34A2,SPTSSB,SCGB3A1,IFI27,XAGE1B,KRT7,CST6,AGR2
ACH-000067,HS683,HS683_CENTRAL_NERVOUS_SYSTEM,Male,Brain Cancer,Oligodendroglioma,central_nervous_system,glioma,oligodendroglioma,central_nervous_system,COL1A2,COL6A3,COL1A1,IGFBP5,SLC14A1,CCL2,THY1,DKK3,MMP2,LRRC17
ACH-000068,REC1,REC1_HAEMATOPOIETIC_AND_LYMPHOID_TISSUE,Male,Lymphoma,"B-cell, Non-Hodgkins, Mantle Cell",lymphocyte,non_hodgkin_lymphoma,b_cell_mantle_cell,lymphocyte,IGLL5,FCRL5,CHI3L2,CD79A,TNFRSF13B,PLEK,FCRL3,EBI3,SPIB,MS4A1
ACH-000069,HS611T,HS611T_HAEMATOPOIETIC_AND_LYMPHOID_TISSUE,Female,Lymphoma,"B-cell, Hodgkins",lymphocyte,hodgkin_lymphoma,,lymphocyte,MS4A1,CD79A,HLA-DRA,CD53,JCHAIN,CD52,HLA-DQA1,CD74,CD79B,HLA-DPA1
ACH-000070,697,697_HAEMATOPOIETIC_AND_LYMPHOID_TISSUE,Male,Leukemia,"Acute Lymphoblastic Leukemia (ALL), B-cell",blood,ALL,b_cell,blood,DNTT,IGLL1,IRAG2,VPREB3,VPREB1,TCL1A,RCSD1,CD79A,GMFG,GZMA
ACH-000071,HS706T,HS706T_BONE,Female,Fibroblast,Bone,fibroblast,fibroblast_bone,,fibroblast,COL1A2,COL1A1,POSTN,COL3A1,COL6A3,ITGA11,SULF1,COL11A1,ABI3BP,SPARC
ACH-000072,MEG01,MEG01_HAEMATOPOIETIC_AND_LYMPHOID_TISSUE,Male,Leukemia,Chronic Myelogenous Leukemia (CML),blood,CML,,blood,HBG2,HBA1,HBA2,HBE1,CA1,RPS4Y1,HDC,HBG1,RHAG,CLCA1
ACH-000073,GRANTA519,GRANTA519_HAEMATOPOIETIC_AND_LYMPHOID_TISSUE,Female,Lymphoma,"B-cell, Non-Hodgkins, Mantle Cell",lymphocyte,non_hodgkin_lymphoma,b_cell_mantle_cell,lymphocyte,MS4A1,CCL3,CD79A,HLA-DRA,MZB1,JCHAIN,HLA-DQA1,FCER2,PLEK,CCL4
ACH-000074,KU812,KU812_HAEMATOPOIETIC_AND_LYMPHOID_TISSUE,Male,Leukemia,"Chronic Myelogenous Leukemia (CML), blast crisis",blood,CML,blast_crisis,blood,HBG2,HBB,CA1,HBA1,HBA2,PRSS57,RHAG,GYPA,HDC,KLF1
ACH-000075,U87MG,U87MG_CENTRAL_NERVOUS_SYSTEM,Unknown,Brain Cancer,Astrocytoma,central_nervous_system,glioma,astrocytoma,central_nervous_system,COL6A3,CHI3L1,MMP2,SIGLEC15,HLA-DRB5,TFPI2,IL36B,CSF3,TMEM273,CA9
ACH-000076,NCO2,NCO2_HAEMATOPOIETIC_AND_LYMPHOID_TISSUE,Female,Leukemia,Chronic Myelogenous Leukemia (CML),blood,CML,,blood,HBG2,RHAG,PRG2,CRISP3,APOE,APOC1,KLF1,LYL1,HBA1,AIF1
ACH-000077,MJ,MJ_HAEMATOPOIETIC_AND_LYMPHOID_TISSUE,Male,Lymphoma,"T-cell, Non-Hodgkins, Cutaneous",lymphocyte,non_hodgkin_lymphoma,t_cell_cutaneous,lymphocyte,IL2RA,LTA,OTP,IL9R,CCR4,CCL3,CCR7,RGS1,CCL1,CXCL10
ACH-000078,MHHNB11,MHHNB11_AUTONOMIC_GANGLIA,Male,Neuroblastoma,,peripheral_nervous_system,neuroblastoma,,peripheral_nervous_system,DLK1,STMN2,HAND2,MYCN,STMN4,RGS5,GDAP1L1,PHOX2A,MAB21L2,MAB21L1
ACH-000079,TE125T,TE125T_FIBROBLAST,Female,Fibroblast,Soft tissue,fibroblast,fibroblast_soft_tissue,,fibroblast,PI16,MFAP5,POSTN,COL1A2,DCN,HSPB6,COL1A1,PTX3,COL3A1,ELN
ACH-000080,BDCM,BDCM_HAEMATOPOIETIC_AND_LYMPHOID_TISSUE,Male,Leukemia,"Acute Myelogenous Leukemia (AML), M5 (Eosinophilic/Monocytic)",blood,AML,M5,blood,MS4A1,FCER2,CD48,CD53,PLEK,SLAMF1,HLA-DRA,TNFRSF13B,CCL3,CD79A
ACH-000081,GDM1,GDM1_HAEMATOPOIETIC_AND_LYMPHOID_TISSUE,Female,Leukemia,Acute Myelogenous Leukemia (AML),blood,AML,,blood,AIF1,CD34,CD52,SPINK2,MMRN1,HLA-DRA,LST1,ITM2A,CYTL1,SMIM24
ACH-000082,G292CLONEA141B1,G292CLONEA141B1_BONE,Female,Bone Cancer,Osteosarcoma,bone,osteosarcoma,,bone,LUM,HSPB7,BGN,CRYAB,COL6A3,COL1A2,MMP2,BAALC,ACAN,PRRX1
ACH-000083,HS281T,HS281T_FIBROBLAST,Female,Fibroblast,Breast,fibroblast,fibroblast_breast,,fibroblast,GREM1,COL1A2,SULF1,COL1A1,TAGLN,COL6A3,POSTN,IGFBP5,ACTA2,SERPINE1
ACH-000084,MUTZ3,MUTZ3_HAEMATOPOIETIC_AND_LYMPHOID_TISSUE,Male,Leukemia,Acute Myelogenous Leukemia (AML),blood,AML,,blood,MPO,CLC,AZU1,S100A8,LYZ,STAB1,AIF1,CSF3R,S100A9,SPN
ACH-000085,T3M4,T3M4_PANCREAS,Male,Pancreatic Cancer,"Ductal Adenocarcinoma, exocrine",pancreas,exocrine,exocrine_adenocarcinoma,pancreas,KRT13,KRT6A,LY6D,ALDH3A1,CALB1,LCN2,AGR2,KRT17,DHRS9,CEACAM6
ACH-000086,ACCMESO1,ACCMESO1_PLEURA,Female,Lung Cancer,Mesothelioma,lung,mesothelioma,,lung,PLAC8,CD70,SPARC,RFLNA,MEIOB,IFI27,ARL14EPL,THY1,ANKRD37,BARX1
ACH-000087,SKES1,SKES1_BONE,Male,Bone Cancer,Ewings Sarcoma,bone,Ewing_sarcoma,,bone,SYCP1,PAX7,ITM2A,XAGE1B,OLFML3,XAGE1A,RBM11,CES1,PPP1R1A,MYOM2
ACH-000088,HS172T,HS172T_FIBROBLAST,Male,Fibroblast,Bladder,fibroblast,fibroblast_urinary_tract,,fibroblast,NPY,TRPA1,FGF7,CTSK,WFDC1,HSD17B2,LUM,CHRM2,PCDH18,CXCL8
ACH-000089,NCIH684,NCIH684_LARGE_INTESTINE,Male,Colon/Colorectal Cancer,Adenocarcinoma,colorectal,colorectal_adenocarcinoma,,colorectal,IGF2,LGALS4,FABP1,AGR2,LYZ,VIL1,TSPAN8,CDX1,IFI27,CDH17
ACH-000090,PC3,PC3_PROSTATE,Male,Prostate Cancer,Adenocarcinoma,prostate,prostate_adenocarcinoma,,prostate,PI3,KRT81,MSMP,CALB1,DKK1,SPTSSB,TFF1,G0S2,FST,PRAC1
ACH-000091,OV56,OV56_OVARY,Female,Ovarian Cancer,"Adenocarcinoma, serous",ovary,ovary_adenocarcinoma,serous,ovary,SAA1,SAA2,CLEC4E,CCL20,COLEC10,GREM1,TCIM,TLR2,SPP1,G0S2
ACH-000092,NCIH2452,NCIH2452_PLEURA,Male,Lung Cancer,Mesothelioma,lung,mesothelioma,,lung,PSG1,RARRES2,PSG5,TNXB,EFEMP1,C4A,ABI3BP,CLDN11,IFI27,C4B
ACH-000093,PANC0504,PANC0504_PANCREAS,Female,Pancreatic Cancer,"Ductal Adenocarcinoma, exocrine",pancreas,exocrine,exocrine_adenocarcinoma,pancreas,PSCA,MUCL3,DHRS9,ANXA10,UPK3B,CEACAM6,AGR2,LY6D,S100P,PRSS2
ACH-000094,HPAFII,HPAFII_PANCREAS,Male,Pancreatic Cancer,"Ductal Adenocarcinoma, exocrine",pancreas,exocrine,exocrine_adenocarcinoma,pancreas,LYZ,MMP7,KLK6,CEACAM5,GPX2,TSPAN8,CEACAM6,DHRS9,TM4SF4,RBP1
ACH-000095,D341,D341MED_CENTRAL_NERVOUS_SYSTEM,Male,Brain Cancer,Medulloblastoma,central_nervous_system,medulloblastoma,med_group_3,central_nervous_system,OTX2,SLC13A4,MAB21L2,EFCAB10,TMEM244,SLC38A5,LMO3,PCDH17,CDHR1,CBLN1
ACH-000096,G401,G401_SOFT_TISSUE,Male,Rhabdoid,Malignant Rhabdoid Tumor,kidney,malignant_rhabdoid_tumor,,kidney,COL11A1,CRYAB,GPC3,CD177,LIN28A,PSG9,F2RL2,SNCA,OTX2,GJA1
ACH-000097,ZR751,ZR751_BREAST,Female,Breast Cancer,Breast Ductal Carcinoma,breast,breast_ductal_carcinoma,ERpos_HER2neg,breast,SCGB2A2,AGR2,SCGB1D2,S100A14,TFF1,VTCN1,AGR3,MUCL1,SMIM22,SPDEF
ACH-000098,GAMG,GAMG_CENTRAL_NERVOUS_SYSTEM,Female,Brain Cancer,Glioblastoma,central_nervous_system,glioma,glioblastoma,central_nervous_system,SLC14A1,IL6,CXCL8,SERPINE1,TM4SF19,DNER,STC1,SPANXB1,CXCL5,CSF3
ACH-000099,SIMA,SIMA_AUTONOMIC_GANGLIA,Male,Neuroblastoma,,peripheral_nervous_system,neuroblastoma,,peripheral_nervous_system,SST,DLK1,CHGA,CHGB,IGF2,STMN2,HAND2,PHOX2A,MYCN,NEFM
ACH-000100,RH41,RH41_SOFT_TISSUE,Female,Sarcoma,"Rhabdomyosarcoma, alveolar",soft_tissue,rhabdomyosarcoma,alveolar,soft_tissue,ERVW-1,CPA5,TNNI1,IGF2,CHRNA1,MYOG,ACTC1,MYOD1,STATH,SOX8
ACH-000101,KE37,KE37_HAEMATOPOIETIC_AND_LYMPHOID_TISSUE,Male,Leukemia,"Acute Lymphoblastic Leukemia (ALL), T-cell",blood,ALL,t_cell,blood,CD3D,RETN,CD3E,ITM2A,MZB1,AIF1,LCK,PTPRC,ZAP70,LAIR1
ACH-000102,GMS10,GMS10_CENTRAL_NERVOUS_SYSTEM,Male,Brain Cancer,Glioblastoma,central_nervous_system,glioma,glioblastoma,central_nervous_system,ACTG2,COL1A2,MYL9,COL1A1,BEX1,OAS2,THY1,CHI3L1,TAGLN,SPARC
ACH-000103,CAOV4,CAOV4_OVARY,Female,Ovarian Cancer,"Adenocarcinoma, high grade serous",ovary,ovary_adenocarcinoma,high_grade_serous,ovary,KLK5,KLK6,PTGDS,APOA1,WFDC2,KLK11,KLK8,UPK1B,APOE,SPON1
ACH-000104,LOUCY,LOUCY_HAEMATOPOIETIC_AND_LYMPHOID_TISSUE,Female,Leukemia,"Acute Lymphoblastic Leukemia (ALL), T-cell",blood,ALL,t_cell,blood,IGLL1,CD3D,ITM2A,SELL,CTSG,GZMA,CD3E,SMIM24,CD79A,TSPAN7
ACH-000105,ALLSIL,ALLSIL_HAEMATOPOIETIC_AND_LYMPHOID_TISSUE,Male,Leukemia,"Acute Lymphoblastic Leukemia (ALL), T-cell",blood,ALL,t_cell,blood,CD3D,ITGAL,AIF1,CD7,CD3E,CFTR,TLX1,CD1E,LEF1,GIMAP7
ACH-000106,JVM2,JVM2_HAEMATOPOIETIC_AND_LYMPHOID_TISSUE,Female,Lymphoma,"B-cell, Non-Hodgkins, Mantle Cell",lymphocyte,non_hodgkin_lymphoma,b_cell_mantle_cell,lymphocyte,CCL3,HLA-DQA1,CCL22,HLA-DRA,CCL4L2,CCL4,RGS1,CCR7,CCL3L3,SLAMF1
ACH-000107,CAPAN2,CAPAN2_PANCREAS,Male,Pancreatic Cancer,"Ductal Adenocarcinoma, exocrine",pancreas,exocrine,exocrine_adenocarcinoma,pancreas,RARRES1,KLK6,LCN2,CST6,SNCG,TACSTD2,TGM2,LOXL4,MMP7,FGF19
ACH-000108,KP3,KP3_PANCREAS,Male,Pancreatic Cancer,"Ductal Adenosquamous Carcinoma, exocrine",pancreas,exocrine,exocrine_adenosquamous,pancreas,TM4SF4,CALB2,TNFRSF6B,LGALS2,SNCG,NMUR2,CDHR2,PDZK1IP1,ITGB4,HKDC1
ACH-000109,NCIH3255,NCIH3255_LUNG,Female,Lung Cancer,"Non-Small Cell Lung Cancer (NSCLC), Adenocarcinoma",lung,NSCLC,NSCLC_adenocarcinoma,lung,CEACAM6,S100A9,SFTA2,NAPSA,ADGRF5,CXCL17,SRPX2,SLC34A2,XAGE1B,STEAP4
ACH-000110,NCCSTCK140,NCCSTCK140_STOMACH,Female,Gastric Cancer,Adenocarcinoma,gastric,gastric_adenocarcinoma,,gastric,S100A9,IGF2,FABP4,GJB6,S100A8,KRT13,KRT6A,SPINK5,VCX3A,HCAR2
ACH-000111,HCC1187,HCC1187_BREAST,Female,Breast Cancer,Breast Ductal Carcinoma,breast,breast_ductal_carcinoma,ERneg_HER2neg,breast,MGP,FDCSP,ELN,ODAM,CSN3,RARRES1,BARX2,PNMA5,CRYAB,SULT1E1
ACH-000112,SIGM5,SIGM5_HAEMATOPOIETIC_AND_LYMPHOID_TISSUE,Male,Leukemia,"Acute Myelogenous Leukemia (AML), M5 (Eosinophilic/Monocytic)",blood,AML,M5,blood,MPO,LYZ,RNASE2,PPP1R27,PRTN3,RETN,AZU1,ELANE,AIF1,MNDA
ACH-000113,OCIAML2,OCIAML2_HAEMATOPOIETIC_AND_LYMPHOID_TISSUE,Male,Leukemia,"Acute Myelogenous Leukemia (AML), M4 (Myelomonocytic)",blood,AML,M4,blood,ORM1,LYZ,PPP1R27,AZU1,CTSG,MS4A3,RNASE2,SRGN,TYROBP,CACNA2D4
ACH-000114,SU8686,SU8686_PANCREAS,Female,Pancreatic Cancer,"Ductal Adenocarcinoma, exocrine",pancreas,exocrine,exocrine_adenocarcinoma,pancreas,LCN2,SAA1,SAA2,PRSS2,CXCL5,AGR2,KRT81,PRSS1,S100A9,PRSS22
ACH-000115,VCAP,VCAP_PROSTATE,Male,Prostate Cancer,Adenocarcinoma,prostate,prostate_adenocarcinoma,,prostate,KLK2,NPY,SPON2,ACP3,ITM2A,KLK3,PRAC1,AR,CRISP3,FOLH1
ACH-000116,OAW28,OAW28_OVARY,Female,Ovarian Cancer,"Adenocarcinoma, high grade serous",ovary,ovary_adenocarcinoma,high_grade_serous,ovary,LMO3,CDH6,ERP27,CLDN6,WFDC2,VTCN1,CT45A1,SPON1,CLDN10,TAC1
ACH-000117,EFM192A,EFM192A_BREAST,Female,Breast Cancer,Adenocarcinoma,breast,breast_adenocarcinoma,ERpos_HER2pos,breast,SCGB2A2,KRT81,SPDEF,FXYD3,ERBB2,S100P,S100A14,GRB7,SPTSSB,BCAS1
ACH-000118,HUPT3,HUPT3_PANCREAS,Male,Pancreatic Cancer,"Ductal Adenocarcinoma, exocrine",pancreas,exocrine,exocrine_adenocarcinoma,pancreas,CXCL5,ICAM2,SFTA2,MUCL3,ESM1,AREG,MAL2,CGB5,LY6D,LCN2
ACH-000119,HS863T,HS863T_FIBROBLAST,Female,Fibroblast,Bone,fibroblast,fibroblast_bone,,fibroblast,ELN,GREM1,COL1A2,POSTN,ACAN,DCN,SCUBE3,MFAP5,COL1A1,TAGLN
ACH-000120,CHP212,CHP212_AUTONOMIC_GANGLIA,Male,Neuroblastoma,,peripheral_nervous_system,neuroblastoma,,peripheral_nervous_system,MYCN,CD36,HGF,CRH,COL3A1,SLITRK6,IGF2,LUM,COLEC10,SCG2
ACH-000121,NCIH2405,NCIH2405_LUNG,Male,Lung Cancer,"Non-Small Cell Lung Cancer (NSCLC), Adenocarcinoma",lung,NSCLC,NSCLC_adenocarcinoma,lung,CXCL5,SCG2,SPP1,SUSD2,MMP7,ANPEP,KRT5,IGFBP1,ALDH3A1,THBD
ACH-000122,SUPT11,SUPT11_HAEMATOPOIETIC_AND_LYMPHOID_TISSUE,Male,Leukemia,"Acute Lymphoblastic Leukemia (ALL), T-cell",blood,ALL,t_cell,blood,CD52,PTGDS,CD3D,CD3E,PTPRC,CD5,CD3G,CD6,GMFG,IL10RA
ACH-000123,COV434,COV434_OVARY,Female,Ovarian Cancer,"Adenocarcinoma, endometrioid",ovary,ovary_adenocarcinoma,endometrioid,ovary,NTS,TMEM100,CRYAB,HGF,VGLL2,FAM9C,DSC1,SOX17,GPC4,DSG1
ACH-000124,OCILY19,OCILY19_HAEMATOPOIETIC_AND_LYMPHOID_TISSUE,Female,Lymphoma,Diffuse Large B-cell Lymphoma (DLBCL),lymphocyte,non_hodgkin_lymphoma,DLBCL,lymphocyte,DNTT,IGLL1,VPREB1,HLA-DRA,TCL1A,CD52,TCL1B,SASH3,CD79A,NRN1
ACH-000125,TO175T,TO175T_FIBROBLAST,Male,Fibroblast,Lymphoma,fibroblast,fibroblast_lymphocyte,,fibroblast,DCN,COL1A2,ELN,COL1A1,POSTN,PI16,HSPB7,SULF1,GREM1,CXCL12
ACH-000126,KG1C,KG1C_CENTRAL_NERVOUS_SYSTEM,Male,Brain Cancer,Oligodendroglioma,central_nervous_system,glioma,oligodendroglioma,central_nervous_system,CST1,SERPINE1,IL1B,CCL2,MSMP,IL13RA2,SERPIND1,RPS4Y1,HGF,RTN1
ACH-000127,SLR20,SLR20_KIDNEY,Unknown,Kidney Cancer,Renal Cell Carcinoma,kidney,renal_cell_carcinoma,,kidney,SHISA3,DHRS2,MAGEB2,IL18,IL7R,RFPL4A,KISS1,RTBDN,MT1E,KRT7
ACH-000128,LN319,LN319_CENTRAL_NERVOUS_SYSTEM,Male,Brain Cancer,Astrocytoma,central_nervous_system,glioma,astrocytoma,central_nervous_system,DLK1,CXCL14,PDPN,CCL2,PRSS35,MFAP5,SCG2,SOX2,TNC,RBP1
ACH-000129,NCIH1341,NCIH1341_LUNG,Female,Lung Cancer,Small Cell Lung Cancer (SCLC),lung,SCLC,,lung,KRT14,CHI3L1,UGT1A6,AKR1B10,KRT5,PRAC1,SPARCL1,CPLX2,ELN,NEFH
ACH-000130,NALM19,NALM19_HAEMATOPOIETIC_AND_LYMPHOID_TISSUE,Male,Leukemia,"Acute Lymphoblastic Leukemia (ALL), B-cell",blood,ALL,b_cell,blood,DNTT,IGLL1,VPREB1,TCL1A,LEF1,PROM1,IRAG2,KCNK9,VAT1L,RCSD1
ACH-000131,HS229T,HS229T_FIBROBLAST,Male,Fibroblast,Lung,fibroblast,fibroblast_lung,,fibroblast,GREM1,COL1A2,DCN,CXCL12,TAGLN,HSPB6,COL1A1,G0S2,SFRP1,CCL2
ACH-000132,JHOS2,JHOS2_OVARY,Female,Ovarian Cancer,"Adenocarcinoma, high grade serous",ovary,ovary_adenocarcinoma,high_grade_serous,ovary,MAL,KLK5,SPOCK2,CST6,FOLR1,MT1G,LCN2,TACSTD2,KRT7,SPON1
ACH-000133,HS729,HS729_SOFT_TISSUE,Male,Fibroblast,Soft tissue,fibroblast,fibroblast_soft_tissue,,fibroblast,COL3A1,POSTN,COL1A2,COL1A1,GREM1,DCN,PTX3,SULF1,ITGA11,SPARC
ACH-000134,HS274T,HS274T_FIBROBLAST,Female,Fibroblast,Breast,fibroblast,fibroblast_breast,,fibroblast,SERPINB2,ELN,COL1A2,PTX3,COL1A1,GREM1,RGS4,CD248,DCN,IGFBP5
ACH-000135,HS940T,HS940T_FIBROBLAST,Male,Fibroblast,Skin,fibroblast,fibroblast_skin,,fibroblast,COL1A2,ACAN,ACTA2,POSTN,COL1A1,TAGLN,GREM1,BGN,COL3A1,SPARC
ACH-000136,CHP126,CHP126_AUTONOMIC_GANGLIA,Female,Neuroblastoma,,peripheral_nervous_system,neuroblastoma,,peripheral_nervous_system,HAND2,MYCN,DDX1,PHOX2B,ARHGAP36,PHOX2A,PRPH,MAB21L2,TLX2,CHGA
ACH-000137,8MGBA,8MGBA_CENTRAL_NERVOUS_SYSTEM,Female,Brain Cancer,Astrocytoma,central_nervous_system,glioma,astrocytoma,central_nervous_system,CHI3L1,RARRES2,XAGE1B,VCX3A,MAGEA4,GAGE2E,GAGE1,PTGDS,TUBA3C,POSTN
ACH-000138,CFPAC1,CFPAC1_PANCREAS,Male,Pancreatic Cancer,"Ductal Adenocarcinoma, exocrine",pancreas,exocrine,exocrine_adenocarcinoma,pancreas,MMP7,PADI1,LCN2,TM4SF4,DEFB1,GABRP,ANXA10,TCN1,AQP5,CEACAM6
ACH-000139,PANC0327,PANC0327_PANCREAS,Female,Pancreatic Cancer,"Ductal Adenocarcinoma, exocrine",pancreas,exocrine,exocrine_adenocarcinoma,pancreas,C6orf15,KLK10,IFI27,CST6,KRT7,KLK6,HSD11B1,G0S2,FGFBP1,CXorf49
ACH-000140,PFEIFFER,PFEIFFER_HAEMATOPOIETIC_AND_LYMPHOID_TISSUE,Male,Lymphoma,Diffuse Large B-cell Lymphoma (DLBCL),lymphocyte,non_hodgkin_lymphoma,DLBCL,lymphocyte,CCL17,CD79B,JCHAIN,HLA-DRA,CD52,HLA-DQA1,MS4A1,TNFRSF17,CD8A,CD74
ACH-000141,SNU308,SNU308_BILIARY_TRACT,Unknown,Gallbladder Cancer,Adenocarcinoma,bile_duct,gallbladder_adenocarcinoma,,bile_duct,ALDH3A1,KRT6A,AKR1B10,KRT4,SPP1,S100A2,GPX2,CEACAM5,PNMA5,AKR1C2
ACH-000142,CAL29,CAL29_URINARY_TRACT,Female,Bladder Cancer,Transitional Cell Carcinoma,urinary_tract,bladder_carcinoma,bladder_transitional_cell,urinary_tract,KRT5,KRT13,UPK1B,KRT17,KRT4,UGT1A10,GKN1,IVL,ACKR3,HCAR2
ACH-000143,HCC2429,HCC2429_LUNG,Female,Lung Cancer,"Non-Small Cell Lung Cancer (NSCLC), unspecified",lung,NSCLC,,lung,NTS,ALB,SPINK6,SELENOP,SERPINB12,DCN,HPGD,AFP,PPBP,SERPINB5
ACH-000144,RERFGC1B,RERFGC1B_STOMACH,Male,Gastric Cancer,Adenocarcinoma,gastric,gastric_adenocarcinoma,,gastric,IGF2,VCX3A,SEMA3D,ALPG,CXCL14,TNNT3,LGALS14,MFAP5,CYP26A1,COMP
ACH-000145,SKLMS1,SKLMS1_SOFT_TISSUE,Female,Sarcoma,Leiomyosarcoma,soft_tissue,leiomyosarcoma,,soft_tissue,SPANXA2,SPANXA1,SPANXB1,SPANXC,SPANXD,COL1A2,SERPINB2,COL6A3,ANPEP,SERPINB7
ACH-000146,THP1,THP1_HAEMATOPOIETIC_AND_LYMPHOID_TISSUE,Male,Leukemia,"Acute Myelogenous Leukemia (AML), M5 (Eosinophilic/Monocytic)",blood,AML,M5,blood,CTSG,AZU1,PRTN3,ELANE,CHI3L1,RNASE2,MS4A6A,APOC2,CA2,PLD4
ACH-000147,T47D,T47D_BREAST,Female,Breast Cancer,Breast Ductal Carcinoma,breast,breast_ductal_carcinoma,ERpos_HER2neg,breast,PIP,SERPINA6,MGP,AGR2,PRLR,AGR3,GATA3,KRT19,IGFBP5,SPDEF
ACH-000148,HS578T,HS578T_BREAST,Female,Breast Cancer,Carcinoma,breast,breast_carcinoma,ERneg_HER2neg,breast,POSTN,COL1A2,COL6A3,COL3A1,KRT14,ACTG2,COL1A1,SULF1,THY1,TAGLN
ACH-000149,SKNSH,SKNSH_AUTONOMIC_GANGLIA,Female,Neuroblastoma,,peripheral_nervous_system,neuroblastoma,,peripheral_nervous_system,SCG2,COL3A1,HAND2,C7,POSTN,SERPINE1,PHOX2A,RGS5,RGS4,STMN2
ACH-000150,HCC2935,HCC2935_LUNG,Male,Lung Cancer,"Non-Small Cell Lung Cancer (NSCLC), Adenocarcinoma",lung,NSCLC,NSCLC_adenocarcinoma,lung,CEACAM6,PRODH,SFTA2,RNASE1,AGR2,ADGRF5,CST1,NAPSA,PLAT,CAPN8
ACH-000151,JM1,JM1_HAEMATOPOIETIC_AND_LYMPHOID_TISSUE,Male,Leukemia,"Acute Lymphoblastic Leukemia (ALL), B-cell",blood,ALL,b_cell,blood,TCL1B,JCHAIN,CD79B,IGLL1,TCL1A,IRAG2,RUBCNL,CD79A,HLA-DRA,NIBAN3
ACH-000152,M059K,M059K_CENTRAL_NERVOUS_SYSTEM,Male,Brain Cancer,Glioblastoma,central_nervous_system,glioma,glioblastoma,central_nervous_system,NPPB,HAPLN1,CD36,TAGLN,ACTG2,COL1A2,POSTN,IGFBP5,BEX1,PSG4
ACH-000153,NCIH2052,NCIH2052_PLEURA,Male,Lung Cancer,Mesothelioma,lung,mesothelioma,,lung,PSG5,ESM1,THY1,NPPB,SERPINB2,CPA4,MMP1,AOX1,PSG4,HBB
ACH-000154,HS888T,HS888T_FIBROBLAST,Male,Fibroblast,Bone,fibroblast,fibroblast_bone,,fibroblast,DCN,COL1A2,SFRP1,GREM1,THY1,COL6A3,COL1A1,HSPB6,FOSB,RGS4
ACH-000155,SW1990,SW1990_PANCREAS,Male,Pancreatic Cancer,"Ductal Adenocarcinoma, exocrine",pancreas,exocrine,exocrine_adenocarcinoma,pancreas,CALB1,KISS1,IFI27,TNFRSF6B,TGM2,MFAP5,CGB5,S100A4,RBP1,C19orf33
ACH-000156,MHHCALL4,MHHCALL4_HAEMATOPOIETIC_AND_LYMPHOID_TISSUE,Male,Leukemia,"Acute Lymphoblastic Leukemia (ALL), B-cell",blood,ALL,b_cell,blood,TCL1A,DNTT,IGLL1,JCHAIN,VPREB3,NIBAN3,ARMH1,CD79A,VPREB1,HLA-DRA
ACH-000157,A4FUK,A4FUK_HAEMATOPOIETIC_AND_LYMPHOID_TISSUE,Female,Lymphoma,Diffuse Large B-cell Lymphoma (DLBCL),lymphocyte,non_hodgkin_lymphoma,DLBCL,lymphocyte,MZB1,JCHAIN,IRF4,CD38,CTAG2,LAG3,IL2RB,AMPD1,CD4,VCX3A
ACH-000158,OCILY3,OCILY3_HAEMATOPOIETIC_AND_LYMPHOID_TISSUE,Male,Lymphoma,Diffuse Large B-cell Lymphoma (DLBCL),lymphocyte,non_hodgkin_lymphoma,DLBCL,lymphocyte,NIBAN3,SPIB,CD37,CLECL1,CXCL13,MS4A1,TFEC,NCF2,SELL,CT45A1
ACH-000159,OSRC2,OSRC2_KIDNEY,Male,Kidney Cancer,Renal Cell Carcinoma,kidney,renal_cell_carcinoma,,kidney,GAL3ST1,FGB,IGFBP3,IGFN1,IL6,RARRES2,PTHLH,C5orf46,SERPINE1,NDUFA4L2
ACH-000160,BT12,BT12_SOFT_TISSUE,Female,Rhabdoid,Atypical Teratoid Rhabdoid Tumor (ATRT),soft_tissue,ATRT,,soft_tissue,DLK1,MYL2,PSG1,PPP1R14A,C15orf48,ARSI,SOST,LY6D,CPXM1,CRABP2
ACH-000161,CORL105,CORL105_LUNG,Male,Lung Cancer,"Non-Small Cell Lung Cancer (NSCLC), Adenocarcinoma",lung,NSCLC,NSCLC_adenocarcinoma,lung,HLA-DRA,HLA-DRB1,CD74,TFPI2,VCY1B,HLA-DPA1,HLA-DPB1,HLA-DQA1,VCY,TM4SF4
ACH-000162,GA10,GA10_HAEMATOPOIETIC_AND_LYMPHOID_TISSUE,Male,Lymphoma,"B-cell, Non-Hodgkins, Burkitts",lymphocyte,non_hodgkin_lymphoma,b_cell_burkitt,lymphocyte,TCL1A,IGLL5,JCHAIN,CD79A,CD79B,CD52,MS4A1,FCRLA,IRF8,NIBAN3
ACH-000163,SW579,SW579_THYROID,Male,Thyroid Cancer,Squamous Cell Carcinoma,thyroid,thyroid_squamous,,thyroid,COL1A2,BGN,COL6A3,COL1A1,THY1,GREM1,SLC14A1,CYTL1,TMEM119,PDGFRA
ACH-000164,PANC1,PANC1_PANCREAS,Male,Pancreatic Cancer,"Ductal Adenocarcinoma, exocrine",pancreas,exocrine,exocrine_adenocarcinoma,pancreas,PPP1R14A,CCL2,FBXO27,ANPEP,FBXO17,LXN,CRABP2,KRT19,PLEKHG2,DKK1
ACH-000165,HS751T,HS751T_FIBROBLAST,Male,Fibroblast,Lymphoma,fibroblast,fibroblast_lymphocyte,,fibroblast,ELN,COL1A2,POSTN,COL1A1,ACTA2,TAGLN,DCN,COL3A1,ACAN,RGS4
ACH-000166,KASUMI6,KASUMI6_HAEMATOPOIETIC_AND_LYMPHOID_TISSUE,Male,Leukemia,"Acute Myelogenous Leukemia (AML), M2 (Myeloblastic)",blood,AML,M2,blood,PRSS57,SRGN,APOC2,CTSG,AZU1,NCF4,STAB1,CTSW,AIF1,IGLL1
ACH-000168,NOMO1,NOMO1_HAEMATOPOIETIC_AND_LYMPHOID_TISSUE,Female,Leukemia,"Acute Myelogenous Leukemia (AML), M5 (Eosinophilic/Monocytic)",blood,AML,M5,blood,LYZ,CTSG,DEFB1,ELANE,RNASE2,MPO,AIF1,HLA-DRA,PRTN3,SRGN
ACH-000169,RD,RD_SOFT_TISSUE,Female,Sarcoma,"Rhabdomyosarcoma, embryonal",soft_tissue,rhabdomyosarcoma,embryonal,soft_tissue,COL3A1,IGF2,DES,CHRNA1,ACTC1,MYL1,MYLPF,TNNI1,MYH3,TNNT2
ACH-000171,VMRCRCZ,VMRCRCZ_KIDNEY,Unknown,Kidney Cancer,Renal Cell Carcinoma,kidney,renal_cell_carcinoma,,kidney,SLC17A3,FXYD2,AKR1B10,UGT1A9,CLDN2,SPP1,RELN,FN1,IGFN1,NPNT
ACH-000172,TM87,TM87_SOFT_TISSUE,Unknown,Rhabdoid,Malignant Rhabdoid Tumor,soft_tissue,malignant_rhabdoid_tumor,,soft_tissue,PENK,MGP,MYOC,NEFM,DCN,COL3A1,POSTN,ALDH1A1,OLFML2B,NEFL
ACH-000173,JHUEM3,JHUEM3_ENDOMETRIUM,Female,Endometrial/Uterine Cancer,Endometrial Adenocarcinoma,uterus,endometrial_adenocarcinoma,,uterus,HTN3,AMTN,SPP1,MMP7,WFDC2,VCAM1,KRT23,SERPINA1,KLK6,CLDN6
ACH-000174,CAL62,CAL62_THYROID,Female,Thyroid Cancer,"Carcinoma, anaplastic",thyroid,thyroid_carcinoma,anaplastic,thyroid,G0S2,MT1E,MT2A,TDRD9,KRTAP2-3,RNF212,PAEP,PDPN,TGM2,PLAU
ACH-000175,TE159T,TE159T_FIBROBLAST,Male,Fibroblast,Soft tissue,fibroblast,fibroblast_soft_tissue,,fibroblast,ELN,COL1A2,COMP,THBS4,PRELP,PENK,SFRP2,COL1A1,MFAP5,PRG4
ACH-000176,LOUNH91,LOUNH91_LUNG,Female,Lung Cancer,"Non-Small Cell Lung Cancer (NSCLC), Squamous Cell Carcinoma",lung,NSCLC,NSCLC_squamous,lung,POSTN,SERPINE1,SPANXA2,SPANXB1,SPANXA1,PSG4,DHRS2,TGFBI,SPANXD,GFRA1
ACH-000177,NCIH660,NCIH660_PROSTATE,Male,Prostate Cancer,Small Cell Carcinoma,prostate,prostate_small_cell,,prostate,ASCL1,CEACAM6,CEACAM5,CALML3,GPC3,NKX2-1,SLC34A2,FXYD6,CPLX2,TMEM179
ACH-000178,HS766T,HS766T_PANCREAS,Male,Pancreatic Cancer,"Ductal Adenocarcinoma, exocrine",pancreas,exocrine,exocrine_adenocarcinoma,pancreas,KRT5,ECSCR,ALDH3A1,KRT14,MGP,KISS1,GKN2,ANXA8,TIMP3,TNFRSF6B
ACH-000179,NCIH1618,NCIH1618_LUNG,Female,Lung Cancer,Small Cell Lung Cancer (SCLC),lung,SCLC,,lung,DLK1,GHRH,KRT40,PCSK2,ASCL1,INSM1,KLK12,KLK11,PCP4,OTX2
ACH-000180,HS839T,HS839T_FIBROBLAST,Female,Fibroblast,Skin,fibroblast,fibroblast_skin,,fibroblast,COL1A2,DCN,ELN,PENK,COL1A1,ACAN,COL6A3,CD248,POSTN,MFAP5
ACH-000181,SCC9,SCC9_UPPER_AERODIGESTIVE_TRACT,Male,Head and Neck Cancer,Squamous Cell Carcinoma,upper_aerodigestive,upper_aerodigestive_squamous,,upper_aerodigestive,KRT14,S100A7,KRT6A,KRTDAP,LCE3D,PI3,SPRR1B,KRT5,S100A8,S100A9
ACH-000182,SNU869,SNU869_BILIARY_TRACT,Unknown,Bile Duct Cancer,"Cholangiocarcinoma, extrahepatic",bile_duct,cholangiocarcinoma,extrahepatic,bile_duct,LCN2,MMP7,KLK6,KRT23,SERPINA3,TCN1,RNASE1,AQP5,RARRES1,RBP1
ACH-000184,HS343T,HS343T_FIBROBLAST,Female,Fibroblast,Breast,fibroblast,fibroblast_breast,,fibroblast,COL1A2,GREM1,COL1A1,COL3A1,THY1,TIMP3,SULF1,DCN,LOX,TAGLN
ACH-000185,HS737T,HS737T_FIBROBLAST,Female,Fibroblast,Bone,fibroblast,fibroblast_bone,,fibroblast,COL1A2,POSTN,COL1A1,ELN,GREM1,TAGLN,ITGA11,ACTA2,BGN,COL6A3
ACH-000186,NCIH2444,NCIH2444_LUNG,Male,Lung Cancer,"Non-Small Cell Lung Cancer (NSCLC), unspecified",lung,NSCLC,,lung,LCN2,SAA1,SAA2,XAGE1B,CXCL1,RBP1,IL1B,C15orf48,WFDC2,INHBA
ACH-000187,CORL311,CORL311_LUNG,Male,Lung Cancer,Small Cell Lung Cancer (SCLC),lung,SCLC,,lung,RGS13,MYMX,POU2F3,CPLX3,C11orf53,AVIL,PSD2,BMX,AZGP1,SPIB
ACH-000188,SCC25,SCC25_UPPER_AERODIGESTIVE_TRACT,Male,Head and Neck Cancer,Squamous Cell Carcinoma,upper_aerodigestive,upper_aerodigestive_squamous,,upper_aerodigestive,KRT14,KRT5,KRT6A,IFI27,COL17A1,KRT17,MMP9,S100A2,SAA1,KRT6B
ACH-000189,RCC10RGB,RCC10RGB_KIDNEY,Male,Kidney Cancer,Renal Cell Carcinoma,kidney,renal_cell_carcinoma,,kidney,IGFBP3,PDZK1IP1,SERPINE1,NDUFA4L2,GAL3ST1,ACKR3,RRAD,IGFN1,UGT1A9,C15orf48
ACH-000190,HDMYZ,HDMYZ_HAEMATOPOIETIC_AND_LYMPHOID_TISSUE,Male,Lymphoma,"B-cell, Hodgkins",lymphocyte,hodgkin_lymphoma,,lymphocyte,HBE1,PRAC1,ESM1,MT1A,ANPEP,CXCL6,STC1,HLA-DRB1,SFRP1,OSTN
ACH-000191,BHT101,BHT101_THYROID,Female,Thyroid Cancer,"Carcinoma, papillary",thyroid,thyroid_carcinoma,papillary,thyroid,CFB,VCAM1,PAEP,UBD,PAGE5,CST1,XAGE1B,XAGE1A,CTAG2,TNFRSF4
ACH-000192,MFE280,MFE280_ENDOMETRIUM,Female,Endometrial/Uterine Cancer,Endometrial Adenocarcinoma,uterus,endometrial_adenocarcinoma,,uterus,SPAG11B,SPON1,PTGDS,LYPD1,SPAG11A,PAX8,SLPI,WFDC2,SEMA5B,S100A1
ACH-000194,HS934T,HS934T_FIBROBLAST,Female,Fibroblast,Skin,fibroblast,fibroblast_skin,,fibroblast,COL1A2,ELN,GREM1,DCN,COL1A1,COL6A3,COMP,ACAN,MFAP5,HSPB6
ACH-000195,SET2,SET2_HAEMATOPOIETIC_AND_LYMPHOID_TISSUE,Female,Leukemia,Acute Myelogenous Leukemia (AML),blood,AML,,blood,HBA1,HBA2,HBG2,CA1,FCER1A,HDC,HBB,MYL4,ITGA2B,CD36
ACH-000196,HCC1599,HCC1599_BREAST,Female,Breast Cancer,Breast Ductal Carcinoma,breast,breast_ductal_carcinoma,ERneg_HER2neg,breast,AZGP1,OBP2B,KRT5,AARD,KRT75,KRT16,CALCB,CRYAB,KRT23,MMP7
ACH-000197,TALL1,TALL1_HAEMATOPOIETIC_AND_LYMPHOID_TISSUE,Male,Leukemia,"Acute Lymphoblastic Leukemia (ALL), T-cell",blood,ALL,t_cell,blood,CD3D,CHI3L2,CD3E,MZB1,CD300A,AIF1,CD7,EPHB6,LCK,ZAP70
ACH-000198,EOL1,EOL1_HAEMATOPOIETIC_AND_LYMPHOID_TISSUE,Male,Leukemia,"Acute Myelogenous Leukemia (AML), M5 (Eosinophilic/Monocytic)",blood,AML,M5,blood,PRSS57,ITGAL,AIF1,PPP1R27,LAIR1,HLA-DRA,LYZ,AZU1,MS4A6A,TYROBP
ACH-000199,HS255T,HS255T_FIBROBLAST,Female,Fibroblast,Colorectal,fibroblast,fibroblast_colorectal,,fibroblast,DCN,IGFBP5,GREM1,ACAN,COL1A2,SULF1,TMEM176B,ACTG2,THY1,ELN
ACH-000200,NMCG1,NMCG1_CENTRAL_NERVOUS_SYSTEM,Female,Brain Cancer,Glioblastoma,central_nervous_system,glioma,glioblastoma,central_nervous_system,SPP1,LRRC17,MFAP5,DKK3,FLG,SCG2,THBS1,EFEMP1,PTN,IL13RA2
ACH-000201,A204,A204_SOFT_TISSUE,Female,Rhabdoid,Malignant Rhabdoid Tumor,soft_tissue,malignant_rhabdoid_tumor,,soft_tissue,CRH,PENK,MGP,COL11A1,DLK1,FGFBP2,PEG3,HGF,FIBIN,HPD
ACH-000202,COLO320,COLO320_LARGE_INTESTINE,Female,Colon/Colorectal Cancer,Adenocarcinoma,colorectal,colorectal_adenocarcinoma,,colorectal,CDX2,CD36,HDC,APCDD1,SELENBP1,ABCB1,THBS4,AXIN2,LRATD2,PRSS56
ACH-000203,NH6,NH6_AUTONOMIC_GANGLIA,Female,Neuroblastoma,,peripheral_nervous_system,neuroblastoma,,peripheral_nervous_system,VIP,CYRIA,PHOX2A,MYCN,STMN2,HAND2,MARCHF11,PRPH,PHOX2B,ELAVL4
ACH-000205,PK59,PK59_PANCREAS,Female,Pancreatic Cancer,"Ductal Adenocarcinoma, exocrine",pancreas,exocrine,exocrine_adenocarcinoma,pancreas,KRT86,KRT13,WFDC2,KRT6A,TH,S100P,CEACAM6,HSPA6,CALB1,MUC4
ACH-000206,C8166,C8166_HAEMATOPOIETIC_AND_LYMPHOID_TISSUE,Unknown,Lymphoma,ATL,lymphocyte,ATL,,lymphocyte,CD5,LSP1,IRF4,IL2RA,TNNI2,CD48,HLA-DQA1,BCL2A1,LTA,LAPTM5
ACH-000207,DETROIT562,DETROIT562_UPPER_AERODIGESTIVE_TRACT,Female,Head and Neck Cancer,"Squamous Cell Carcinoma, pharynx",upper_aerodigestive,upper_aerodigestive_squamous,pharynx,upper_aerodigestive,CST6,KRT5,FGFBP1,S100A9,LCN2,CYP24A1,EFEMP1,CLDN11,S100A2,MMP10
ACH-000208,U178,U178_CENTRAL_NERVOUS_SYSTEM,Male,Brain Cancer,Glioblastoma,central_nervous_system,glioma,glioblastoma,central_nervous_system,COL1A2,COL1A1,COL3A1,THY1,MMP2,COL6A3,POSTN,SIGLEC15,SERPINE1,ANPEP
ACH-000209,SNU1079,SNU1079_BILIARY_TRACT,Male,Bile Duct Cancer,"Cholangiocarcinoma, intrahepatic",bile_duct,cholangiocarcinoma,intrahepatic,bile_duct,CLDN2,KRT81,TM4SF4,SPP1,PADI1,UGT1A9,FXYD2,MMP7,RPS4Y1,CDH16
ACH-000210,CADOES1,CADOES1_BONE,Female,Bone Cancer,Ewings Sarcoma,bone,Ewing_sarcoma,,bone,PKP1,DACT2,APCDD1,SEZ6L,KRT40,FABP6,NEFM,CDX2,UGT3A2,KCNE4
ACH-000211,DAOY,DAOY_CENTRAL_NERVOUS_SYSTEM,Male,Brain Cancer,Medulloblastoma,central_nervous_system,medulloblastoma,,central_nervous_system,PAGE5,CCL2,COL1A2,COL1A1,COL6A3,SPANXB1,FN1,TGFBI,CGB5,LRRC17
ACH-000212,CAL120,CAL120_BREAST,Female,Breast Cancer,Carcinoma,breast,breast_carcinoma,ERneg_HER2neg,breast,SFRP1,PSG9,PSG1,PSG5,PSG2,OXTR,PSG11,NPTX1,KISS1,ABI3BP
ACH-000213,HUPT4,HUPT4_PANCREAS,Male,Pancreatic Cancer,"Ductal Adenocarcinoma, exocrine",pancreas,exocrine,exocrine_adenocarcinoma,pancreas,KRT13,WFDC2,RARRES1,LCN2,S100P,SPTSSB,AGR2,C15orf48,TACSTD2,PLAAT4
ACH-000214,HS675T,HS675T_FIBROBLAST,Male,Fibroblast,Colorectal,fibroblast,fibroblast_colorectal,,fibroblast,NPY,TMEM176B,TMEM176A,WFDC1,PLAT,CCL2,TNFRSF11B,COL1A2,TRPA1,THY1
ACH-000215,LN382,LN382_CENTRAL_NERVOUS_SYSTEM,Male,Brain Cancer,Glioblastoma,central_nervous_system,glioma,glioblastoma,central_nervous_system,COL1A2,COL6A3,HGF,THY1,PTN,BGN,TMEM119,PCDH18,TNFRSF11B,COL1A1
ACH-000216,JHESOAD1,JHESOAD1_OESOPHAGUS,Male,Esophageal Cancer,Adenocarcinoma,esophagus,esophagus_adenocarcinoma,,esophagus,HSD11B1,C6orf15,KRT81,UPK1B,KLK6,FGFBP1,ADGRF1,CST6,VGLL1,TACSTD2
ACH-000217,JHH6,JHH6_LIVER,Female,Liver Cancer,Hepatocellular Carcinoma,liver,hepatocellular_carcinoma,,liver,AKR1B10,GREM1,NCF2,CTAG1B,ANXA8L1,CES1,AKR1C2,ALDH3A1,KRT81,ANXA8
ACH-000218,PL21,PL21_HAEMATOPOIETIC_AND_LYMPHOID_TISSUE,Male,Leukemia,"Acute Myelogenous Leukemia (AML), M3 (Promyelocytic)",blood,AML,M3,blood,MPO,LYZ,CTSG,PRTN3,AZU1,CHI3L1,ELANE,LST1,ALOX5AP,MS4A3
ACH-000219,A375,A375_SKIN,Female,Skin Cancer,Melanoma,skin,melanoma,,skin,MAGEA4,MIA,PAGE5,IL13RA2,XAGE1B,SOX10,SERPINA3,PAGE2,HLA-DRA,CD74
ACH-000220,MINO,MINO_HAEMATOPOIETIC_AND_LYMPHOID_TISSUE,Male,Lymphoma,"B-cell, Non-Hodgkins, Mantle Cell",lymphocyte,non_hodgkin_lymphoma,b_cell_mantle_cell,lymphocyte,TCL1A,CD52,CD79A,NIBAN3,CCL3,MS4A1,CCL4L2,CCL4,JCHAIN,CD79B
ACH-000221,SNU398,SNU398_LIVER,Male,Liver Cancer,Hepatocellular Carcinoma,liver,hepatocellular_carcinoma,,liver,GCG,COL3A1,GAGE2E,GAGE2A,GAGE1,EPHA7,AXIN2,GAGE13,PCDH9,XAGE1B
ACH-000222,ASPC1,ASPC1_PANCREAS,Female,Pancreatic Cancer,"Ductal Adenocarcinoma, exocrine",pancreas,exocrine,exocrine_adenocarcinoma,pancreas,TSPAN8,LYZ,IGFBP1,CDH17,CEACAM6,CEACAM5,LGALS4,TMEM176B,TMEM176A,GCNT3
ACH-000223,HCC1937,HCC1937_BREAST,Female,Breast Cancer,Breast Ductal Carcinoma,breast,breast_ductal_carcinoma,ERneg_HER2neg,breast,KLK5,RARRES1,PI3,KLK10,KLK6,KRT16,LCN2,KRT15,KLK7,FXYD3
ACH-000224,HS819T,HS819T_FIBROBLAST,Male,Fibroblast,Bone,fibroblast,fibroblast_bone,,fibroblast,COMP,COL1A2,COL1A1,ACAN,ELN,MFAP5,FN1,CD248,HSPB7,PTX3
ACH-000225,ECC12,ECC12_STOMACH,Male,Gastric Cancer,Small Cell Carcinoma,gastric,gastric_small_cell,,gastric,IGF2,CHGA,AMBP,ASCL1,TMEM176A,SYT4,TM4SF4,AGT,SERPINA1,SCGN
ACH-000226,SUPM2,SUPM2_HAEMATOPOIETIC_AND_LYMPHOID_TISSUE,Female,Lymphoma,"T-cell, Non-Hodgkins, Anaplastic Large Cell (ALCL)",lymphocyte,non_hodgkin_lymphoma,t_cell_ALCL,lymphocyte,GZMB,IL17F,G0S2,IL2RA,PRF1,SERPINA1,MYO1G,HLA-DRA,NAPSA,ZBED2
ACH-000227,KPNYN,KPNYN_AUTONOMIC_GANGLIA,Male,Neuroblastoma,,peripheral_nervous_system,neuroblastoma,,peripheral_nervous_system,MYCN,CHGA,HAND2,PHOX2A,CHGB,STMN2,TH,MAB21L1,CHRNA3,RTN1
ACH-000228,BICR31,BICR31_UPPER_AERODIGESTIVE_TRACT,Male,Head and Neck Cancer,"Squamous Cell Carcinoma, oral",upper_aerodigestive,upper_aerodigestive_squamous,oral,upper_aerodigestive,KRT5,KRT17,KRT6A,SAA1,SPRR1B,FXYD3,SAA2,KRT4,LY6D,SLPI
ACH-000229,HS822T,HS822T_FIBROBLAST,Female,Fibroblast,Bone,fibroblast,fibroblast_bone,,fibroblast,COL1A2,COMP,ELN,GREM1,PTX3,POSTN,CEMIP,COL1A1,ACAN,MFAP5
ACH-000230,HS742T,HS742T_FIBROBLAST,Female,Fibroblast,Breast,fibroblast,fibroblast_breast,,fibroblast,POSTN,COL1A2,COL3A1,IGFBP5,COL1A1,SERPINE1,GREM1,SULF1,LOX,SPARC
ACH-000231,KALS1,KALS1_CENTRAL_NERVOUS_SYSTEM,Female,Brain Cancer,Glioblastoma,central_nervous_system,glioma,glioblastoma,central_nervous_system,ACTG2,COL1A2,COL8A1,IFI27,NPPB,SPANXA2,CNN1,ACTA2,KRT81,SPARC
ACH-000232,U251MG,U251MG_CENTRAL_NERVOUS_SYSTEM,Male,Brain Cancer,Astrocytoma,central_nervous_system,glioma,astrocytoma,central_nervous_system,GFAP,GPM6B,CNR1,CAPS,S100B,THY1,FABP7,GPM6A,CRYAB,ABI3BP
ACH-000233,DEL,DEL_HAEMATOPOIETIC_AND_LYMPHOID_TISSUE,Male,Lymphoma,"T-cell, Non-Hodgkins, Anaplastic Large Cell (ALCL)",lymphocyte,non_hodgkin_lymphoma,t_cell_ALCL,lymphocyte,SERPINA1,IL2RA,GZMB,G0S2,IL1R2,NKG7,MYO1G,BATF3,PRF1,GPR84
ACH-000234,CAKI2,CAKI2_KIDNEY,Male,Kidney Cancer,"Renal Carcinoma, clear cell",kidney,renal_cell_carcinoma,clear_cell,kidney,SPP1,AKR1C1,AKR1B10,SST,IGFN1,CST2,FXYD2,MMP7,AKR1C2,ALDH1A1
ACH-000235,PANC0403,PANC0403_PANCREAS,Male,Pancreatic Cancer,"Ductal Adenocarcinoma, exocrine",pancreas,exocrine,exocrine_adenocarcinoma,pancreas,KRT81,KLK6,KLK5,MMP7,ALDH3A1,CST6,LCN2,KLK10,KRT7,ALDH1A3
ACH-000236,SW1417,SW1417_LARGE_INTESTINE,Female,Colon/Colorectal Cancer,Adenocarcinoma,colorectal,colorectal_adenocarcinoma,,colorectal,CPLX2,KRT20,PHGR1,KLK6,KLK10,RBP1,APCDD1,HEPHL1,SCG2,NOTUM
ACH-000237,JHOM1,JHOM1_OVARY,Female,Ovarian Cancer,"Adenocarcinoma, mucinous",ovary,ovary_adenocarcinoma,mucinous,ovary,RBP2,CES1,SPP1,IFI27,AKR1C1,DIO2,C1S,IGFN1,TSPAN7,AKR1C3
ACH-000238,SCC4,SCC4_UPPER_AERODIGESTIVE_TRACT,Male,Head and Neck Cancer,"Squamous Cell Carcinoma, oral",upper_aerodigestive,upper_aerodigestive_squamous,oral,upper_aerodigestive,KRT14,KRT6A,KRT5,COL17A1,LAMC2,SAA1,FGFBP1,PTHLH,C3,LY6D
ACH-000239,HUG1N,HUG1N_STOMACH,Male,Gastric Cancer,"Adenocarcinoma, tubular",gastric,gastric_adenocarcinoma,tubular,gastric,PIGR,LGALS4,AGR2,REG4,TFF1,AGR3,TFF2,LYZ,TSPAN8,CTSE
ACH-000240,HS600T,HS600T_FIBROBLAST,Male,Fibroblast,Skin,fibroblast,fibroblast_skin,,fibroblast,COL1A2,POSTN,GREM1,ELN,COL1A1,MFAP5,SCUBE3,DCN,COL3A1,PTX3
ACH-000241,JK1,JK1_HAEMATOPOIETIC_AND_LYMPHOID_TISSUE,Male,Leukemia,"Chronic Myelogenous Leukemia (CML), blast crisis",blood,CML,blast_crisis,blood,HBG2,HBA2,HBA1,HBB,CA1,AHSP,SLC4A1,HBG1,ALAS2,GYPA
ACH-000242,RT4,RT4_URINARY_TRACT,Male,Bladder Cancer,Transitional Cell Carcinoma,urinary_tract,bladder_carcinoma,bladder_transitional_cell,urinary_tract,FABP4,CST1,DHRS2,S100A2,HPGD,SPINK1,SPTSSB,ADIRF,UGT1A10,GPX2
ACH-000243,DANG,DANG_PANCREAS,Female,Pancreatic Cancer,"Ductal Adenocarcinoma, exocrine",pancreas,exocrine,exocrine_adenocarcinoma,pancreas,GIMAP4,PTHLH,TM4SF18,KRT6A,ECSCR,CDH5,PRSS3,ESAM,IL1A,SOX7
ACH-000244,DKMG,DKMG_CENTRAL_NERVOUS_SYSTEM,Female,Brain Cancer,Glioblastoma,central_nervous_system,glioma,glioblastoma,central_nervous_system,COL1A2,COL3A1,POSTN,COL1A1,BGN,SPARC,COL6A3,VCAM1,COL6A2,LUM
ACH-000245,BL41,BL41_HAEMATOPOIETIC_AND_LYMPHOID_TISSUE,Male,Lymphoma,"B-cell, Non-Hodgkins, Burkitts",lymphocyte,non_hodgkin_lymphoma,b_cell_burkitt,lymphocyte,CD79A,TCL1A,CD79B,JCHAIN,IGLL5,CD52,FCRLA,MS4A1,IGLL1,MZB1
ACH-000246,SLR23,SLR23_KIDNEY,Unknown,Kidney Cancer,Renal Cell Carcinoma,kidney,renal_cell_carcinoma,,kidney,FXYD2,AKR1B10,PADI3,VCAM1,CLDN2,HAVCR1,RARRES2,SPP1,IGFN1,THY1
ACH-000247,OCUM1,OCUM1_STOMACH,Female,Gastric Cancer,Adenocarcinoma,gastric,gastric_adenocarcinoma,diffuse_gastric,gastric,LYZ,TM4SF4,PHGR1,GPX2,ALDH3A1,KRT20,LIPC,PRAP1,KLK6,DIO3
ACH-000248,AU565,AU565_BREAST,Female,Breast Cancer,Adenocarcinoma,breast,breast_adenocarcinoma,ERneg_HER2pos,breast,DHRS2,S100A9,S100A8,SUSD2,KRT81,XAGE1B,VCX3A,S100P,CTAG2,KRT4
ACH-000249,CL11,CL11_LARGE_INTESTINE,Male,Colon/Colorectal Cancer,Adenocarcinoma,colorectal,colorectal_adenocarcinoma,,colorectal,CSN3,KRT23,KRT20,CST1,ODAM,AREG,EPS8L3,TSPAN8,ADIRF,PRR9
ACH-000250,KMRC20,KMRC20_KIDNEY,Unknown,Kidney Cancer,Renal Cell Carcinoma,kidney,renal_cell_carcinoma,,kidney,RARRES2,SPP1,FXYD2,AKR1B10,IGFN1,UGT1A9,CRYAB,GAL3ST1,BHMT2,HAVCR1
ACH-000251,NCIH2887,NCIH2887_LUNG,Male,Lung Cancer,"Non-Small Cell Lung Cancer (NSCLC), unspecified",lung,NSCLC,,lung,MMP1,CST1,PPP1R14A,IGFBP1,TFF2,AGR2,AKR1C2,UPK1B,C19orf33,CST2
ACH-000252,LS1034,LS1034_LARGE_INTESTINE,Male,Colon/Colorectal Cancer,Adenocarcinoma,colorectal,colorectal_adenocarcinoma,,colorectal,PHGR1,FABP1,LGALS4,IGF2,DPEP1,LY6G6D,TSPAN8,CDX1,EPS8L3,KRT20
ACH-000253,COLO201,COLO201_LARGE_INTESTINE,Male,Colon/Colorectal Cancer,Adenocarcinoma,colorectal,colorectal_adenocarcinoma,,colorectal,PRSS2,STYXL2,FGF19,LYZ,KRT6B,CALML3,LCK,EPHB6,KLK6,GPX2
ACH-000254,SCC15,SCC15_UPPER_AERODIGESTIVE_TRACT,Male,Head and Neck Cancer,Squamous Cell Carcinoma,upper_aerodigestive,upper_aerodigestive_squamous,,upper_aerodigestive,SAA2,SAA1,S100A9,LCN2,S100A8,KRT6A,KRT5,S100A7,KRT17,CXCL1
ACH-000255,LMSU,LMSU_STOMACH,Female,Gastric Cancer,Adenocarcinoma,gastric,gastric_adenocarcinoma,,gastric,CGB8,COL6A3,MAGEA4,CXCL5,CXCL1,RARRES2,COL1A2,DIO2,COL1A1,BIRC3
ACH-000256,COV318,COV318_OVARY,Female,Ovarian Cancer,"Adenocarcinoma, high grade serous",ovary,ovary_adenocarcinoma,high_grade_serous,ovary,SSX4,UPK3B,IFI27,SLPI,DPPA4,SERPINE3,FGF18,NLRP2,COL11A1,IFI6
ACH-000257,CORL279,CORL279_LUNG,Male,Lung Cancer,Small Cell Lung Cancer (SCLC),lung,SCLC,,lung,HEPACAM2,DLK1,SCGN,NEUROD1,PPP1R17,PCSK1,INSM1,RGS4,PCP4,CHGA
ACH-000258,DU4475,DU4475_BREAST,Female,Breast Cancer,Carcinoma,breast,breast_carcinoma,ERneg_HER2neg,breast,DKK4,CST1,VIP,CALML5,APOC2,PNMT,CPLX2,SERPINI1,FGL2,PPP1R1B
ACH-000259,KELLY,KELLY_AUTONOMIC_GANGLIA,Female,Neuroblastoma,,peripheral_nervous_system,neuroblastoma,,peripheral_nervous_system,CHGA,DLK1,MYCN,RGS5,RGS4,NSG2,STMN2,PHOX2A,HAND2,IGF2
ACH-000260,SKNAS,SKNAS_AUTONOMIC_GANGLIA,Female,Neuroblastoma,,peripheral_nervous_system,neuroblastoma,,peripheral_nervous_system,NPY,VIP,RGS5,HGF,C7,IL13RA2,HAND2,CRABP1,CYGB,MAB21L2
ACH-000261,RERFLCAI,RERFLCAI_LUNG,Unknown,Lung Cancer,"Non-Small Cell Lung Cancer (NSCLC), Squamous Cell Carcinoma",lung,NSCLC,NSCLC_squamous,lung,XAGE1B,KISS1,XAGE1A,SERPINE1,CCDC80,RBP7,TNFSF4,OXTR,KRTAP2-3,MOK
ACH-000262,UOK101,UOK101_KIDNEY,Female,Kidney Cancer,Renal Cell Carcinoma,kidney,renal_cell_carcinoma,,kidney,GAL3ST1,SPP1,APOL1,TM4SF18,FN1,IGFN1,MAGEB2,PDZK1IP1,HAVCR1,FXYD2
ACH-000263,KASUMI1,KASUMI1_HAEMATOPOIETIC_AND_LYMPHOID_TISSUE,Male,Leukemia,"Acute Myelogenous Leukemia (AML), M2 (Myeloblastic)",blood,AML,M2,blood,MPO,PRTN3,ELANE,PRSS57,AZU1,CSF3R,ARMH1,TRH,GMFG,CLEC5A
ACH-000264,CALU6,CALU6_LUNG,Female,Lung Cancer,"Non-Small Cell Lung Cancer (NSCLC), unspecified",lung,NSCLC,,lung,FABP4,REN,RGS1,SCG2,IGFBP5,PRSS21,FOXR1,CACNA2D4,SERPINF1,LYPD6B
ACH-000265,KP4,KP4_PANCREAS,Male,Pancreatic Cancer,"Ductal Adenocarcinoma, exocrine",pancreas,exocrine,exocrine_adenocarcinoma,pancreas,HGF,RGS4,KLRC2,IGSF10,SEMA3E,SPP1,KLRC4,APOE,NR2F1,BRINP3
ACH-000266,SNU213,SNU213_PANCREAS,Male,Pancreatic Cancer,"Ductal Adenocarcinoma, exocrine",pancreas,exocrine,exocrine_adenocarcinoma,pancreas,LCN2,WFDC2,CXCL5,C3,KRT23,MUC4,RNASE1,KRT7,TMPRSS4,RARRES1
ACH-000267,HDLM2,HDLM2_HAEMATOPOIETIC_AND_LYMPHOID_TISSUE,Male,Lymphoma,"B-cell, Hodgkins",lymphocyte,hodgkin_lymphoma,,lymphocyte,CCL17,HLA-DQA1,HLA-DRA,HLA-DRB1,CCR7,CD74,ALOX5AP,IL2RA,HLA-DPA1,COL6A5
ACH-000268,SNU245,SNU245_BILIARY_TRACT,Unknown,Bile Duct Cancer,"Cholangiocarcinoma, extrahepatic",bile_duct,cholangiocarcinoma,extrahepatic,bile_duct,FABP1,LYZ,PHGR1,LGALS4,PPP1R1B,TSPAN8,GPX2,TM4SF4,KLK6,VIL1
ACH-000269,AM38,AM38_CENTRAL_NERVOUS_SYSTEM,Male,Brain Cancer,Glioblastoma,central_nervous_system,glioma,glioblastoma,central_nervous_system,VCX3A,KRT81,ESM1,KRTAP2-3,MMP1,G0S2,MMP3,VCX,PTX3,CPA4
ACH-000270,HPAC,HPAC_PANCREAS,Female,Pancreatic Cancer,"Ductal Adenocarcinoma, exocrine",pancreas,exocrine,exocrine_adenocarcinoma,pancreas,PSCA,CEACAM6,CEACAM5,PHACTR3,MUC1,KRT13,MSLN,ALPP,PADI1,SCNN1A
ACH-000271,SUDHL10,SUDHL10_HAEMATOPOIETIC_AND_LYMPHOID_TISSUE,Male,Lymphoma,Diffuse Large B-cell Lymphoma (DLBCL),lymphocyte,non_hodgkin_lymphoma,DLBCL,lymphocyte,MS4A1,CD22,CD79A,TNNI1,CD52,MEF2B,LSP1,VPREB3,CD79B,CD48
ACH-000272,SLR24,SLR24_KIDNEY,Unknown,Kidney Cancer,Renal Cell Carcinoma,kidney,renal_cell_carcinoma,,kidney,CLDN2,UGT1A9,HAVCR1,IGFN1,SPP1,PSG4,UGT1A6,NNMT,GAL3ST1,TM4SF18
ACH-000273,SF539,SF539_CENTRAL_NERVOUS_SYSTEM,Female,Brain Cancer,Glioma,central_nervous_system,glioma,,central_nervous_system,COL3A1,IFI27,COL1A2,IFI6,COL1A1,MX1,CHI3L1,CCN4,HSPB7,RSAD2
ACH-000274,HS852T,HS852T_SKIN,Male,Skin Cancer,Melanoma,skin,melanoma,,skin,S100B,HLA-DRA,MIA,HLA-DQA1,HLA-DRB1,IL24,CD74,PLP1,HLA-DPB1,HLA-DPA1
ACH-000275,HS834T,HS834T_FIBROBLAST,Female,Fibroblast,Skin,fibroblast,fibroblast_skin,,fibroblast,COL1A2,HSPB6,DCN,CD248,SERPINB2,KRT14,COL1A1,PTX3,MFAP5,GREM1
ACH-000276,HCC38,HCC38_BREAST,Female,Breast Cancer,Breast Ductal Carcinoma,breast,breast_ductal_carcinoma,ERneg_HER2neg,breast,MGP,ELN,KLK5,KRT5,KRT81,IGFBP5,MMP7,WFDC2,PCDH8,EFEMP1
ACH-000277,HCC1419,HCC1419_BREAST,Female,Breast Cancer,Breast Ductal Carcinoma,breast,breast_ductal_carcinoma,ERpos_HER2pos,breast,TFF1,PSCA,PNMT,TFF3,SPDEF,BCAS1,KRT15,PRR15L,ADIRF,EFHD1
ACH-000278,COV362,COV362_OVARY,Female,Ovarian Cancer,"Adenocarcinoma, high grade serous",ovary,ovary_adenocarcinoma,high_grade_serous,ovary,PNOC,RARRES2,FAM107A,SPON1,FABP3,S100A1,MAL,CHRDL1,KRT4,RBP1
ACH-000279,EWS502,EWS502_BONE,Unknown,Bone Cancer,Ewings Sarcoma,bone,Ewing_sarcoma,,bone,RARRES2,XAGE1B,CCK,XAGE1A,MBD3L3,UGT3A2,PRAC1,GRP,UTS2,LOXHD1
ACH-000280,SNU840,SNU840_OVARY,Female,Ovarian Cancer,"Carcinoma, brenner",ovary,brenner_tumor,,ovary,KRT81,KRT5,KRT7,HSD3B1,SPINK6,KLK5,IFI27,PADI3,TGM2,MFAP5
ACH-000281,KP2,KP2_PANCREAS,Female,Pancreatic Cancer,"Ductal Adenocarcinoma, exocrine",pancreas,exocrine,exocrine_adenocarcinoma,pancreas,KLK6,KRT13,UGT1A10,RNASE1,PLAT,SNCG,KRT5,ANXA8L1,LY6D,VGLL1
ACH-000282,NCIH1755,NCIH1755_LUNG,Female,Lung Cancer,"Non-Small Cell Lung Cancer (NSCLC), Adenocarcinoma",lung,NSCLC,NSCLC_adenocarcinoma,lung,CALCA,MAGEA4,AKR1B10,PAGE2B,SPANXB1,SSX1,XAGE1B,CTAG2,CTAG1A,PTPRN
ACH-000283,A1207,A1207_CENTRAL_NERVOUS_SYSTEM,Female,Brain Cancer,Glioblastoma,central_nervous_system,glioma,glioblastoma,central_nervous_system,CLDN11,ESM1,MMP1,TNFSF4,TGM2,THY1,LRRC17,SERPINE1,CPA4,KRT81
ACH-000284,HS840T,HS840T_FIBROBLAST,Male,Fibroblast,Upper aerodigestive,fibroblast,fibroblast_upper_aerodigestive,,fibroblast,COL1A2,IGFBP5,DCN,PSG1,MMP3,GREM1,THY1,MMP1,COL1A1,TNFRSF11B
ACH-000285,TOLEDO,TOLEDO_HAEMATOPOIETIC_AND_LYMPHOID_TISSUE,Female,Lymphoma,Diffuse Large B-cell Lymphoma (DLBCL),lymphocyte,non_hodgkin_lymphoma,DLBCL,lymphocyte,TCL1B,IGLL1,JCHAIN,TCL1A,CD79B,DTX1,NIBAN3,CD79A,VPREB3,RUBCNL
ACH-000286,SNU1033,SNU1033_LARGE_INTESTINE,Female,Colon/Colorectal Cancer,Adenocarcinoma,colorectal,colorectal_adenocarcinoma,,colorectal,C6orf15,IGF2,FABP1,FGF19,LYZ,KLK6,DPEP1,TMEM176A,TMEM176B,APCDD1
ACH-000287,NUDUL1,NUDUL1_HAEMATOPOIETIC_AND_LYMPHOID_TISSUE,Male,Lymphoma,Diffuse Large B-cell Lymphoma (DLBCL),lymphocyte,non_hodgkin_lymphoma,DLBCL,lymphocyte,TCL1A,JCHAIN,NIBAN3,CD79B,IGLL1,DTX1,CD52,HLA-DRA,RUBCNL,CD79A
ACH-000288,BT549,BT549_BREAST,Female,Breast Cancer,Breast Ductal Carcinoma,breast,breast_ductal_carcinoma,ERneg_HER2neg,breast,SPON2,CXCL1,ANPEP,CHRDL1,CXCL5,FBLN2,THY1,COL1A2,RAMP1,MGP
ACH-000289,SNU466,SNU466_CENTRAL_NERVOUS_SYSTEM,Male,Brain Cancer,Glioblastoma,central_nervous_system,glioma,glioblastoma,central_nervous_system,S100B,COL11A1,MPZ,COL1A2,THY1,SERPINE2,PMP22,MIA,SOX10,SPARC
ACH-000290,NCIH209,NCIH209_LUNG,Male,Lung Cancer,Small Cell Lung Cancer (SCLC),lung,SCLC,,lung,GRP,TAGLN3,ASCL1,INSM1,GALNT9,PCP4,MYCL,CXCL14,PCSK2,HES6
ACH-000291,OV90,OV90_OVARY,Female,Ovarian Cancer,"Adenocarcinoma, high grade serous",ovary,ovary_adenocarcinoma,high_grade_serous,ovary,SERPIND1,TFF1,CCL26,TCN1,SPINK1,CLCA1,MSMB,LYZ,PRSS2,NTS
ACH-000292,NCIH841,NCIH841_LUNG,Male,Lung Cancer,Small Cell Lung Cancer (SCLC),lung,SCLC,,lung,ALDH1A1,GAP43,MAGEA4,CT45A1,FAM9C,CLDN6,CT45A3,SOX2,DPEP3,RPS4Y1
ACH-000293,KLE,KLE_ENDOMETRIUM,Female,Endometrial/Uterine Cancer,Endometrial Adenocarcinoma,uterus,endometrial_adenocarcinoma,,uterus,SPOCK2,FLG,UPK3B,MYL7,TAGLN,TNNT2,KRT6A,WFDC2,RAPGEF3,CRIP1
ACH-000294,NB4,NB4_HAEMATOPOIETIC_AND_LYMPHOID_TISSUE,Female,Leukemia,"Acute Myelogenous Leukemia (AML), M3 (Promyelocytic)",blood,AML,M3,blood,MPO,PRG2,PRTN3,AIF1,RETN,RNASE2,CYTL1,RHOXF2B,PRSS57,SRGN
ACH-000295,EM2,EM2_HAEMATOPOIETIC_AND_LYMPHOID_TISSUE,Female,Leukemia,"Chronic Myelogenous Leukemia (CML), blast crisis",blood,CML,blast_crisis,blood,MPO,PRTN3,CTSG,ELANE,PRSS57,RETN,SRGN,CST7,AZU1,LYZ
ACH-000296,OUMS23,OUMS23_LARGE_INTESTINE,Male,Colon/Colorectal Cancer,Adenocarcinoma,colorectal,colorectal_adenocarcinoma,,colorectal,CLDN6,ERVW-1,VCX3A,ERVH48-1,TAC3,FOLR1,PRAP1,CST1,APOE,APOA2
ACH-000297,NCIH889,NCIH889_LUNG,Female,Lung Cancer,Small Cell Lung Cancer (SCLC),lung,SCLC,,lung,GRP,CHGA,ASCL1,MS4A8,MYCL,NOL4,SYT4,IGFBPL1,MS4A15,SCGN
ACH-000298,NCIH2029,NCIH2029_LUNG,Female,Lung Cancer,Small Cell Lung Cancer (SCLC),lung,SCLC,,lung,ASCL1,NSG2,NPTX1,CEACAM5,CALCA,ST18,SCGN,GRIK3,KLK11,MS4A8
ACH-000299,HNT34,HNT34_HAEMATOPOIETIC_AND_LYMPHOID_TISSUE,Female,Leukemia,"Acute Myelogenous Leukemia (AML), M4 (Myelomonocytic)",blood,AML,M4,blood,AIF1,CD52,S100B,SLC2A5,LST1,SPINK2,STAB1,CD34,CRISP3,NCF4
ACH-000300,SLR25,SLR25_KIDNEY,Unknown,Kidney Cancer,Renal Cell Carcinoma,kidney,renal_cell_carcinoma,,kidney,KRT34,UPK1B,NPPB,KRT81,CA9,SPANXB1,ANXA8,PTGIS,TM4SF4,GAL3ST1
ACH-000301,LAMA84,LAMA84_HAEMATOPOIETIC_AND_LYMPHOID_TISSUE,Female,Leukemia,"Chronic Myelogenous Leukemia (CML), blast crisis",blood,CML,blast_crisis,blood,HBG2,MS4A3,HBE1,HDC,PRSS57,LAPTM5,RHAG,TPSAB1,ITGA2B,CSF2RB
ACH-000302,SNU1077,SNU1077_ENDOMETRIUM,Female,Endometrial/Uterine Cancer,Mullerian Carcinoma,uterus,mullerian_carcinoma,,uterus,MMP7,NKAIN4,LTB,CSH1,CSH2,COL11A1,RARRES2,CLDN6,COL4A1,CDH6
ACH-000303,SNU5,SNU5_STOMACH,Female,Gastric Cancer,Adenocarcinoma,gastric,gastric_adenocarcinoma,,gastric,LGALS2,KRT20,TNFRSF6B,LGALS4,PPP1R1B,TM4SF18,TM4SF4,TMEM176B,CDH17,TSPAN8
ACH-000304,WM115,WM115_SKIN,Female,Skin Cancer,Melanoma,skin,melanoma,,skin,S100B,MMP1,CYTL1,CD36,AQP1,APOD,PTPRZ1,GAS7,SPARC,VIPR1
ACH-000305,ECGI10,ECGI10_OESOPHAGUS,Male,Esophageal Cancer,Squamous Cell Carcinoma,esophagus,esophagus_squamous,,esophagus,LCN2,KRT17,KRT5,IL1RL1,KRT6A,KRT14,IL1B,CALB1,IL1A,PI3
ACH-000306,HS688AT,HS688AT_FIBROBLAST,Male,Fibroblast,Skin,fibroblast,fibroblast_skin,,fibroblast,COL1A2,GREM1,HSPB7,COL1A1,FN1,TAGLN,COMP,SULF1,FGF7,PSG5
ACH-000307,PK1,PK1_PANCREAS,Male,Pancreatic Cancer,"Ductal Adenocarcinoma, exocrine",pancreas,exocrine,exocrine_adenocarcinoma,pancreas,KRT13,KRT5,CEACAM6,LY6D,KLK6,KRT7,CST6,UPK3B,ANXA8L1,PADI3
ACH-000308,EFO21,EFO21_OVARY,Female,Ovarian Cancer,"Adenocarcinoma, clear cell",ovary,ovary_adenocarcinoma,clear_cell,ovary,PTX3,TFPI2,IL1A,CLDN16,SPP1,ANKRD1,CXCL1,EDN1,TNFSF18,CXCL8
ACH-000310,IMR32,IMR32_AUTONOMIC_GANGLIA,Male,Neuroblastoma,,peripheral_nervous_system,neuroblastoma,,peripheral_nervous_system,MYCN,NNAT,PHOX2B,HAND2,SSTR2,PHOX2A,NEUROD1,TLX2,IGFBPL1,MAB21L1
ACH-000311,NCIH2122,NCIH2122_LUNG,Female,Lung Cancer,"Non-Small Cell Lung Cancer (NSCLC), Adenocarcinoma",lung,NSCLC,NSCLC_adenocarcinoma,lung,S100A9,ALDH3A1,AKR1B10,KRT81,AKR1C1,AKR1C2,TFF1,SPP1,CEACAM6,S100P
ACH-000312,SKNBE2,SKNBE2_AUTONOMIC_GANGLIA,Male,Neuroblastoma,,peripheral_nervous_system,neuroblastoma,,peripheral_nervous_system,MYCN,NPY,RGS5,HAND2,STMN2,NSG2,PHOX2A,PRPH,MAB21L2,MAB21L1
ACH-000313,KMRC3,KMRC3_KIDNEY,Male,Kidney Cancer,"Renal Carcinoma, clear cell",kidney,renal_cell_carcinoma,clear_cell,kidney,IFI27,HAVCR1,TAGLN,C5orf46,IGFBP7,COL4A1,LOXL2,LOX,EDIL3,SPP1
ACH-000314,HCC2108,HCC2108_LUNG,Male,Lung Cancer,"Non-Small Cell Lung Cancer (NSCLC), Adenocarcinoma",lung,NSCLC,NSCLC_adenocarcinoma,lung,CXCL5,XAGE1B,VCAM1,C15orf48,IL1B,CXCL1,CSF3,HGF,CCL2,TFPI2
ACH-000315,KARPAS422,KARPAS422_HAEMATOPOIETIC_AND_LYMPHOID_TISSUE,Female,Lymphoma,Diffuse Large B-cell Lymphoma (DLBCL),lymphocyte,non_hodgkin_lymphoma,DLBCL,lymphocyte,FCRLB,CD79B,FCGR2B,POU2AF1,SIGLEC10,MS4A1,CD37,CD52,CD79A,VPREB3
ACH-000316,SNU886,SNU886_LIVER,Male,Liver Cancer,Hepatocellular Carcinoma,liver,hepatocellular_carcinoma,,liver,ALB,RARRES2,KRT20,CCN5,APOE,GREM1,ALDH1A1,HPGD,SELENOP,AMBP
ACH-000317,TUHR14TKB,TUHR14TKB_KIDNEY,Male,Kidney Cancer,Renal Cell Carcinoma,kidney,renal_cell_carcinoma,,kidney,RARRES2,IGFBP3,PDZK1IP1,GAL3ST1,SLC34A2,HAVCR1,FABP7,FXYD2,APOL1,ALDH1A1
ACH-000318,TE10,TE10_OESOPHAGUS,Male,Esophageal Cancer,Squamous Cell Carcinoma,esophagus,esophagus_squamous,,esophagus,LGALS7B,KRT6A,KRT17,MAGEA4,S100A2,KRT14,KRT5,LY6K,GAGE1,FGFBP1
ACH-000319,MPP89,MPP89_PLEURA,Male,Lung Cancer,Mesothelioma,lung,mesothelioma,,lung,NPPB,BEX1,ACTG2,CNN1,POSTN,MGARP,IFI27,DIO2,GREM1,KISS1
ACH-000320,PSN1,PSN1_PANCREAS,Male,Pancreatic Cancer,"Ductal Adenocarcinoma, exocrine",pancreas,exocrine,exocrine_adenocarcinoma,pancreas,PRSS2,MMP1,MUC5AC,TFF2,TFF3,ANXA10,TFF1,NTS,NOX5,DHRS9
ACH-000321,MOLM6,MOLM6_HAEMATOPOIETIC_AND_LYMPHOID_TISSUE,Male,Leukemia,"Chronic Myelogenous Leukemia (CML), blast crisis",blood,CML,blast_crisis,blood,PRSS57,AIF1,CSF3R,GMFG,PTPN7,CD34,CA2,PRAM1,CD52,AVP
ACH-000322,HT144,HT144_SKIN,Male,Skin Cancer,Melanoma,skin,melanoma,,skin,S100B,HLA-DRA,SERPINE2,COL9A3,CD74,MIA,PAGE5,SOX10,SSX2B,TF
ACH-000323,42MGBA,42MGBA_CENTRAL_NERVOUS_SYSTEM,Male,Brain Cancer,Astrocytoma,central_nervous_system,glioma,astrocytoma,central_nervous_system,COL6A3,COL3A1,COL1A2,THY1,OLFML3,CXCL12,CCN4,TMEM119,COL1A1,TGFBI
ACH-000324,JHOC5,JHOC5_OVARY,Female,Ovarian Cancer,"Adenocarcinoma, clear cell",ovary,ovary_adenocarcinoma,clear_cell,ovary,SPP1,CLDN16,CXCL5,MAGEA4,FXYD2,CTAG2,HAVCR1,FGB,MAGEA9B,PAX8
ACH-000325,SNU620,SNU620_STOMACH,Female,Gastric Cancer,Adenocarcinoma,gastric,gastric_adenocarcinoma,,gastric,PGC,LYZ,OLFM4,BPIFB1,CTSE,CEACAM5,AGR2,ODAM,C6orf132,AGR3
ACH-000326,JURLMK1,JURLMK1_HAEMATOPOIETIC_AND_LYMPHOID_TISSUE,Male,Leukemia,"Chronic Myelogenous Leukemia (CML), blast crisis",blood,CML,blast_crisis,blood,TPSAB1,TPSB2,TPSD1,GFI1B,ITGA2B,PRG2,CD69,LMO2,LCP2,LAT
ACH-000327,NCIH1395,NCIH1395_LUNG,Female,Lung Cancer,"Non-Small Cell Lung Cancer (NSCLC), Adenocarcinoma",lung,NSCLC,NSCLC_adenocarcinoma,lung,SCGB2A2,CCN3,CALCA,TFF1,AGR2,CEACAM5,FXYD4,CPS1,CGA,FGG
ACH-000328,LN215,LN215_CENTRAL_NERVOUS_SYSTEM,Female,Brain Cancer,Glioblastoma,central_nervous_system,glioma,glioblastoma,central_nervous_system,CPA4,PAGE2,CHI3L1,COL1A2,MAGEC2,RARRES2,IFI27,MX1,IL13RA2,IFI44L
ACH-000329,CCFSTTG1,CCFSTTG1_CENTRAL_NERVOUS_SYSTEM,Female,Brain Cancer,Astrocytoma,central_nervous_system,glioma,astrocytoma,central_nervous_system,LBP,COL1A2,IGFBP5,COL6A3,CXCL12,DCN,COL6A2,COL1A1,ACTG2,C1R
ACH-000330,EFM19,EFM19_BREAST,Female,Breast Cancer,Breast Ductal Carcinoma,breast,breast_ductal_carcinoma,ERpos_HER2neg,breast,SPTSSB,SCGB2A2,COL2A1,TFF1,AGR2,TAL1,IGFBP5,KCNF1,TFF3,S100A14
ACH-000331,ISTMES2,ISTMES2_PLEURA,Male,Lung Cancer,Mesothelioma,lung,mesothelioma,,lung,CCL2,UPK3B,ALDH1A2,CDH11,BDKRB1,ANXA8,RPS4Y1,CALB2,ANXA8L1,PTGIS
ACH-000332,YAPC,YAPC_PANCREAS,Male,Pancreatic Cancer,"Ductal Adenocarcinoma, exocrine",pancreas,exocrine,exocrine_adenocarcinoma,pancreas,TFF2,TFF3,AGR2,RNASE1,LY6D,S100A4,PLCH2,TMPRSS4,CP,S100P
ACH-000333,JHOM2B,JHOM2B_OVARY,Female,Ovarian Cancer,"Adenocarcinoma, mucinous",ovary,ovary_adenocarcinoma,mucinous,ovary,CEACAM5,LGALS4,TSPAN8,KRT20,CEACAM6,PHGR1,REG4,VIL1,AGR2,EPS8L3
ACH-000334,DB,DB_HAEMATOPOIETIC_AND_LYMPHOID_TISSUE,Male,Lymphoma,Diffuse Large B-cell Lymphoma (DLBCL),lymphocyte,non_hodgkin_lymphoma,DLBCL,lymphocyte,MS4A1,CD52,RGS13,CD79A,CD37,CD79B,TNNI1,VPREB3,TCL1A,FCRLA
ACH-000335,MSTO211H,MSTO211H_PLEURA,Male,Lung Cancer,Mesothelioma,lung,mesothelioma,,lung,ESM1,SERPINB2,PTX3,IL1B,CLDN11,TNFRSF6B,IL1A,RPS4Y1,CXCL8,NPTX1
ACH-000336,OCIAML3,OCIAML3_HAEMATOPOIETIC_AND_LYMPHOID_TISSUE,Male,Leukemia,"Acute Myelogenous Leukemia (AML), M4 (Myelomonocytic)",blood,AML,M4,blood,CTSG,MYBPH,FCER1G,FCGR2B,MT1G,CACNA2D4,LAMP5,ITGB2,NCF4,XAGE1B
ACH-000337,NCIH3122,NCIH3122_LUNG,Unknown,Lung Cancer,"Non-Small Cell Lung Cancer (NSCLC), Adenocarcinoma",lung,NSCLC,NSCLC_adenocarcinoma,lung,S100A14,AGR2,AQP3,CEACAM5,SCEL,CRIP1,CEACAM6,ADGRF5,SMIM22,NKX2-1
ACH-000338,SR786,SR786_HAEMATOPOIETIC_AND_LYMPHOID_TISSUE,Male,Lymphoma,"T-cell, Non-Hodgkins, Anaplastic Large Cell (ALCL)",lymphocyte,non_hodgkin_lymphoma,t_cell_ALCL,lymphocyte,GZMB,CST7,IL2RA,KIR2DL4,SERPINA1,MYO1G,PRF1,HDC,G0S2,IL26
ACH-000339,HCC461,HCC461_LUNG,Male,Lung Cancer,"Non-Small Cell Lung Cancer (NSCLC), Adenocarcinoma",lung,NSCLC,NSCLC_adenocarcinoma,lung,XAGE1B,NOX5,DIO2,CA9,KRT81,XAGE1A,S100A2,THY1,F3,ANXA8
ACH-000340,HS870T,HS870T_FIBROBLAST,Male,Fibroblast,Bone,fibroblast,fibroblast_bone,,fibroblast,ELN,COL1A2,TAGLN,GREM1,PENK,POSTN,COL1A1,PTX3,ACTA2,RGS4
ACH-000341,SKNFI,SKNFI_AUTONOMIC_GANGLIA,Male,Neuroblastoma,,peripheral_nervous_system,neuroblastoma,,peripheral_nervous_system,DLK1,NPY,CRABP1,PHOX2A,VCY,CHRNA3,VCY1B,CRH,GPR50,VIP
ACH-000342,CL14,CL14_LARGE_INTESTINE,Male,Colon/Colorectal Cancer,Adenocarcinoma,colorectal,colorectal_adenocarcinoma,,colorectal,IGF2,LY6G6D,PHGR1,LGALS4,CDX2,RGCC,S100P,ALPG,USH1C,AREG
ACH-000343,NCIH522,NCIH522_LUNG,Male,Lung Cancer,"Non-Small Cell Lung Cancer (NSCLC), Adenocarcinoma",lung,NSCLC,NSCLC_adenocarcinoma,lung,SOSTDC1,ALDH1A1,SFRP4,CTAG2,COL11A1,SOX2,SEMA3D,COL5A2,COL3A1,GJA1
ACH-000344,SNU668,SNU668_STOMACH,Male,Gastric Cancer,Adenocarcinoma,gastric,gastric_adenocarcinoma,diffuse_gastric,gastric,COL3A1,SLPI,AKR1C1,S100A4,CCN5,POSTN,INHA,PRSS21,TNFRSF11B,KYNU
ACH-000345,KPNRTBM1,KPNRTBM1_AUTONOMIC_GANGLIA,Female,Neuroblastoma,,peripheral_nervous_system,neuroblastoma,,peripheral_nervous_system,NPY,MYCN,MARCHF11,HAND2,PHOX2A,ENPP2,STMN2,RET,ELAVL4,PRPH
ACH-000346,JVM3,JVM3_HAEMATOPOIETIC_AND_LYMPHOID_TISSUE,Male,Leukemia,"Chronic Lymphoblastic Leukemia (CLL), B-cell",blood,CLL,b_cell,blood,CCL3,FCER2,CD48,MZB1,MS4A1,PLEK,HLA-DRA,CCR7,CD79A,HLA-DQA1
ACH-000347,QGP1,QGP1_PANCREAS,Male,Pancreatic Cancer,Somatostatinoma,pancreas,endocrine,somatostatinoma,pancreas,CALCA,SST,NTS,CEACAM5,TSPAN8,SCG2,TPH1,GCNT3,CHGB,VGF
ACH-000348,RPMI7951,RPMI7951_SKIN,Female,Skin Cancer,Melanoma,skin,melanoma,,skin,COL1A2,TMEM119,MMP2,COL6A2,THY1,VIPR1,APCDD1L,DPT,SPARC,COL1A1
ACH-000349,HCC1500,HCC1500_BREAST,Female,Breast Cancer,Breast Ductal Carcinoma,breast,breast_ductal_carcinoma,ERpos_HER2neg,breast,TFF3,TFF1,IGFBP5,ALB,AGR3,NPY1R,MGP,AGR2,AREG,ARHGAP36
ACH-000350,COLO678,COLO678_LARGE_INTESTINE,Male,Colon/Colorectal Cancer,Adenocarcinoma,colorectal,colorectal_adenocarcinoma,,colorectal,SIGLEC6,PRAC1,UPK2,SP6,SNCG,LY6D,CAPN6,IGFL2,PADI1,HPGD
ACH-000351,MKN1,MKN1_STOMACH,Male,Gastric Cancer,Adenocarcinoma,gastric,gastric_adenocarcinoma,,gastric,TPPP3,XAGE1B,IGF2,PNMA5,CRIP1,ALPP,PTGIS,PTGDS,AQP1,ANGPTL2
ACH-000352,HCC1428,HCC1428_BREAST,Female,Breast Cancer,Carcinoma,breast,breast_carcinoma,ERpos_HER2neg,breast,TFF1,SPTSSB,PDZK1,PAGE2,TFF3,TTC39A,KRT19,GREB1,CTAG2,EFHD1
ACH-000353,TE15,TE15_OESOPHAGUS,Female,Esophageal Cancer,Squamous Cell Carcinoma,esophagus,esophagus_squamous,,esophagus,KRT5,KRT14,KRT6A,KRT4,LY6D,KRT13,FGFBP1,KLK5,CALML5,COL17A1
ACH-000354,CAPAN1,CAPAN1_PANCREAS,Male,Pancreatic Cancer,"Ductal Adenocarcinoma, exocrine",pancreas,exocrine,exocrine_adenocarcinoma,pancreas,SPINK1,LCN2,CXCL5,TFF2,RNASE1,DEFB1,UGT1A10,TRIM31,OLFM4,ALPG
ACH-000355,NCIH82,NCIH82_LUNG,Male,Lung Cancer,Small Cell Lung Cancer (SCLC),lung,SCLC,,lung,OTX2,PDC,RTN1,IMPG2,ATOH7,DCT,AIPL1,GNGT1,SLC38A5,NEFM
ACH-000356,MKN45,MKN45_STOMACH,Female,Gastric Cancer,Adenocarcinoma,gastric,gastric_adenocarcinoma,diffuse_gastric,gastric,CEACAM5,AGR2,TSPAN8,UPK1B,AGR3,REG4,LGALS4,PPP1R1B,VIL1,GPX2
ACH-000357,JEKO1,JEKO1_HAEMATOPOIETIC_AND_LYMPHOID_TISSUE,Female,Lymphoma,"B-cell, Non-Hodgkins, Mantle Cell",lymphocyte,non_hodgkin_lymphoma,b_cell_mantle_cell,lymphocyte,TCL1A,TCL1B,CD79B,SSX4,HLA-DRA,CD79A,IGLL5,SPIB,MZB1,LSP1
ACH-000358,NCIH69,NCIH69_LUNG,Male,Lung Cancer,Small Cell Lung Cancer (SCLC),lung,SCLC,,lung,DAZ1,MYCN,COL2A1,INSM1,FABP7,CHGB,CPLX2,SEZ6,HEPACAM2,DLX5
ACH-000359,MG63,MG63_BONE,Male,Bone Cancer,Osteosarcoma,bone,osteosarcoma,,bone,RPS4Y1,COL6A3,BGN,CCN2,HRCT1,GSTM1,TNFRSF11B,FAM107A,SVEP1,TPM2
ACH-000360,NCIH508,NCIH508_LARGE_INTESTINE,Male,Colon/Colorectal Cancer,Caecum Adenocarcinoma,colorectal,caecum_adenocarcinoma,,colorectal,FABP1,PHGR1,LGALS4,TFF3,PPP1R1B,CEACAM5,MUC12,LCN15,TSPAN8,LY6G6D
ACH-000361,SKHEP1,SKHEP1_LIVER,Male,Liver Cancer,Hepatocellular Carcinoma,liver,hepatocellular_carcinoma,,liver,KRTAP2-3,ANPEP,PLAT,MOK,PSG5,OXTR,CAVIN2,SRGN,TGM2,G0S2
ACH-000362,MOLM13,MOLM13_HAEMATOPOIETIC_AND_LYMPHOID_TISSUE,Male,Leukemia,Acute Myelogenous Leukemia (AML),blood,AML,,blood,PRTN3,AZU1,ELANE,PRG2,PRSS57,PPP1R27,RNASE2,SRGN,CTSG,LST1
ACH-000364,U2OS,U2OS_BONE,Female,Bone Cancer,Osteosarcoma,bone,osteosarcoma,,bone,DHRS2,TUBA3C,XAGE1B,PAGE2,PAGE2B,HAPLN1,KRT81,PCLO,KRT17,XAGE1A
ACH-000365,SUDHL4,SUDHL4_HAEMATOPOIETIC_AND_LYMPHOID_TISSUE,Male,Lymphoma,Diffuse Large B-cell Lymphoma (DLBCL),lymphocyte,non_hodgkin_lymphoma,DLBCL,lymphocyte,MS4A1,VPREB3,CD52,CD79A,JCHAIN,IRAG2,CD79B,CD22,MEF2B,HLA-DRA
ACH-000366,SKNDZ,SKNDZ_AUTONOMIC_GANGLIA,Female,Neuroblastoma,,peripheral_nervous_system,neuroblastoma,,peripheral_nervous_system,MYCN,PHOX2A,GFRA2,SHD,ELAVL4,ASCL1,CHRNA3,TLX2,PHOX2B,CHGA
ACH-000367,NCIH226,NCIH226_LUNG,Male,Lung Cancer,"Non-Small Cell Lung Cancer (NSCLC), Squamous Cell Carcinoma",lung,NSCLC,NSCLC_squamous,lung,NPPB,RGS4,ALDH1A2,UPK1B,ALDH1A3,UPK3B,SLPI,KRT7,ANXA8,SERPINE1
ACH-000368,SNU1105,SNU1105_CENTRAL_NERVOUS_SYSTEM,Male,Brain Cancer,Glioblastoma,central_nervous_system,glioma,glioblastoma,central_nervous_system,COL1A1,COL1A2,COL6A3,TGFBI,C5orf46,SPARC,THY1,SCG5,TAGLN,IGFBP5
ACH-000369,MOLM16,MOLM16_HAEMATOPOIETIC_AND_LYMPHOID_TISSUE,Female,Leukemia,Acute Myelogenous Leukemia (AML),blood,AML,,blood,HBG2,HDC,ICAM4,CA1,RHAG,ITGA2B,ITM2A,APOC1,MYL4,APOE
ACH-000370,SNU626,SNU626_CENTRAL_NERVOUS_SYSTEM,Male,Brain Cancer,Glioblastoma,central_nervous_system,glioma,glioblastoma,central_nervous_system,ELN,GFAP,OLFML1,CRYAB,RARRES2,THY1,GPM6A,A2M,FABP7,BEX1
ACH-000371,RL,RL_HAEMATOPOIETIC_AND_LYMPHOID_TISSUE,Male,Lymphoma,"B-cell, Non-Hodgkins",lymphocyte,non_hodgkin_lymphoma,b_cell,lymphocyte,VPREB3,CD79B,CD79A,JCHAIN,IRAG2,CD52,MS4A1,IGLL5,MZB1,CD22
ACH-000372,P12ICHIKAWA,P12ICHIKAWA_HAEMATOPOIETIC_AND_LYMPHOID_TISSUE,Male,Leukemia,"Acute Lymphoblastic Leukemia (ALL), T-cell",blood,ALL,t_cell,blood,CHI3L2,CD3D,AIF1,ITM2A,CD3E,CD1E,LCK,ARMH1,IGLL1,CD1B
ACH-000373,SKM1,SKM1_HAEMATOPOIETIC_AND_LYMPHOID_TISSUE,Male,Leukemia,Acute Myelogenous Leukemia (AML),blood,AML,,blood,MPO,PRTN3,ELANE,AZU1,AIF1,CLC,PRG2,LYZ,RNASE2,GMFG
ACH-000374,HCC1143,HCC1143_BREAST,Female,Breast Cancer,Breast Ductal Carcinoma,breast,breast_ductal_carcinoma,ERneg_HER2neg,breast,SERPINA3,KRT6B,GABRP,NOTCH3,AZGP1,KRT81,KLK6,C3,FBLN2,TYMP
ACH-000375,G402,G402_SOFT_TISSUE,Female,Kidney Cancer,Renal Leiomyoblastoma,soft_tissue,malignant_rhabdoid_tumor,renal_leiomyoblastoma,soft_tissue,FAM9C,IGFL3,IGFN1,COL1A2,PI16,IGFL2,SOSTDC1,DCN,SLC34A2,GRIA1
ACH-000376,SF295,SF295_CENTRAL_NERVOUS_SYSTEM,Female,Brain Cancer,Glioblastoma,central_nervous_system,glioma,glioblastoma,central_nervous_system,MMP1,MMP3,DIO2,THY1,COL6A3,BEX1,IGFBP5,MMP13,PTN,MMP2
ACH-000377,SNU478,SNU478_BILIARY_TRACT,Unknown,Bile Duct Cancer,"Cholangiocarcinoma, extrahepatic",bile_duct,cholangiocarcinoma,extrahepatic,bile_duct,SPINK1,MT1G,KRT17,CEACAM6,MANSC1,MUC5AC,BCL2L14,AGR2,GAL,UBD
ACH-000378,NCIH647,NCIH647_LUNG,Male,Lung Cancer,"Non-Small Cell Lung Cancer (NSCLC), Adenosquamous Carcinoma",lung,NSCLC,NSCLC_adenosquamous,lung,CXCL5,KRT81,CXCL1,CXCL6,S100A9,ALDH3A1,CXCL3,AKR1C1,TNFRSF6B,GRAMD1B
ACH-000379,NCIH1781,NCIH1781_LUNG,Female,Lung Cancer,"Non-Small Cell Lung Cancer (NSCLC), Adenocarcinoma",lung,NSCLC,NSCLC_adenocarcinoma,lung,CEACAM6,SLC34A2,CXCL17,KRT4,CALML5,CLIC6,RNASE1,XAGE1B,S100A14,KRT7
ACH-000381,T84,T84_LARGE_INTESTINE,Male,Colon/Colorectal Cancer,Adenocarcinoma,colorectal,colorectal_adenocarcinoma,,colorectal,TSPAN8,KRT20,LGALS4,MMP7,FABP1,CEACAM5,CDH17,STYXL2,PHGR1,MUC13
ACH-000382,CORL24,CORL24_LUNG,Male,Lung Cancer,Small Cell Lung Cancer (SCLC),lung,SCLC,,lung,NNAT,PCP4,POU4F3,KCNH6,L1TD1,HPCA,MFAP4,CLEC18B,KRT20,NEUROD1
ACH-000383,OE33,OE33_OESOPHAGUS,Female,Esophageal Cancer,Adenocarcinoma,esophagus,esophagus_adenocarcinoma,,esophagus,MMP7,KRT19,DHRS9,KLK6,KLK5,PLAAT4,ACTL8,VGLL1,ALDH1A3,AREG
ACH-000384,SW780,SW780_URINARY_TRACT,Female,Bladder Cancer,Transitional Cell Carcinoma,urinary_tract,bladder_carcinoma,bladder_transitional_cell,urinary_tract,GSTM1,FABP4,UGT1A10,REN,S100P,IGFL1,KRT13,LY6D,UPK1A,KRT7
ACH-000385,SKRC20,SKRC20_KIDNEY,Unknown,Kidney Cancer,Renal Cell Carcinoma,kidney,renal_cell_carcinoma,,kidney,ALDH1A1,GSTA1,IFI27,PDZK1IP1,IGFN1,UGT1A1,IFITM1,MX1,UBD,IFI44L
ACH-000386,KG1,KG1_HAEMATOPOIETIC_AND_LYMPHOID_TISSUE,Male,Leukemia,Acute Myelogenous Leukemia (AML),blood,AML,,blood,AIF1,CD34,CD52,LSP1,ITGAL,STAB1,ARMH1,LCP2,ITM2A,SMIM24
ACH-000387,TF1,TF1_HAEMATOPOIETIC_AND_LYMPHOID_TISSUE,Male,Leukemia,Acute Myelogenous Leukemia (AML),blood,AML,,blood,HBA1,HBA2,HBG2,PPP1R14A,HBZ,ARMH1,TYROBP,RPS4Y1,MPIG6B,HBB
ACH-000388,NUDHL1,NUDHL1_HAEMATOPOIETIC_AND_LYMPHOID_TISSUE,Male,Lymphoma,Diffuse Large B-cell Lymphoma (DLBCL),lymphocyte,non_hodgkin_lymphoma,DLBCL,lymphocyte,CD52,CD79A,HLA-DRA,JCHAIN,KLRK1,CD48,CACNA2D4,FCMR,CD74,LSP1
ACH-000389,H4,H4_CENTRAL_NERVOUS_SYSTEM,Male,Brain Cancer,Glioma,central_nervous_system,glioma,,central_nervous_system,COL6A3,SPANXA2,SPANXA1,DIO2,VCX3B,SLC14A1,IGFBP5,FAM20C,IFI27,SPANXD
ACH-000390,LUDLU1,LUDLU1_LUNG,Male,Lung Cancer,"Non-Small Cell Lung Cancer (NSCLC), Squamous Cell Carcinoma",lung,NSCLC,NSCLC_squamous,lung,S100A9,CES1,AKR1B10,KRT6A,SPP1,KRT5,GPX2,KRT17,S100A8,AQP3
ACH-000391,MHHES1,MHHES1_BONE,Male,Bone Cancer,Ewings Sarcoma,bone,Ewing_sarcoma,,bone,PRAC1,LOXHD1,ITM2A,RBM11,GRP,APCDD1,UGT3A2,OTX2,SYCP1,OLFML3
ACH-000392,CALU3,CALU3_LUNG,Male,Lung Cancer,"Non-Small Cell Lung Cancer (NSCLC), Adenocarcinoma",lung,NSCLC,NSCLC_adenocarcinoma,lung,FDCSP,CSN3,CXCL5,SERPINA3,LCN2,KRT23,RARRES1,GABRP,TM4SF4,CTSE
ACH-000393,HLF,HLF_LIVER,Male,Liver Cancer,Hepatocellular Carcinoma,liver,hepatocellular_carcinoma,,liver,MMP1,PAGE2,SSX1,TUBA3C,GTSF1,SPANXB1,PAGE5,SERPINE1,MAGEA4,XAGE1B
ACH-000394,NCIH2081,NCIH2081_LUNG,Female,Lung Cancer,Small Cell Lung Cancer (SCLC),lung,SCLC,,lung,ASCL1,CHGA,HEPACAM2,MS4A8,FXYD6,INSM1,KIF1A,BEX1,AGR3,RBP1
ACH-000395,NCIH520,NCIH520_LUNG,Male,Lung Cancer,"Non-Small Cell Lung Cancer (NSCLC), Squamous Cell Carcinoma",lung,NSCLC,NSCLC_squamous,lung,CXCL14,RBP1,NOTUM,NKD1,MUCL1,FGF19,CHL1,FGF3,MAGEA4,VWA2
ACH-000396,J82,J82_URINARY_TRACT,Male,Bladder Cancer,Transitional Cell Carcinoma,urinary_tract,bladder_carcinoma,bladder_transitional_cell,urinary_tract,DIO2,KRT7,PSG1,OXTR,NPPB,PSG9,PSG5,C4BPB,OLR1,SERPINE1
ACH-000397,TEN,TEN_ENDOMETRIUM,Female,Endometrial/Uterine Cancer,Clear Cell Carcinoma,uterus,clear_cell_carcinoma,,uterus,TFPI2,SPP1,MMP7,CXCL5,LCN2,PDZK1IP1,NLRP2,CXCL1,CCL20,CD34
ACH-000398,RI1,RI1_HAEMATOPOIETIC_AND_LYMPHOID_TISSUE,Female,Lymphoma,"B-cell, Non-Hodgkins",lymphocyte,non_hodgkin_lymphoma,b_cell,lymphocyte,TCL1A,IGLL5,CD79A,NLRP7,SPIB,CD79B,CD52,CD37,VPREB3,LSP1
ACH-000399,NCIH2196,NCIH2196_LUNG,Male,Lung Cancer,Small Cell Lung Cancer (SCLC),lung,SCLC,,lung,CHGB,ASCL1,PCP4,SCG2,AGT,GRP,PCSK2,CALCA,PGF,HSD17B13
ACH-000400,SKCO1,SKCO1_LARGE_INTESTINE,Male,Colon/Colorectal Cancer,Adenocarcinoma,colorectal,colorectal_adenocarcinoma,,colorectal,SPINK4,PHGR1,LGALS4,KRT20,CEACAM5,CTSE,GPX2,TFF1,PLA2G2A,TSPAN8
ACH-000401,COLO800,COLO800_SKIN,Male,Skin Cancer,Melanoma,skin,melanoma,,skin,S100B,MMP1,S100A1,SOX10,LOXL4,SERPINE2,SPARC,MIA,MPZ,RNASE1
ACH-000402,BL70,BL70_HAEMATOPOIETIC_AND_LYMPHOID_TISSUE,Male,Lymphoma,"B-cell, Non-Hodgkins, Burkitts",lymphocyte,non_hodgkin_lymphoma,b_cell_burkitt,lymphocyte,IGLL5,CD79A,TCL1A,JCHAIN,FCRLA,CD79B,MS4A1,MEF2B,IRAG2,POU2AF1
ACH-000403,NCIH747,NCIH747_LARGE_INTESTINE,Male,Colon/Colorectal Cancer,Adenocarcinoma,colorectal,colorectal_adenocarcinoma,,colorectal,KRT20,LCN2,KRT23,CST6,SOSTDC1,MUC20,KLK7,ZBED2,VGLL1,KRT34
ACH-000404,K029AX,K029AX_SKIN,Unknown,Skin Cancer,Melanoma,skin,melanoma,,skin,PMEL,DCT,S100B,HSD3B2,TYR,TYRP1,SLC45A2,MLANA,PLP1,RNASE1
ACH-000405,MEC1,MEC1_HAEMATOPOIETIC_AND_LYMPHOID_TISSUE,Male,Leukemia,"Chronic Lymphoblastic Leukemia (CLL), B-cell",blood,CLL,b_cell,blood,MS4A1,HLA-DQA1,JCHAIN,CD48,HLA-DRA,CD79A,CD53,FCER2,CD52,CD22
ACH-000406,U937,U937_HAEMATOPOIETIC_AND_LYMPHOID_TISSUE,Male,Leukemia,Acute Myelogenous Leukemia (AML),blood,AML,,blood,CTSG,ELANE,CST7,AZU1,PRTN3,ARMH1,PLEK,TPSAB1,NKG7,RNASE2
ACH-000407,SNU685,SNU685_ENDOMETRIUM,Female,Endometrial/Uterine Cancer,Malignant Mixed Mullerian Tumor (MMMT),uterus,MMMT,,uterus,COL1A2,MMP13,COL3A1,COL1A1,COL6A3,GREM1,MMP2,MEST,TGFBI,COLEC12
ACH-000408,TE5,TE5_OESOPHAGUS,Female,Esophageal Cancer,Squamous Cell Carcinoma,esophagus,esophagus_squamous,,esophagus,UGT1A10,CAPNS2,SPTSSB,GPX2,AC007906.2,APOD,ERP27,UGT1A6,AGR2,FOS
ACH-000409,OVSAHO,OVSAHO_OVARY,Female,Ovarian Cancer,"Adenocarcinoma, high grade serous",ovary,ovary_adenocarcinoma,high_grade_serous,ovary,WFDC2,SLPI,FOLR1,PRSS2,S100A1,SPON1,TMEM100,AQP5,IGFBP2,KLK6
ACH-000410,SAOS2,SAOS2_BONE,Female,Bone Cancer,Osteosarcoma,bone,osteosarcoma,,bone,ALPL,SPANXB1,NOTUM,CGB5,ACTA2,COL1A1,COL11A1,HAPLN1,COL6A2,LUM
ACH-000411,769P,769P_KIDNEY,Female,Kidney Cancer,"Renal Carcinoma, clear cell",kidney,renal_cell_carcinoma,clear_cell,kidney,IGFN1,SPP1,CLDN2,FXYD2,HAVCR1,UGT1A9,SLC17A3,DPYSL3,PDZK1IP1,NEFL
ACH-000412,SNU1197,SNU1197_LARGE_INTESTINE,Male,Colon/Colorectal Cancer,Adenocarcinoma,colorectal,colorectal_adenocarcinoma,,colorectal,KRT20,KRT23,SAA1,CALB1,KLK6,IFI27,LCN2,TNFRSF6B,KLK10,MMP7
ACH-000413,HS739T,HS739T_FIBROBLAST,Female,Fibroblast,Breast,fibroblast,fibroblast_breast,,fibroblast,COL1A2,GREM1,SULF1,COL1A1,IGFBP5,COL3A1,COL6A3,POSTN,TAGLN,FN1
ACH-000414,NCIH1944,NCIH1944_LUNG,Female,Lung Cancer,"Non-Small Cell Lung Cancer (NSCLC), Adenocarcinoma",lung,NSCLC,NSCLC_adenocarcinoma,lung,HPD,AKR1B10,SPP1,S100A9,FGG,AKR1C2,S100P,AKR1C1,CPLX2,GPX2
ACH-000415,BICR6,BICR6_UPPER_AERODIGESTIVE_TRACT,Male,Head and Neck Cancer,"Squamous Cell Carcinoma, oral",upper_aerodigestive,upper_aerodigestive_squamous,oral,upper_aerodigestive,KRT6A,LCN2,KRT14,SAA1,KRT17,KRT5,PSCA,SAA2,LY6D,KRT16
ACH-000416,NCIH838,NCIH838_LUNG,Male,Lung Cancer,"Non-Small Cell Lung Cancer (NSCLC), Adenocarcinoma",lung,NSCLC,NSCLC_adenocarcinoma,lung,CT45A1,GAGE12E,GAGE2A,CT45A3,GAGE2E,CTAG2,GAGE12J,MAGEA4,SLPI,HSPB3
ACH-000417,PANC0813,PANC0813_PANCREAS,Male,Pancreatic Cancer,"Ductal Adenocarcinoma, exocrine",pancreas,exocrine,exocrine_adenocarcinoma,pancreas,PRSS2,CEACAM6,CXCL5,CST6,LCN2,DHRS9,PRSS1,TMPRSS4,ADGRF1,KRT19
ACH-000418,SW1353,SW1353_BONE,Female,Bone Cancer,Chondrosarcoma,bone,chondrosarcoma,,bone,CPA4,GAGE2E,COL1A2,COL6A3,COL1A1,KRT81,PAGE2,PAGE5,SERPINE1,GAGE2A
ACH-000420,SNU449,SNU449_LIVER,Male,Liver Cancer,Hepatocellular Carcinoma,liver,hepatocellular_carcinoma,,liver,SPP1,ALDH1A1,FXYD2,HAVCR1,FGB,ABCB1,PADI2,TM4SF18,SULT1C4,AQP1
ACH-000421,SW837,SW837_LARGE_INTESTINE,Male,Colon/Colorectal Cancer,Adenocarcinoma,colorectal,colorectal_adenocarcinoma,,colorectal,KRT23,GDA,WNT11,KLK10,KLK6,MMP7,DHRS2,KRT13,HPGD,SLC1A3
ACH-000422,SNU475,SNU475_LIVER,Male,Liver Cancer,Hepatocellular Carcinoma,liver,hepatocellular_carcinoma,,liver,AKR1B10,COL3A1,ACTG2,ACTA2,C4B,C4A,CES1,SPANXA2,AKR1C3,MYL9
ACH-000423,SKMEL3,SKMEL3_SKIN,Female,Skin Cancer,Melanoma,skin,melanoma,,skin,PMEL,DCT,CRYAB,S100B,MLANA,SLC45A2,CAPN3,PLP1,SOX10,GPNMB
ACH-000424,TC71,TC71_BONE,Male,Bone Cancer,Ewings Sarcoma,bone,Ewing_sarcoma,,bone,GRP,ITM2A,PRAC1,XAGE1A,XAGE1B,UTS2,STMN4,PKP1,UGT3A2,MFAP4
ACH-000425,UACC62,UACC62_SKIN,Unknown,Skin Cancer,Melanoma,skin,melanoma,,skin,SERPINA3,IL13RA2,S100B,MGP,MAGEA4,MIA,SERPINE2,ITIH5,SOX10,CT45A1
ACH-000427,NCIN87,NCIN87_STOMACH,Male,Gastric Cancer,"Adenocarcinoma, tubular",gastric,gastric_adenocarcinoma,tubular,gastric,KRT17,KLK6,KRT23,IGFL2,ERBB2,WNT11,DAZ1,PPP1R1B,ACTL8,GRB7
ACH-000428,UO31,UO31_KIDNEY,Unknown,Kidney Cancer,Renal Cell Carcinoma,kidney,renal_cell_carcinoma,,kidney,SPP1,PDZK1IP1,LRRN4,CYP24A1,G0S2,TNFRSF6B,MT1E,THBS2,SERPINE1,PTGIS
ACH-000429,A704,A704_KIDNEY,Male,Kidney Cancer,Renal Cell Carcinoma,kidney,renal_cell_carcinoma,,kidney,FXYD2,SLC17A3,NDUFA4L2,PDZK1IP1,FABP6,BHMT2,SPP1,GUCA1C,TNFAIP6,HAVCR1
ACH-000430,TYKNU,TYKNU_OVARY,Female,Ovarian Cancer,"Adenocarcinoma, high grade serous",ovary,ovary_adenocarcinoma,high_grade_serous,ovary,ECSCR,TIE1,RGS4,ACTL8,MMRN1,ICAM2,APLN,CDH5,CD93,PROCR
ACH-000431,NCIH1694,NCIH1694_LUNG,Male,Lung Cancer,Small Cell Lung Cancer (SCLC),lung,SCLC,,lung,MYCL,PPP1R17,HEPACAM2,NEUROD1,TCEAL2,BEX1,PCP4,AKT3,CPLX2,TSPAN7
ACH-000432,BV173,BV173_HAEMATOPOIETIC_AND_LYMPHOID_TISSUE,Male,Leukemia,"Chronic Myelogenous Leukemia (CML), blast crisis",blood,CML,blast_crisis,blood,JCHAIN,IGLL1,IRAG2,VPREB3,IGLL5,TCL1A,NIBAN3,MYLK3,CD52,MZB1
ACH-000433,CAKI1,CAKI1_KIDNEY,Male,Kidney Cancer,"Renal Carcinoma, clear cell",kidney,renal_cell_carcinoma,clear_cell,kidney,SAA1,CXCL6,SAA2,CXCL1,PDZK1IP1,COLEC10,SPP1,CA3,CXCL5,CLDN11
ACH-000434,NCIH1915,NCIH1915_LUNG,Female,Lung Cancer,"Non-Small Cell Lung Cancer (NSCLC), Large Cell Carcinoma",lung,NSCLC,NSCLC_large_cell,lung,XAGE1B,XAGE1A,MMP1,SPANXB1,RGS4,KISS1,KRT81,PRSS3,CHRNA9,IGFN1
ACH-000435,EFE184,EFE184_ENDOMETRIUM,Female,Endometrial/Uterine Cancer,Endometrial Adenocarcinoma,uterus,endometrial_adenocarcinoma,,uterus,SAA1,SAA2,PDZK1IP1,LCN2,C3,CXCL5,FOLR3,CCL20,MT1A,SPOCK2
ACH-000437,SW1088,SW1088_CENTRAL_NERVOUS_SYSTEM,Male,Brain Cancer,Astrocytoma,central_nervous_system,glioma,astrocytoma,central_nervous_system,CHI3L1,COL6A3,MMP3,THY1,TGFBI,IL7R,SLC14A1,COL1A2,RPS4Y1,AKR1B10
ACH-000438,LU65,LU65_LUNG,Male,Lung Cancer,"Non-Small Cell Lung Cancer (NSCLC), Large Cell Carcinoma",lung,NSCLC,NSCLC_large_cell,lung,CXCL5,HLA-DRA,HLA-DRB1,HLA-DRB5,TESC,MUC6,HLA-DPB1,MUC5AC,CP,CD74
ACH-000439,ME1,ME1_HAEMATOPOIETIC_AND_LYMPHOID_TISSUE,Male,Leukemia,"Acute Myelogenous Leukemia (AML), M4 (Myelomonocytic)",blood,AML,M4,blood,MPO,TPSB2,CSF3R,TYROBP,AIF1,CD34,PRSS57,IGLL1,ST18,ITM2A
ACH-000440,CA46,CA46_HAEMATOPOIETIC_AND_LYMPHOID_TISSUE,Male,Lymphoma,"B-cell, Non-Hodgkins, Burkitts",lymphocyte,non_hodgkin_lymphoma,b_cell_burkitt,lymphocyte,CD79B,JCHAIN,IGLL5,IRAG2,MZB1,RUBCNL,TCL1A,CD79A,MEF2B,CD52
ACH-000441,SH4,SH4_SKIN,Female,Skin Cancer,Melanoma,skin,melanoma,,skin,PMEL,RGS1,S100A1,TYRP1,TYR,WFDC1,MLANA,A2M,SOX10,S100B
ACH-000442,RERFLCSQ1,RERFLCSQ1_LUNG,Female,Lung Cancer,"Non-Small Cell Lung Cancer (NSCLC), Squamous Cell Carcinoma",lung,NSCLC,NSCLC_squamous,lung,LRRC17,FN1,KRT81,SERPINE1,CXCL12,CES1,CEMIP,MMP2,TAGLN,MAGEA4
ACH-000443,OVKATE,OVKATE_OVARY,Female,Ovarian Cancer,"Adenocarcinoma, high grade serous",ovary,ovary_adenocarcinoma,high_grade_serous,ovary,SPOCK2,FLG,KLK7,LCN2,TMEM100,S100A1,FOLR1,CRYAB,THY1,KLK6
ACH-000444,LU99,LU99_LUNG,Male,Lung Cancer,"Non-Small Cell Lung Cancer (NSCLC), Large Cell Carcinoma",lung,NSCLC,NSCLC_large_cell,lung,KRT34,ESM1,MMP1,XAGE1B,KRT23,KRTAP2-3,RASSF8,IL13RA2,TRIML2,GNGT2
ACH-000445,KNS60,KNS60_CENTRAL_NERVOUS_SYSTEM,Male,Brain Cancer,Glioblastoma,central_nervous_system,glioma,glioblastoma,central_nervous_system,RARRES2,COL1A2,COL1A1,THY1,SPARC,RFPL4A,EFEMP1,GREM1,MMP2,CLEC3B
ACH-000446,KPNSI9S,KPNSI9S_AUTONOMIC_GANGLIA,Male,Neuroblastoma,,peripheral_nervous_system,neuroblastoma,,peripheral_nervous_system,COL3A1,POSTN,COL6A3,ACTG2,FRG2,RPS4Y1,MMP2,IGF2,COL1A1,LUM
ACH-000447,NCIH2228,NCIH2228_LUNG,Female,Lung Cancer,"Non-Small Cell Lung Cancer (NSCLC), Adenocarcinoma",lung,NSCLC,NSCLC_adenocarcinoma,lung,SLC34A2,CHI3L1,XAGE1B,ALDH3A1,AKR1C2,CDH11,S100A9,HLA-DRB5,HLA-DRB1,AKR1B10
ACH-000448,NCIH1666,NCIH1666_LUNG,Female,Lung Cancer,"Non-Small Cell Lung Cancer (NSCLC), Adenocarcinoma",lung,NSCLC,NSCLC_adenocarcinoma,lung,S100A7,S100A9,S100A8,PI3,KRT81,FABP4,DEFB1,SERPINB3,S100A14,TREM1
ACH-000449,MESSA,MESSA_SOFT_TISSUE,Female,Sarcoma,Uterine Sarcoma,soft_tissue,uterine_sarcoma,,soft_tissue,ALDH1A1,DCN,MROH2A,AARD,MMP10,SMPX,KERA,AKR1C1,MYOT,KCNJ16
ACH-000450,MELHO,MELHO_SKIN,Female,Skin Cancer,Melanoma,skin,melanoma,,skin,PMEL,DCT,MLANA,SLC45A2,S100B,MIA,CAPN3,TYR,SOX10,UCN2
ACH-000451,NCIH2085,NCIH2085_LUNG,Male,Lung Cancer,"Non-Small Cell Lung Cancer (NSCLC), Adenocarcinoma",lung,NSCLC,NSCLC_adenocarcinoma,lung,CLDN6,KISS1,ALPP,PSG4,FN1,XAGE1B,MMP9,XAGE2,SLC1A6,IGF2
ACH-000452,TE8,TE8_OESOPHAGUS,Male,Esophageal Cancer,Squamous Cell Carcinoma,esophagus,esophagus_squamous,,esophagus,CYP24A1,CGB5,KRT17,TGFBI,KRT6A,KRT5,COL5A1,S100A2,SERPINE1,ANXA8L1
ACH-000454,HCC95,HCC95_LUNG,Male,Lung Cancer,"Non-Small Cell Lung Cancer (NSCLC), Squamous Cell Carcinoma",lung,NSCLC,NSCLC_squamous,lung,KRT5,AKR1C2,KRT13,KRT14,ALDH3A1,AKR1C1,FGFBP1,AKR1B10,NRG1,TP63
ACH-000455,LN428,LN428_CENTRAL_NERVOUS_SYSTEM,Male,Brain Cancer,Glioblastoma,central_nervous_system,glioma,glioblastoma,central_nervous_system,IL13RA2,LUM,CD36,COL7A1,GPR15,RPS4Y1,CPA4,CACNA1A,SLC38A3,GABRA3
ACH-000456,BCPAP,BCPAP_THYROID,Female,Thyroid Cancer,"Carcinoma, papillary",thyroid,thyroid_carcinoma,papillary,thyroid,MMP1,CXCL6,SMR3B,FN1,TIE1,IL13RA2,CXCL1,TFPI2,MMP13,PDPN
ACH-000457,CAL54,CAL54_KIDNEY,Male,Kidney Cancer,Renal Cell Carcinoma,kidney,renal_cell_carcinoma,,kidney,FXYD2,SPP1,MMP7,PDZK1IP1,IGFN1,HAVCR1,VCAN,CXCL5,SLC34A2,KCNJ16
ACH-000458,CJM,CJM_SKIN,Unknown,Skin Cancer,Melanoma,skin,melanoma,,skin,LCN2,MMP1,AREG,IL13RA2,CSF3,HBEGF,SPANXA2,IL1B,KRT5,KRT6A
ACH-000459,TUHR10TKB,TUHR10TKB_KIDNEY,Male,Kidney Cancer,Renal Cell Carcinoma,kidney,renal_cell_carcinoma,,kidney,MT3,NDUFA4L2,IGFBP3,IFI27,PDZK1IP1,AKR1B10,SYT13,CA9,SERPINE1,FXYD2
ACH-000460,SNU8,SNU8_OVARY,Female,Ovarian Cancer,"Adenocarcinoma, high grade serous",ovary,ovary_adenocarcinoma,high_grade_serous,ovary,SAA1,LCN2,CXCL1,WFDC2,C3,CCL20,FLG,FN1,CCL2,SAA2
ACH-000461,SNU1196,SNU1196_BILIARY_TRACT,Unknown,Bile Duct Cancer,"Cholangiocarcinoma, extrahepatic",bile_duct,cholangiocarcinoma,extrahepatic,bile_duct,KLK6,KLK5,MIA,C6orf132,MDFI,AQP5,S100P,KRT23,BMP4,KLK7
ACH-000462,NALM1,NALM1_HAEMATOPOIETIC_AND_LYMPHOID_TISSUE,Female,Leukemia,"Chronic Myelogenous Leukemia (CML), blast crisis",blood,CML,blast_crisis,blood,DNTT,IGLL1,VPREB3,VPREB1,TCL1A,NIBAN3,ARMH1,IRAG2,CD52,MZB1
ACH-000463,NCIH460,NCIH460_LUNG,Male,Lung Cancer,"Non-Small Cell Lung Cancer (NSCLC), Large Cell Carcinoma",lung,NSCLC,NSCLC_large_cell,lung,TBXT,AKR1B10,SPP1,ALDH3A1,AGR2,AKR1C2,RPS4Y1,SRGN,AKR1C1,CDH11
ACH-000464,CAS1,CAS1_CENTRAL_NERVOUS_SYSTEM,Male,Brain Cancer,Glioblastoma,central_nervous_system,glioma,glioblastoma,central_nervous_system,COL6A3,COL1A2,CCL2,COL1A1,THY1,COL6A2,LRRC17,PCDHGC5,COL6A1,MFAP4
ACH-000465,SKMEL1,SKMEL1_SKIN,Male,Skin Cancer,Melanoma,skin,melanoma,,skin,NSG1,PMEL,FGFBP2,SLC45A2,MAG,MLANA,ALDH1A3,FRG2,BIRC7,TYR
ACH-000466,SNU216,SNU216_STOMACH,Female,Gastric Cancer,"Adenocarcinoma, tubular",gastric,gastric_adenocarcinoma,tubular,gastric,KLK5,KLK6,CRISP3,PSG8,ALPP,GAST,ADGRF1,GABRP,ANPEP,RARRES1
ACH-000467,HCC56,HCC56_LARGE_INTESTINE,Unknown,Colon/Colorectal Cancer,Adenocarcinoma,colorectal,colorectal_adenocarcinoma,,colorectal,OLFM4,LGALS4,LEFTY1,PHGR1,TSPAN8,DPEP1,CDX1,CEACAM5,VIL1,MUC13
ACH-000468,PK45H,PK45H_PANCREAS,Unknown,Pancreatic Cancer,"Ductal Adenocarcinoma, exocrine",pancreas,exocrine,exocrine_adenocarcinoma,pancreas,FABP4,S100A4,UGT1A10,VIPR1,VCAN,TACSTD2,ANKRD1,TSPAN8,DIO2,EPHB6
ACH-000469,YH13,YH13_CENTRAL_NERVOUS_SYSTEM,Male,Brain Cancer,Glioblastoma,central_nervous_system,glioma,glioblastoma,central_nervous_system,ELN,COL1A2,LUM,BGN,COL3A1,CXCL12,TMEM119,COL1A1,THY1,DCN
ACH-000470,SW1463,SW1463_LARGE_INTESTINE,Female,Colon/Colorectal Cancer,Adenocarcinoma,colorectal,colorectal_adenocarcinoma,,colorectal,DEFA5,TSPAN8,DEFA6,PHGR1,LGALS4,MT1G,SPINK4,GPX2,KRT20,FABP1
ACH-000471,LI7,LI7_LIVER,Male,Liver Cancer,,liver,,,liver,AMBP,AKR1B10,IGF2,AKR1C3,TM4SF4,ALDH1A1,VSIG1,CES1,ALDH1A2,AGR2
ACH-000472,HSC2,HSC2_UPPER_AERODIGESTIVE_TRACT,Male,Head and Neck Cancer,Squamous Cell Carcinoma,upper_aerodigestive,upper_aerodigestive_squamous,,upper_aerodigestive,KRT5,KRT14,KRT17,KRT15,KRT6A,ANXA8L1,S100A2,SCGB1A1,FXYD3,FAT2
ACH-000473,RT112,RT112_URINARY_TRACT,Female,Bladder Cancer,Transitional Cell Carcinoma,urinary_tract,bladder_carcinoma,bladder_transitional_cell,urinary_tract,KRT13,FABP4,LY6D,UPK1B,S100P,KRT4,KRT5,S100A9,KRT17,KRT7
ACH-000475,HUH1,HUH1_LIVER,Male,Liver Cancer,"Hepatocellular Carcinoma, HBs-antigen carrier",liver,hepatocellular_carcinoma,hbs_antigen_carrier,liver,ALB,CES1,AKR1B10,APOA2,TF,AMBP,AKR1C1,ORM1,GSTA1,SPP1
ACH-000476,JHH4,JHH4_LIVER,Male,Liver Cancer,Hepatocellular Carcinoma,liver,hepatocellular_carcinoma,,liver,XAGE1B,FXYD2,SPP1,KRT20,PAGE5,MMP7,VCAN,CTAG2,GAGE1,KCNJ15
ACH-000477,MALME3M,MALME3M_SKIN,Male,Skin Cancer,Melanoma,skin,melanoma,,skin,PMEL,S100B,APOD,TYR,MLANA,MIA,S100A1,PLP1,SOX10,MPZ
ACH-000478,SNU387,SNU387_LIVER,Female,Liver Cancer,Hepatocellular Carcinoma,liver,hepatocellular_carcinoma,,liver,COL6A3,COL1A2,RARRES2,TGFBI,UGT1A10,CHI3L1,MMP2,SERPINE1,SPARC,KRT81
ACH-000479,KNS81,KNS81_CENTRAL_NERVOUS_SYSTEM,Male,Brain Cancer,Glioblastoma,central_nervous_system,glioma,glioblastoma,central_nervous_system,CXCL14,COL1A2,GFAP,CEMIP,THY1,COL11A1,IGFBP5,MFAP5,COL8A1,FSTL1
ACH-000480,HUH7,HUH7_LIVER,Male,Liver Cancer,Hepatocellular Carcinoma,liver,hepatocellular_carcinoma,,liver,AFP,APOA2,ALB,TF,AMBP,APOA1,FGB,TTR,FGA,SERPINA1
ACH-000481,NCIH2170,NCIH2170_LUNG,Male,Lung Cancer,"Non-Small Cell Lung Cancer (NSCLC), Squamous Cell Carcinoma",lung,NSCLC,NSCLC_squamous,lung,AGR2,CEACAM6,AKR1C2,KRT4,AKR1C1,ALDH3A1,AKR1C3,ERBB2,CDC6,GPX2
ACH-000482,RERFLCKJ,RERFLCKJ_LUNG,Male,Lung Cancer,"Non-Small Cell Lung Cancer (NSCLC), Adenocarcinoma",lung,NSCLC,NSCLC_adenocarcinoma,lung,TFF1,CGA,PSCA,S100P,AGR2,FGG,AZGP1,CRISP3,MUC5B,S100A14
ACH-000483,SNU182,SNU182_LIVER,Male,Liver Cancer,Hepatocellular Carcinoma,liver,hepatocellular_carcinoma,,liver,MFAP4,COL3A1,ANKRD1,COL11A1,SPARC,COL1A1,IL11,COL1A2,KLK6,LUM
ACH-000484,VMRCRCW,VMRCRCW_KIDNEY,Male,Kidney Cancer,Renal Cell Carcinoma,kidney,renal_cell_carcinoma,,kidney,NPPB,GAL3ST1,SPP1,UGT1A9,LGALS2,CA9,RPS4Y1,ALDH1A1,HAVCR1,PDZK1IP1
ACH-000485,GSU,GSU_STOMACH,Male,Gastric Cancer,Adenocarcinoma,gastric,gastric_adenocarcinoma,,gastric,LYZ,LGALS4,PHGR1,REG4,FABP1,TSPAN8,GPX2,LY6D,SPINK4,HMGCS2
ACH-000486,KU1919,KU1919_URINARY_TRACT,Male,Bladder Cancer,Transitional Cell Carcinoma,urinary_tract,bladder_carcinoma,bladder_transitional_cell,urinary_tract,KRT5,KRT15,ANXA10,CGB5,VCX3A,S100A14,LAMC2,CST6,S100A2,KRT6A
ACH-000487,F36P,F36P_HAEMATOPOIETIC_AND_LYMPHOID_TISSUE,Male,Leukemia,"Acute Myelogenous Leukemia (AML), M6 (Erythroleukemia)",blood,AML,M6,blood,HBG2,PRG2,HBA1,FAM178B,MYL4,CA1,APOE,AVP,GYPA,HLA-DRA
ACH-000488,TE11,TE11_OESOPHAGUS,Male,Esophageal Cancer,Squamous Cell Carcinoma,esophagus,esophagus_squamous,,esophagus,KRT5,KRT14,KRT6A,AKR1C2,AKR1B10,ANO1,ALDH3A1,AKR1C1,GPX2,KRT17
ACH-000489,SW1116,SW1116_LARGE_INTESTINE,Male,Colon/Colorectal Cancer,Adenocarcinoma,colorectal,colorectal_adenocarcinoma,,colorectal,KRT20,KRT23,TSPAN8,LYZ,CDH17,KLK6,MUC13,MMP7,PHGR1,LGALS4
ACH-000490,SF767,SF767_CENTRAL_NERVOUS_SYSTEM,Female,Brain Cancer,Astrocytoma,central_nervous_system,glioma,astrocytoma,central_nervous_system,KRT13,KRT5,KRT4,S100A8,KRT15,LY6D,KRT6A,KRT14,S100A9,CXCL14
ACH-000491,NCIH716,NCIH716_LARGE_INTESTINE,Male,Colon/Colorectal Cancer,Adenocarcinoma,colorectal,colorectal_adenocarcinoma,,colorectal,GCG,COL14A1,FGFR2,SST,NNAT,AGR2,GUCA2B,VGF,MTSS1,SYNGR4
ACH-000492,MUTZ5,MUTZ5_HAEMATOPOIETIC_AND_LYMPHOID_TISSUE,Male,Leukemia,"Acute Lymphoblastic Leukemia (ALL), B-cell",blood,ALL,b_cell,blood,JCHAIN,DNTT,HLA-DRA,TCL1A,IGLL1,CD79B,ARMH1,MS4A1,CD74,LAPTM5
ACH-000493,SNU423,SNU423_LIVER,Male,Liver Cancer,Hepatocellular Carcinoma,liver,hepatocellular_carcinoma,,liver,PSG1,KISS1,CNN1,COL1A2,IGFN1,GREM1,PLPP4,COL6A3,PSG9,KRT81
ACH-000495,TUHR4TKB,TUHR4TKB_KIDNEY,Male,Kidney Cancer,Renal Cell Carcinoma,kidney,renal_cell_carcinoma,,kidney,NPPB,RARRES2,FABP7,NDUFA4L2,UGT1A9,PDZK1IP1,SERPINE1,MMP7,TNFSF10,IGFBP3
ACH-000496,NCIH1792,NCIH1792_LUNG,Male,Lung Cancer,"Non-Small Cell Lung Cancer (NSCLC), Adenocarcinoma",lung,NSCLC,NSCLC_adenocarcinoma,lung,AKR1B10,CXCL5,ANXA10,IL13RA2,AKR1C1,UGT1A6,POSTN,GPR143,COCH,SPP1
ACH-000498,KO52,KO52_HAEMATOPOIETIC_AND_LYMPHOID_TISSUE,Male,Leukemia,"Acute Myelogenous Leukemia (AML), M2 (Myeloblastic)",blood,AML,M2,blood,MPO,ARMH1,AIF1,CSF3R,STAB1,ITM2A,CST7,HCST,CD52,PRSS57
ACH-000499,EW8,EW8_BONE,Male,Bone Cancer,Ewings Sarcoma,bone,Ewing_sarcoma,,bone,MBD3L3,CES1,UGT3A2,XAGE1B,ITM2A,CRABP1,RPS4Y1,GRP,MFAP4,PRAC1
ACH-000500,SNU46,SNU46_UPPER_AERODIGESTIVE_TRACT,Male,Head and Neck Cancer,"Squamous Cell Carcinoma, laryngeal",upper_aerodigestive,upper_aerodigestive_squamous,laryngeal,upper_aerodigestive,PNMA5,MAGEA4,CT45A1,DIRAS3,RPS4Y1,CDO1,MAGEA9B,CT45A3,MAGEA8,DIO2
ACH-000501,LS123,LS123_LARGE_INTESTINE,Female,Colon/Colorectal Cancer,Adenocarcinoma,colorectal,colorectal_adenocarcinoma,,colorectal,KLK10,KLK5,KLK6,IFI27,KISS1,KRT20,C4BPB,SPOCK2,MUC4,SLC2A3
ACH-000502,TCCPAN2,TCCPAN2_PANCREAS,Female,Pancreatic Cancer,"Ductal Adenocarcinoma, exocrine",pancreas,exocrine,exocrine_adenocarcinoma,pancreas,LGALS4,TSPAN8,TM4SF4,MUC13,ALDH3A1,ALDH1A1,CDH17,UGT1A10,ANXA10,UPK1B
ACH-000503,BICR16,BICR16_UPPER_AERODIGESTIVE_TRACT,Male,Head and Neck Cancer,"Squamous Cell Carcinoma, oral",upper_aerodigestive,upper_aerodigestive_squamous,oral,upper_aerodigestive,KRT5,KRT6A,KRT14,KRT17,KRT16,S100A8,SPRR1B,SPRR2D,SPRR1A,KRT13
ACH-000504,SNB75,SNB75_CENTRAL_NERVOUS_SYSTEM,Female,Brain Cancer,Glioma,central_nervous_system,glioma,,central_nervous_system,A2M,COL1A2,S100B,COL11A1,SPARC,PLP1,BGN,ACTA2,COL1A1,ACTG2
ACH-000505,RKN,RKN_SOFT_TISSUE,Female,Sarcoma,Leiomyosarcoma,soft_tissue,leiomyosarcoma,,soft_tissue,IL1B,CSF3,MMP1,CXCL1,CXCL8,IL13RA2,IL33,PAX8,FN1,GREM1
ACH-000506,NCIH146,NCIH146_LUNG,Male,Lung Cancer,Small Cell Lung Cancer (SCLC),lung,SCLC,,lung,NTS,ASCL1,TAGLN3,DDC,LGALS14,UGT2A1,DLX5,INSM1,TMEM176A,SLC13A3
ACH-000507,KE39,KE39_STOMACH,Male,Gastric Cancer,Adenocarcinoma,gastric,gastric_adenocarcinoma,,gastric,PLA2G2A,LYZ,REG1A,SPINK1,LCN2,GPX2,APCDD1,TSPAN8,BMP4,CLDN2
ACH-000508,CORL88,CORL88_LUNG,Male,Lung Cancer,Small Cell Lung Cancer (SCLC),lung,SCLC,,lung,GRP,ASCL1,TFF3,MT1H,MT1G,IGFBP5,AKR1C2,SYT4,MYCL,TMEM176A
ACH-000509,HUT78,HUT78_HAEMATOPOIETIC_AND_LYMPHOID_TISSUE,Male,Lymphoma,"T-cell, Non-Hodgkins, Cutaneous",lymphocyte,non_hodgkin_lymphoma,t_cell_cutaneous,lymphocyte,ACTG2,CD3D,KIR3DL2,CD3E,GNLY,ITM2A,CD52,ACTA2,CORO1A,IL2RG
ACH-000510,NCIH1299,NCIH1299_LUNG,Male,Lung Cancer,"Non-Small Cell Lung Cancer (NSCLC), Large Cell Carcinoma",lung,NSCLC,NSCLC_large_cell,lung,MAGEA4,XAGE1B,GAGE2E,GAGE1,TDRD12,CTAG1B,GAGE2A,CTAG1A,XAGE1A,RHOXF2
ACH-000511,CALU1,CALU1_LUNG,Male,Lung Cancer,"Non-Small Cell Lung Cancer (NSCLC), Squamous Cell Carcinoma",lung,NSCLC,NSCLC_squamous,lung,PSG1,NPPB,CAVIN2,KRT7,RGS4,F3,PSG4,SERPINE1,CYP24A1,LOX
ACH-000513,SNU1272,SNU1272_KIDNEY,Female,Kidney Cancer,"Renal Carcinoma, clear cell",kidney,renal_cell_carcinoma,clear_cell,kidney,UGT1A9,SERPINE1,TNFSF10,FGB,PDZK1IP1,GAL3ST1,SPP1,HAVCR1,KRTAP2-3,IL6
ACH-000514,NCIH1092,NCIH1092_LUNG,Male,Lung Cancer,Small Cell Lung Cancer (SCLC),lung,SCLC,,lung,GRP,DDC,ASCL1,CHGA,TAGLN3,INSM1,TFF3,ST18,IGFBP5,BEX1
ACH-000515,HCC33,HCC33_LUNG,Male,Lung Cancer,Small Cell Lung Cancer (SCLC),lung,SCLC,,lung,NNAT,DLK1,MYCL,CLEC18A,CLEC18C,CLEC18B,COL9A2,ATOH1,POU4F3,TAGLN3
ACH-000516,CAL78,CAL78_BONE,Male,Bone Cancer,Chondrosarcoma,bone,chondrosarcoma,,bone,COL6A3,GREM1,COL1A2,LUM,COL3A1,IL6,DCN,COL1A1,ITGA11,CSAG1
ACH-000517,SNU410,SNU410_PANCREAS,Male,Pancreatic Cancer,"Ductal Adenocarcinoma, exocrine",pancreas,exocrine,exocrine_adenocarcinoma,pancreas,OASL,IL7R,IFIT2,IFIT3,TGM2,PTGDS,PLAAT4,DDX60,ANKRD1,ADIRF
ACH-000518,CAL33,CAL33_UPPER_AERODIGESTIVE_TRACT,Male,Head and Neck Cancer,"Squamous Cell Carcinoma, oral",upper_aerodigestive,upper_aerodigestive_squamous,oral,upper_aerodigestive,KRT5,KRT15,KRT13,SAA2,KRT14,S100A8,SAA1,ALDH3A1,MMP13,LCN2
ACH-000519,PEER,PEER_HAEMATOPOIETIC_AND_LYMPHOID_TISSUE,Female,Leukemia,"Acute Lymphoblastic Leukemia (ALL), T-cell",blood,ALL,t_cell,blood,CHI3L2,CD3D,CD3E,GIMAP7,LEF1,IGLL1,SH2D1A,DNTT,GTSF1,SMIM24
ACH-000520,59M,59M_OVARY,Female,Ovarian Cancer,"Adenocarcinoma, high grade serous",ovary,ovary_adenocarcinoma,high_grade_serous,ovary,DPEP3,CLDN11,PPP1R14A,CT45A1,PAGE2B,MSC,THBS2,CPA4,EDIL3,GAGE2E
ACH-000521,NCIH2030,NCIH2030_LUNG,Male,Lung Cancer,"Non-Small Cell Lung Cancer (NSCLC), Adenocarcinoma",lung,NSCLC,NSCLC_adenocarcinoma,lung,FGB,FGG,FGA,RPS4Y1,CYP24A1,CPS1,SPP1,NNMT,CCL2,GRAMD1B
ACH-000522,UMUC3,UMUC3_URINARY_TRACT,Male,Bladder Cancer,Transitional Cell Carcinoma,urinary_tract,bladder_carcinoma,bladder_transitional_cell,urinary_tract,IL13RA2,SPANXB1,MAGEA4,SERPINE1,MAGEC2,ZNF385D,CA12,KCNMA1,TIE1,MME
ACH-000523,NCIH1184,NCIH1184_LUNG,Male,Lung Cancer,Small Cell Lung Cancer (SCLC),lung,SCLC,,lung,FABP7,ASCL1,ISL1,SOX1,NELL2,DLL1,BTBD17,DNALI1,RHBDL3,MYCL
ACH-000524,KURAMOCHI,KURAMOCHI_OVARY,Female,Ovarian Cancer,"Adenocarcinoma, high grade serous",ovary,ovary_adenocarcinoma,high_grade_serous,ovary,SLPI,WFDC2,CDH6,CP,S100A1,APOA1,SPON1,MSLN,CCDC146,PTGDS
ACH-000525,NCIH2171,NCIH2171_LUNG,Male,Lung Cancer,Small Cell Lung Cancer (SCLC),lung,SCLC,,lung,INSM1,PPP1R17,NEUROD1,RPRM,TAGLN3,CLVS1,RTN1,CPLX2,BEX1,GPX2
ACH-000526,HS821T,HS821T_FIBROBLAST,Female,Fibroblast,Bone,fibroblast,fibroblast_bone,,fibroblast,COL1A2,POSTN,COL1A1,COL3A1,ACAN,BGN,COL6A3,DCN,ACTA2,TAGLN
ACH-000527,OVISE,OVISE_OVARY,Female,Ovarian Cancer,"Adenocarcinoma, clear cell",ovary,ovary_adenocarcinoma,clear_cell,ovary,CALB1,SPP1,SAA1,VTCN1,KLK6,S100A1,SLC12A3,NLRP2,PDZK1IP1,SLC34A2
ACH-000528,ABC1,ABC1_LUNG,Male,Lung Cancer,"Non-Small Cell Lung Cancer (NSCLC), Adenocarcinoma",lung,NSCLC,NSCLC_adenocarcinoma,lung,IGF2,CLDN6,UPK1B,XAGE2,S100A9,AGR2,VGLL1,C5orf38,UPK2,CLIC3
ACH-000529,T173,T173_FIBROBLAST,Unknown,Fibroblast,Bone,fibroblast,fibroblast_bone,,fibroblast,COL1A2,ELN,COL1A1,ABI3BP,POSTN,MFAP5,DCN,SULF1,ACAN,COL6A3
ACH-000530,DMS114,DMS114_LUNG,Male,Lung Cancer,Small Cell Lung Cancer (SCLC),lung,SCLC,,lung,HGF,MMP10,COL3A1,GJA1,PAX6,MAGEA4,CTCFL,PI15,DCN,LUM
ACH-000531,RS5,RS5_FIBROBLAST,Male,Fibroblast,Lung,fibroblast,fibroblast_lung,,fibroblast,GREM1,DCN,COL1A2,IGFBP5,LCE2A,TAGLN,COL1A1,COL3A1,THY1,IGFBP3
ACH-000532,SNU61,SNU61_LARGE_INTESTINE,Male,Colon/Colorectal Cancer,Adenocarcinoma,colorectal,colorectal_adenocarcinoma,,colorectal,LGALS4,TSPAN8,KRT20,MUC13,GPA33,PHGR1,FABP1,AGR2,GPX2,VIL1
ACH-000533,NCIH2004RT,NCIH2004RT_SOFT_TISSUE,Unknown,Rhabdoid,Malignant Rhabdoid Tumor,soft_tissue,malignant_rhabdoid_tumor,,soft_tissue,CRH,SLN,ACTG2,TNNT3,DLK1,S100A1,IGF2,PDGFRA,OLFM3,RHAG
ACH-000534,WSUDLCL2,WSUDLCL2_HAEMATOPOIETIC_AND_LYMPHOID_TISSUE,Male,Lymphoma,Diffuse Large B-cell Lymphoma (DLBCL),lymphocyte,non_hodgkin_lymphoma,DLBCL,lymphocyte,MS4A1,IRAG2,MEF2B,CD22,VPREB3,CD79A,CD53,CD79B,JCHAIN,PLEK
ACH-000535,BXPC3,BXPC3_PANCREAS,Female,Pancreatic Cancer,"Ductal Adenocarcinoma, exocrine",pancreas,exocrine,exocrine_adenocarcinoma,pancreas,SCGB1A1,KRT5,KRT17,KRT13,KRT6A,CEACAM6,SPRR2A,FXYD3,SPRR2D,AQP3
ACH-000536,BT20,BT20_BREAST,Female,Breast Cancer,Breast Ductal Carcinoma,breast,breast_ductal_carcinoma,ERneg_HER2neg,breast,S100A9,IGFBP5,DHRS2,HSD17B1,VGLL1,AKR1B10,KRT5,CT45A6,S100A8,UGT1A6
ACH-000537,SNU761,SNU761_LIVER,Male,Liver Cancer,Hepatocellular Carcinoma,liver,hepatocellular_carcinoma,,liver,IGFBP1,CCN5,SPINK1,FGB,TM4SF4,SERPINA5,KRT20,ORM1,FGG,SPON2
ACH-000538,HUTU80,HUTU80_SMALL_INTESTINE,Male,Gastric Cancer,Duodenal Adenocarcinoma,gastric,duodenal_adenocarcinoma,,gastric,GCG,ALDH1A1,PAGE4,MAGEA4,FGF20,SNCA,SMR3B,HOATZ,FGF10,PCDH18
ACH-000539,HS618T,HS618T_FIBROBLAST,Female,Fibroblast,Lung,fibroblast,fibroblast_lung,,fibroblast,COL1A2,DCN,CD248,COL6A3,TNFRSF11B,COL1A1,PSG5,SPON2,FBLN5,DKK3
ACH-000540,HS606T,HS606T_FIBROBLAST,Female,Fibroblast,Breast,fibroblast,fibroblast_breast,,fibroblast,COL1A2,GREM1,COL1A1,COL6A3,COL3A1,IGFBP5,TAGLN,POSTN,ELN,SULF1
ACH-000542,HEYA8,HEYA8_OVARY,Female,Ovarian Cancer,"Adenocarcinoma, low grade serous",ovary,ovary_adenocarcinoma,low_grade_serous,ovary,ESM1,G0S2,TNFRSF6B,ECSCR,TIE1,IL1A,CLDN11,IL13RA2,AOX1,CXCL1
ACH-000543,SNU489,SNU489_CENTRAL_NERVOUS_SYSTEM,Male,Brain Cancer,Glioblastoma,central_nervous_system,glioma,glioblastoma,central_nervous_system,COL1A2,COL1A1,SPARC,GREM1,MMP2,COL3A1,LUM,CHI3L1,THY1,SCG5
ACH-000544,OE21,OE21_OESOPHAGUS,Male,Esophageal Cancer,Squamous Cell Carcinoma,esophagus,esophagus_squamous,,esophagus,KRT5,KRT6A,KRT17,KRT14,AKR1C2,KRT16,SPRR1B,ALDH3A1,PI3,FGFBP1
ACH-000545,VMCUB1,VMCUB1_URINARY_TRACT,Male,Bladder Cancer,Transitional Cell Carcinoma,urinary_tract,bladder_carcinoma,bladder_transitional_cell,urinary_tract,KRT6A,COL17A1,TACSTD2,FXYD3,FGFBP1,ADIRF,LY6D,ALDH3A1,CDH3,KRT5
ACH-000546,HSC4,HSC4_UPPER_AERODIGESTIVE_TRACT,Male,Head and Neck Cancer,Squamous Cell Carcinoma,upper_aerodigestive,upper_aerodigestive_squamous,,upper_aerodigestive,KRT5,KRT15,S100A9,KRT13,KRT4,TNNT3,IFI27,KRT17,KRT6A,S100A8
ACH-000547,HT1197,HT1197_URINARY_TRACT,Male,Bladder Cancer,Carcinoma,urinary_tract,bladder_carcinoma,,urinary_tract,IFI27,UPK1B,CLDN6,KRT6A,SPRR3,HSD3B1,CST6,OLR1,IFI6,FBN2
ACH-000548,BHY,BHY_UPPER_AERODIGESTIVE_TRACT,Male,Head and Neck Cancer,"Squamous Cell Carcinoma, oral",upper_aerodigestive,upper_aerodigestive_squamous,oral,upper_aerodigestive,KRT5,KRT17,SCGB1A1,FGFBP1,KRT6A,PI3,KRT14,MMP1,COL17A1,KRT15
ACH-000549,SNU1076,SNU1076_UPPER_AERODIGESTIVE_TRACT,Male,Head and Neck Cancer,"Squamous Cell Carcinoma, laryngeal",upper_aerodigestive,upper_aerodigestive_squamous,laryngeal,upper_aerodigestive,KRT13,KLK5,LCN2,OLR1,SAA1,KRT15,KRT5,MUC4,SAA2,CFB
ACH-000550,IGR39,IGR39_SKIN,Male,Skin Cancer,Melanoma,skin,melanoma,,skin,SPARC,MMP1,COL15A1,RPS4Y1,MAGEC2,GPNMB,COL5A1,PCSK2,IDO1,EEF1A2
ACH-000551,K562,K562_HAEMATOPOIETIC_AND_LYMPHOID_TISSUE,Female,Leukemia,"Chronic Myelogenous Leukemia (CML), blast crisis",blood,CML,blast_crisis,blood,HBG2,HBG1,HBE1,FAM178B,RHAG,HBA1,ALDH1A2,GTSF1,PRAME,TMEM273
ACH-000552,HT29,HT29_LARGE_INTESTINE,Female,Colon/Colorectal Cancer,Adenocarcinoma,colorectal,colorectal_adenocarcinoma,,colorectal,LYZ,LGALS4,TM4SF4,GPX2,TSPAN8,AGR2,KRT20,PHGR1,UGT1A10,SPINK1
ACH-000553,SQ1,SQ1_LUNG,Male,Lung Cancer,"Non-Small Cell Lung Cancer (NSCLC), Squamous Cell Carcinoma",lung,NSCLC,NSCLC_squamous,lung,CLDN6,SFTA2,G0S2,EREG,TM4SF18,TM4SF4,HHLA2,VGLL1,TACSTD2,ADGRF5
ACH-000554,UACC893,UACC893_BREAST,Female,Breast Cancer,Breast Ductal Carcinoma,breast,breast_ductal_carcinoma,ERneg_HER2pos,breast,MUCL1,GRB7,KRT81,ERBB2,AMBP,FBP1,CPS1,INHA,APOD,CRABP2
ACH-000555,A498,A498_KIDNEY,Male,Kidney Cancer,Renal Cell Carcinoma,kidney,renal_cell_carcinoma,,kidney,AKR1B10,ALDH1A1,SPP1,AKR1C2,AKR1C1,AKR1C3,CD70,MSC,GAL3ST1,IGFN1
ACH-000556,SIHA,SIHA_CERVIX,Female,Cervical Cancer,Carcinoma,cervix,cervical_carcinoma,,cervix,SPINK6,KRT17,VTN,ALPP,MARCOL,STEAP4,KRT7,OLR1,COL12A1,SLPI
ACH-000557,AML193,AML193_HAEMATOPOIETIC_AND_LYMPHOID_TISSUE,Female,Leukemia,"Acute Myelogenous Leukemia (AML), M5 (Eosinophilic/Monocytic)",blood,AML,M5,blood,AZU1,PRTN3,TSPOAP1,SRGN,MS4A3,BPI,DEFA1,CTSG,RNASE2,CSF3R
ACH-000558,A172,A172_CENTRAL_NERVOUS_SYSTEM,Male,Brain Cancer,Glioblastoma,central_nervous_system,glioma,glioblastoma,central_nervous_system,SUCNR1,COL1A2,SPARC,LRRC17,COL3A1,NEFL,COL5A2,TNFSF4,COL8A1,DKK1
ACH-000559,NCIH1836,NCIH1836_LUNG,Male,Lung Cancer,Small Cell Lung Cancer (SCLC),lung,SCLC,,lung,ASCL1,CACNA1A,MYCL,INSM1,GRP,TFF3,TAGLN3,BEX1,TUBA3C,CNTNAP2
ACH-000560,ECC10,ECC10_STOMACH,Male,Gastric Cancer,Small Cell Carcinoma,gastric,gastric_small_cell,,gastric,DEFA5,CHGB,DEFA6,SCGB1D2,NKD1,IGF2,MAOB,VGF,ASCL2,APCDD1
ACH-000561,TDOTT,TT_OESOPHAGUS,Male,Esophageal Cancer,Squamous Cell Carcinoma,esophagus,esophagus_squamous,,esophagus,LGALS7B,CALML5,KRTDAP,KRT5,CALML3,KRT6A,SPRR1B,ALDH3A1,KRT1,AKR1C2
ACH-000562,HCC78,HCC78_LUNG,Male,Lung Cancer,"Non-Small Cell Lung Cancer (NSCLC), Adenocarcinoma",lung,NSCLC,NSCLC_adenocarcinoma,lung,MUC4,KRT7,CST6,SFTA2,C15orf48,SLC34A2,ELF3,CD79A,CEACAM6,S100A14
ACH-000563,EBC1,EBC1_LUNG,Male,Lung Cancer,"Non-Small Cell Lung Cancer (NSCLC), Squamous Cell Carcinoma",lung,NSCLC,NSCLC_squamous,lung,CALB2,KRT7,CAV1,MET,CAV2,G0S2,LAMA3,FOSL1,SERPINA1,ST14
ACH-000565,RCM1,RCM1_LARGE_INTESTINE,Female,Colon/Colorectal Cancer,Adenocarcinoma,colorectal,colorectal_adenocarcinoma,,colorectal,KLK6,KRT23,LCN2,RLBP1,KRT20,DPEP1,KLK10,TMEM176A,TMEM176B,TSPAN8
ACH-000566,SW1710,SW1710_URINARY_TRACT,Female,Bladder Cancer,Transitional Cell Carcinoma,urinary_tract,bladder_carcinoma,bladder_transitional_cell,urinary_tract,RARRES2,SPP1,HAVCR1,VCAM1,CRYAB,CLDN2,PDZK1IP1,IGFN1,ALPK2,S100A2
ACH-000567,ST486,ST486_HAEMATOPOIETIC_AND_LYMPHOID_TISSUE,Female,Lymphoma,"B-cell, Non-Hodgkins, Burkitts",lymphocyte,non_hodgkin_lymphoma,b_cell_burkitt,lymphocyte,IGLL1,JCHAIN,TCL1A,IGLL5,MS4A1,CD79B,CD79A,HLA-DRA,NIBAN3,MZB1
ACH-000568,UACC812,UACC812_BREAST,Female,Breast Cancer,Breast Ductal Carcinoma,breast,breast_ductal_carcinoma,ERpos_HER2pos,breast,SCGB2A2,TFF1,TFF3,SCGB1D2,CXCL14,MUCL1,CSF3,RAPGEFL1,CRABP2,SPTSSB
ACH-000569,ISTMES1,ISTMES1_PLEURA,Female,Lung Cancer,Mesothelioma,lung,mesothelioma,,lung,NPPB,BDKRB1,ALDH1A2,ARSI,OXTR,SPARC,ABI3BP,THY1,ANXA8,KRT19
ACH-000570,YKG1,YKG1_CENTRAL_NERVOUS_SYSTEM,Female,Brain Cancer,Glioblastoma,central_nervous_system,glioma,glioblastoma,central_nervous_system,COL6A3,CHI3L1,ITGA8,TM4SF18,STC1,HPGD,LRRC17,CLEC2B,RGS2,SLC14A1
ACH-000571,T98G,T98G_CENTRAL_NERVOUS_SYSTEM,Male,Brain Cancer,Glioblastoma,central_nervous_system,glioma,glioblastoma,central_nervous_system,COL1A2,IGFBP5,COL6A3,AKR1C2,AKR1B10,ALDH3A1,MMP2,TNFRSF11B,AKR1C1,CYTL1
ACH-000572,G361,G361_SKIN,Male,Skin Cancer,Melanoma,skin,melanoma,,skin,PMEL,TYRP1,MLANA,SLC45A2,TYR,SLC24A5,SLC16A6,PDK4,SOX10,CTAG2
ACH-000573,MDAMB436,MDAMB436_BREAST,Female,Breast Cancer,Carcinoma,breast,breast_carcinoma,ERneg_HER2neg,breast,PI3,MAGEA4,BHMT2,S100A9,FBLN2,C1R,ANPEP,S100A8,AQP9,C1S
ACH-000574,FUOV1,FUOV1_OVARY,Female,Ovarian Cancer,"Adenocarcinoma, high grade serous",ovary,ovary_adenocarcinoma,high_grade_serous,ovary,GPX3,MAL,PAX2,MEST,RAPGEF3,ATOH8,COL11A1,PAPPA2,COL26A1,SST
ACH-000575,HCC364,HCC364_LUNG,Male,Lung Cancer,"Non-Small Cell Lung Cancer (NSCLC), Adenocarcinoma",lung,NSCLC,NSCLC_adenocarcinoma,lung,ALDH1A3,AREG,KRT7,RPS4Y1,LMO3,ADGRF5,PEG10,EEF1A2,COL13A1,TNS4
ACH-000577,JHH2,JHH2_LIVER,Male,Liver Cancer,Hepatocellular Carcinoma,liver,hepatocellular_carcinoma,,liver,SPANXB1,SERPINE1,CGB8,UGT1A10,AADAC,GPAM,MXRA5,CXCL6,UGT1A1,C3
ACH-000578,HCC1171,HCC1171_LUNG,Male,Lung Cancer,"Non-Small Cell Lung Cancer (NSCLC), Adenocarcinoma",lung,NSCLC,NSCLC_adenocarcinoma,lung,CST6,XAGE1B,XAGE1A,KRT7,AREG,WFDC2,SFTA2,KRT19,IGFBP7,TACSTD2
ACH-000579,UACC257,UACC257_SKIN,Unknown,Skin Cancer,Melanoma,skin,melanoma,,skin,PMEL,DCT,TYRP1,MLANA,S100B,TYR,RGS1,WFDC1,CAPN3,SLC45A2
ACH-000580,C32,C32_SKIN,Male,Skin Cancer,"Melanoma, amelanotic",skin,melanoma,amelanotic,skin,S100B,VGF,HLA-DRA,MMP8,SERPINA3,HLA-DRB5,HLA-DRB1,SPRR2D,SOX10,SERPINE2
ACH-000581,SNU16,SNU16_STOMACH,Female,Gastric Cancer,Adenocarcinoma,gastric,gastric_adenocarcinoma,,gastric,LGALS4,REG4,FGFR2,PHGR1,AGR2,AGR3,FCGBP,MUC2,CDH17,SLC1A2
ACH-000582,COLO741,COLO741_SKIN,Female,Skin Cancer,Melanoma,skin,melanoma,,skin,TYRP1,PMEL,TYR,DCT,MLANA,CAPN3,SLC24A5,SOX10,ABCB5,S100B
ACH-000583,MC116,MC116_HAEMATOPOIETIC_AND_LYMPHOID_TISSUE,Male,Lymphoma,"B-cell, Non-Hodgkins",lymphocyte,non_hodgkin_lymphoma,b_cell,lymphocyte,JCHAIN,RGS13,CD79A,CD52,CD79B,IRAG2,HLA-DRA,CD48,VPREB3,CD74
ACH-000584,JHOS4,JHOS4_OVARY,Female,Ovarian Cancer,"Adenocarcinoma, high grade serous",ovary,ovary_adenocarcinoma,high_grade_serous,ovary,SLC34A2,SLPI,CCL2,S100A9,UPK1B,CBLN2,WFDC2,MAGEA8,CX3CL1,WNT7A
ACH-000585,EPLC272H,EPLC272H_LUNG,Male,Lung Cancer,"Non-Small Cell Lung Cancer (NSCLC), Squamous Cell Carcinoma",lung,NSCLC,NSCLC_squamous,lung,SAA1,KRT6A,S100A9,KRT5,KRT6B,S100A7,CXCL1,IL1B,IL1A,PNMA5
ACH-000586,NCIH1876,NCIH1876_LUNG,Male,Lung Cancer,Small Cell Lung Cancer (SCLC),lung,SCLC,,lung,GHRH,DLK1,TAGLN3,ASCL1,ISL1,BEX1,TCEAL2,DLX5,FXYD6,INSM1
ACH-000587,NCIH1975,NCIH1975_LUNG,Female,Lung Cancer,"Non-Small Cell Lung Cancer (NSCLC), Adenocarcinoma",lung,NSCLC,NSCLC_adenocarcinoma,lung,XAGE1B,XAGE1A,DHRS2,CT45A1,CT45A9,CCN5,KRT7,TDRD9,TGFBI,CT45A8
ACH-000589,NCIH1437,NCIH1437_LUNG,Male,Lung Cancer,"Non-Small Cell Lung Cancer (NSCLC), Adenocarcinoma",lung,NSCLC,NSCLC_adenocarcinoma,lung,AKR1C1,TFF1,KRT81,AKR1C2,FGA,CES1,FGG,AGR2,AKR1B10,S100A14
ACH-000590,NCIH2073,NCIH2073_LUNG,Female,Lung Cancer,"Non-Small Cell Lung Cancer (NSCLC), Adenocarcinoma",lung,NSCLC,NSCLC_adenocarcinoma,lung,CEACAM6,MUC13,PTGS1,MAOB,PDE10A,PCSK9,PON3,C11orf86,CRIP1,TM4SF4
ACH-000591,LN235,LN235_CENTRAL_NERVOUS_SYSTEM,Male,Brain Cancer,Astrocytoma,central_nervous_system,glioma,astrocytoma,central_nervous_system,COL1A2,BGN,PTX3,CRYAB,POSTN,COL11A1,THY1,FRZB,COL8A1,COL6A3
ACH-000592,TM31,TM31_CENTRAL_NERVOUS_SYSTEM,Female,Brain Cancer,Glioma,central_nervous_system,glioma,,central_nervous_system,BEX1,FLG,COL17A1,IGFBP7,SOX3,PDPN,VAT1L,ELMOD1,DKK1,CNTN1
ACH-000593,BC3C,BC3C_URINARY_TRACT,Female,Bladder Cancer,Transitional Cell Carcinoma,urinary_tract,bladder_carcinoma,bladder_transitional_cell,urinary_tract,KRT5,CES1,AKR1B10,AKR1C1,AKR1C2,AKR1C3,KRT14,ALDH3A1,KRT17,GPX2
ACH-000594,DMS153,DMS153_LUNG,Male,Lung Cancer,Small Cell Lung Cancer (SCLC),lung,SCLC,,lung,CEACAM5,GRP,ASCL1,PCSK2,CEACAM6,CALCA,SCG2,SCGN,TMEM176A,HEPACAM2
ACH-000595,LN229,LN229_CENTRAL_NERVOUS_SYSTEM,Female,Brain Cancer,Glioblastoma,central_nervous_system,glioma,glioblastoma,central_nervous_system,S100B,MIA,SOX10,HLA-DRA,HLA-DRB1,COL11A1,SERPINA3,SPARC,MMP2,CD74
ACH-000596,LCLC97TM1,LCLC97TM1_LUNG,Male,Lung Cancer,"Non-Small Cell Lung Cancer (NSCLC), Large Cell Carcinoma",lung,NSCLC,NSCLC_large_cell,lung,PRSS2,LCN2,PRSS1,XAGE1B,RPS4Y1,S100A14,PLAU,KRT7,C15orf48,AREG
ACH-000597,TTC709,TTC709_SOFT_TISSUE,Unknown,Rhabdoid,Malignant Rhabdoid Tumor,soft_tissue,malignant_rhabdoid_tumor,,soft_tissue,FOLH1,FAM9C,SCG2,TECRL,SPARCL1,CD34,CRYM,L1TD1,SPP1,EPHA7
ACH-000599,PATU8902,PATU8902_PANCREAS,Female,Pancreatic Cancer,"Ductal Adenocarcinoma, exocrine",pancreas,exocrine,exocrine_adenocarcinoma,pancreas,CALB1,C6orf15,TNFRSF6B,SNCG,TM4SF18,CALB2,KLK6,FOXJ1,FGFBP1,IL1A
ACH-000600,SLR26,SLR26_KIDNEY,Unknown,Kidney Cancer,Renal Cell Carcinoma,kidney,renal_cell_carcinoma,,kidney,SPP1,SLC2A2,FXYD2,CDH6,TNFRSF6B,TM4SF18,SERPINE1,CD70,IGFBP7,TFPI2
ACH-000601,MIAPACA2,MIAPACA2_PANCREAS,Male,Pancreatic Cancer,"Ductal Adenocarcinoma, exocrine",pancreas,exocrine,exocrine_adenocarcinoma,pancreas,ALDH1A1,TNFRSF6B,RGS4,CLDN11,RGS5,MT1E,TM4SF18,S100A4,ADIRF,AKR1C1
ACH-000602,M07E,M07E_HAEMATOPOIETIC_AND_LYMPHOID_TISSUE,Female,Leukemia,"Acute Myelogenous Leukemia (AML), M7 (Megakaryoblastic)",blood,AML,M7,blood,HBG2,RHAG,PRSS57,HBG1,APOC2,HBD,LAPTM5,MLC1,SPN,ITM2A
ACH-000603,BEN,BEN_LUNG,Male,Lung Cancer,"Non-Small Cell Lung Cancer (NSCLC), unspecified",lung,NSCLC,,lung,CALCA,CES1,PRSS2,AMBP,ASCL1,AKR1B10,CHGA,GSTA1,PRSS1,OR51E2
ACH-000604,KYO1,KYO1_HAEMATOPOIETIC_AND_LYMPHOID_TISSUE,Male,Leukemia,"Chronic Myelogenous Leukemia (CML), blast crisis",blood,CML,blast_crisis,blood,HBG2,HBA1,HBE1,HBA2,PNCK,SAMSN1,HBG1,CT45A1,LAPTM5,ALAS2
ACH-000605,TE6,TE6_OESOPHAGUS,Male,Esophageal Cancer,Squamous Cell Carcinoma,esophagus,esophagus_squamous,,esophagus,CYP1A1,AKR1C1,AKR1B10,ALDH3A1,ADH7,AKR1C2,SPARCL1,KRT6A,GPX2,SPP1
ACH-000606,PECAPJ34CLONEC12,PECAPJ34CLONEC12_UPPER_AERODIGESTIVE_TRACT,Male,Head and Neck Cancer,"Squamous Cell Carcinoma, basaloid",upper_aerodigestive,upper_aerodigestive_squamous,basaloid,upper_aerodigestive,KRT14,KRT5,LY6D,KRT6A,KRT6B,KRT17,S100A2,SPRR1B,IFI27,FABP4
ACH-000607,KYM1,KYM1_SOFT_TISSUE,Male,Rhabdoid,Malignant Rhabdoid Tumor,soft_tissue,malignant_rhabdoid_tumor,,soft_tissue,TGM3,PNOC,CABP1,POSTN,FABP4,COL11A1,ALDH1A1,OSTN,COL3A1,COL1A2
ACH-000608,COV644,COV644_OVARY,Female,Ovarian Cancer,"Adenocarcinoma, mucinous",ovary,ovary_adenocarcinoma,mucinous,ovary,SPINK4,ALPL,MUCL3,SPOCK2,UPK1B,WNT1,MSLN,IGFL1,UPK3B,KRT17
ACH-000609,SF126,SF126_CENTRAL_NERVOUS_SYSTEM,Female,Brain Cancer,Astrocytoma,central_nervous_system,glioma,astrocytoma,central_nervous_system,KRT81,COL6A3,DIO2,COL1A1,COL1A2,THY1,MFAP4,BGN,DHRS2,SSX3
ACH-000610,NCIH2227,NCIH2227_LUNG,Male,Lung Cancer,Small Cell Lung Cancer (SCLC),lung,SCLC,,lung,PEG3,PAGE5,GNG3,BEX1,PAGE2,TAC3,PCSK1N,TUBB2B,FXYD6,DLX2
ACH-000611,SUDHL6,SUDHL6_HAEMATOPOIETIC_AND_LYMPHOID_TISSUE,Male,Lymphoma,Diffuse Large B-cell Lymphoma (DLBCL),lymphocyte,non_hodgkin_lymphoma,DLBCL,lymphocyte,MS4A1,IGLL5,CD79A,CD79B,CHI3L2,IRAG2,CD52,HLA-DRA,RGS13,JCHAIN
ACH-000612,HUT102,HUT102_HAEMATOPOIETIC_AND_LYMPHOID_TISSUE,Male,Lymphoma,T-cell,lymphocyte,lymphoma_unspecified,t_cell,lymphocyte,GZMA,CCL1,CCL17,TNFRSF18,IL2RA,GZMB,IL2RB,CCL3,HLA-DRB5,LSP1
ACH-000613,HOS,HOS_BONE,Female,Bone Cancer,Osteosarcoma,bone,osteosarcoma,,bone,NPPB,FOXR1,TAGLN,NPY,MYL9,COL1A1,ACTA2,ACTG2,COL3A1,CLDN11
ACH-000614,RVH421,RVH421_SKIN,Male,Skin Cancer,Melanoma,skin,melanoma,,skin,MLANA,S100B,DCT,TYR,TYRP1,MIA,MMP8,EDNRB,FABP7,PMEL
ACH-000615,SKMEL28,SKMEL28_SKIN,Male,Skin Cancer,Melanoma,skin,melanoma,,skin,PMEL,S100B,MLANA,MIA,PLA1A,DCT,APOD,BIRC7,SOX10,TYR
ACH-000616,HS746T,HS746T_STOMACH,Male,Gastric Cancer,Adenocarcinoma,gastric,gastric_adenocarcinoma,,gastric,ESM1,XAGE1B,CAV1,CAV2,MET,COL1A2,LOX,MMP1,SERPINE1,FAM83A
ACH-000617,OVCAR4,OVCAR4_OVARY,Female,Ovarian Cancer,"Adenocarcinoma, high grade serous",ovary,ovary_adenocarcinoma,high_grade_serous,ovary,TNNC1,CRYAB,NPPB,TAGLN,EDN2,IGFL1,SLC34A2,KRT7,NPTX2,RBP1
ACH-000618,SNU1041,SNU1041_UPPER_AERODIGESTIVE_TRACT,Male,Head and Neck Cancer,"Squamous Cell Carcinoma, hypopharyngeal",upper_aerodigestive,upper_aerodigestive_squamous,hypopharyngeal,upper_aerodigestive,KRT17,KRT5,CEACAM6,KRT4,NKX2-8,S100A2,SPTSSB,ALDH3A1,MMP10,KRT6A
ACH-000619,PECAPJ15,PECAPJ15_UPPER_AERODIGESTIVE_TRACT,Male,Head and Neck Cancer,"Squamous Cell Carcinoma, oral",upper_aerodigestive,upper_aerodigestive_squamous,oral,upper_aerodigestive,KRT13,LY6D,FXYD3,MUC4,IFI27,KLK8,KLK6,TACSTD2,KRT15,PRSS21
ACH-000620,JHH1,JHH1_LIVER,Male,Liver Cancer,Hepatocellular Carcinoma,liver,hepatocellular_carcinoma,,liver,MFAP5,CALB1,SLC34A2,NMU,FABP3,RBP4,SOX17,UPK3B,UGT1A6,RXFP1
ACH-000621,MDAMB157,MDAMB157_BREAST,Female,Breast Cancer,Breast Ductal Carcinoma,breast,breast_ductal_carcinoma,ERneg_HER2neg,breast,SPARC,COL3A1,SDC2,CTAG1A,PDGFRB,RBP7,KCNE4,LEFTY2,LUM,CTAG2
ACH-000622,KNS42,KNS42_CENTRAL_NERVOUS_SYSTEM,Male,Brain Cancer,Glioblastoma,central_nervous_system,glioma,glioblastoma,central_nervous_system,GFAP,A2M,PI15,SFRP4,CNR1,GPM6B,CCL2,PRSS35,GREM1,HLA-DRA
ACH-000623,SNU201,SNU201_CENTRAL_NERVOUS_SYSTEM,Male,Brain Cancer,Glioblastoma,central_nervous_system,glioma,glioblastoma,central_nervous_system,GFAP,CXCL14,COL1A2,COL14A1,CRYAB,THY1,SPARC,COL3A1,FABP7,PRRX1
ACH-000624,HCC1806,HCC1806_BREAST,Female,Breast Cancer,Breast Ductal Carcinoma,breast,breast_ductal_carcinoma,ERneg_HER2neg,breast,KRT5,KRT13,KRT14,ADIRF,KRT4,ANXA8,OLR1,FXYD3,TRIM29,KLK5
ACH-000625,HEP3B217,HEP3B217_LIVER,Male,Liver Cancer,Hepatocellular Carcinoma,liver,hepatocellular_carcinoma,,liver,APOA2,ALB,AHSG,TF,NTS,AMBP,APOB,IGF2,ASGR2,ORM1
ACH-000627,LCLC103H,LCLC103H_LUNG,Male,Lung Cancer,"Non-Small Cell Lung Cancer (NSCLC), Large Cell Carcinoma",lung,NSCLC,NSCLC_large_cell,lung,SPANXB1,CTAG1B,XAGE1B,NPPB,CTAG1A,SPANXA2,TSPY4,CNN1,VCX3B,VCX3A
ACH-000628,NCIH596,NCIH596_LUNG,Male,Lung Cancer,"Non-Small Cell Lung Cancer (NSCLC), Adenosquamous Carcinoma",lung,NSCLC,NSCLC_adenosquamous,lung,RARRES1,ALDH3A1,KRT13,MX1,MSLN,CFB,CPA4,AQP3,IGFBP3,IFI27
ACH-000629,IOMMLEE,IOMMLEE_CENTRAL_NERVOUS_SYSTEM,Male,Brain Cancer,Meningioma,central_nervous_system,meningioma,,central_nervous_system,PAGE1,ESM1,KRTAP2-3,FAM3B,G0S2,ADAMTS6,ADAMTS2,TMEM158,SMOC2,AOX1
ACH-000630,YD8,YD8_UPPER_AERODIGESTIVE_TRACT,Female,Head and Neck Cancer,"Squamous Cell Carcinoma, tongue",upper_aerodigestive,upper_aerodigestive_squamous,tongue,upper_aerodigestive,IFI27,COL1A1,CPA4,COL1A2,HAPLN1,GGT5,EFEMP1,COL5A1,C3,ANXA8L1
ACH-000631,KS1,KS1_CENTRAL_NERVOUS_SYSTEM,Female,Brain Cancer,Astrocytoma,central_nervous_system,glioma,astrocytoma,central_nervous_system,TH,CRHBP,BGN,IGF2,IL17B,LOXL4,F2RL2,S100B,S100A1,FGF5
ACH-000632,HS944T,HS944T_SKIN,Male,Skin Cancer,Melanoma,skin,melanoma,,skin,SERPINA3,MMP1,IL1B,HLA-DRA,XAGE1B,CTAG2,CTAG1A,S100B,CXCL1,HLA-DRB5
ACH-000633,FU97,FU97_STOMACH,Female,Gastric Cancer,Adenocarcinoma,gastric,gastric_adenocarcinoma,diffuse_gastric,gastric,APOA2,AFP,APOA1,TTR,SERPINA1,GPC3,AMBP,SERPINF2,AHSG,RBP4
ACH-000634,LN340,LN340_CENTRAL_NERVOUS_SYSTEM,Male,Brain Cancer,Glioblastoma,central_nervous_system,glioma,glioblastoma,central_nervous_system,COL6A3,COL1A2,THY1,BGN,FABP7,COL11A1,IGFBP5,AKR1C2,PI15,PRRX1
ACH-000635,SNU119,SNU119_OVARY,Female,Ovarian Cancer,"Cystadenocarcinoma, high grade serous",ovary,ovary_adenocarcinoma,high_grade_serous,ovary,CLDN16,CLDN6,S100A1,SLC34A2,TNNC1,CRYAB,VTCN1,KLK7,MFGE8,MSLN
ACH-000636,RPMI8402,RPMI8402_HAEMATOPOIETIC_AND_LYMPHOID_TISSUE,Female,Leukemia,"Acute Lymphoblastic Leukemia (ALL), T-cell",blood,ALL,t_cell,blood,ARMH1,CD3D,CD3E,DNTT,CTSG,ZAP70,MZB1,LCK,GIMAP7,IL2RG
ACH-000637,KYSE520,KYSE520_OESOPHAGUS,Female,Esophageal Cancer,Squamous Cell Carcinoma,esophagus,esophagus_squamous,,esophagus,KRT14,PI3,KRT5,CES1,KRT17,ALPP,CYP24A1,UGT1A6,KRT6A,SPRR1B
ACH-000638,NCIH441,NCIH441_LUNG,Male,Lung Cancer,"Non-Small Cell Lung Cancer (NSCLC), Adenocarcinoma",lung,NSCLC,NSCLC_adenocarcinoma,lung,SFTPA1,SFTPA2,NAPSA,ADGRF1,SLC22A31,SLC34A2,CAPN8,MUC21,S100P,NKX2-1
ACH-000639,NCIH211,NCIH211_LUNG,Female,Lung Cancer,Small Cell Lung Cancer (SCLC),lung,SCLC,,lung,IRAG2,BMX,AVIL,C11orf53,POU2F3,GAL,HEPACAM2,CBLN2,NMU,TAS2R38
ACH-000640,SKMEL31,SKMEL31_SKIN,Female,Skin Cancer,Melanoma,skin,melanoma,,skin,S100B,A2M,SERPINA3,MIA,COL11A1,COL1A2,RNASE1,SERPINE2,PLP1,SPARC
ACH-000641,CMK,CMK_HAEMATOPOIETIC_AND_LYMPHOID_TISSUE,Male,Leukemia,"Acute Myelogenous Leukemia (AML), M7 (Megakaryoblastic)",blood,AML,M7,blood,HBG2,DLK1,HDC,PRG2,GATA1,MS4A3,ITGA2B,MYL4,FCER1A,CA1
ACH-000643,HDQP1,HDQP1_BREAST,Female,Breast Cancer,Breast Ductal Carcinoma,breast,breast_ductal_carcinoma,ERneg_HER2neg,breast,RARRES1,SPOCK2,KRT81,PAGE2,CALB1,KRT17,ANPEP,ALPP,FAM9C,KRT7
ACH-000644,COLO829,COLO829_SKIN,Male,Skin Cancer,Melanoma,skin,melanoma,,skin,S100B,TRIML2,THBS2,GDF15,TYR,SERPINE2,UCN2,DCT,TIMP3,LOXL4
ACH-000645,JL1,JL1_PLEURA,Male,Lung Cancer,Mesothelioma,lung,mesothelioma,,lung,COL3A1,CEMIP,PSG1,IL6,CDH11,POSTN,NPPB,SERPINE1,SULF1,PSG5
ACH-000646,OVMANA,OVMANA_OVARY,Female,Ovarian Cancer,"Adenocarcinoma, clear cell",ovary,ovary_adenocarcinoma,clear_cell,ovary,SPP1,NAPSA,DEFB1,MFAP5,TNFRSF6B,CP,MMP7,RIMKLB,GPX2,PTGDS
ACH-000647,TE1,TE1_OESOPHAGUS,Male,Esophageal Cancer,Squamous Cell Carcinoma,esophagus,esophagus_squamous,,esophagus,KRT81,SUSD2,KLK5,CPA4,ACTL8,KLK6,IL6,EFEMP1,ANXA8,FABP3
ACH-000648,NCIH28,NCIH28_PLEURA,Male,Lung Cancer,Mesothelioma,lung,mesothelioma,,lung,SST,FXYD2,RARRES2,AKR1B10,AKR1C2,ALDH1A1,HAVCR1,SPP1,AKR1C3,HMOX1
ACH-000649,786O,786O_KIDNEY,Male,Kidney Cancer,"Renal Carcinoma, clear cell",kidney,renal_cell_carcinoma,clear_cell,kidney,RARRES2,IL32,CD70,GAL3ST1,RPS4Y1,C15orf48,TNFSF10,TGFBI,CDK15,SERPINE1
ACH-000650,IGR37,IGR37_SKIN,Male,Skin Cancer,Melanoma,skin,melanoma,,skin,PMEL,TYRP1,DCT,MLANA,SLC45A2,TYR,S100B,TRPM1,PAEP,SLC24A5
ACH-000651,SW620,SW620_LARGE_INTESTINE,Male,Colon/Colorectal Cancer,Adenocarcinoma,colorectal,colorectal_adenocarcinoma,,colorectal,NKD1,NOTUM,GPX2,FGF3,GJB1,VIL1,EPS8L3,PLEKHB1,MYH7B,LCK
ACH-000652,SUIT2,SUIT2_PANCREAS,Male,Pancreatic Cancer,"Ductal Adenocarcinoma, exocrine",pancreas,exocrine,exocrine_adenocarcinoma,pancreas,MMP7,LGALS4,HSD17B2,TSPAN8,ADH1C,HMGCS2,VCAN,IGFBP1,HLA-DMB,CFTR
ACH-000654,RAJI,RAJI_HAEMATOPOIETIC_AND_LYMPHOID_TISSUE,Male,Lymphoma,"B-cell, Non-Hodgkins, Burkitts",lymphocyte,non_hodgkin_lymphoma,b_cell_burkitt,lymphocyte,JCHAIN,IGLL5,CD79A,CD79B,HLA-DRA,MZB1,MS4A1,CD74,IRAG2,HLA-DQA1
ACH-000655,SF268,SF268_CENTRAL_NERVOUS_SYSTEM,Female,Brain Cancer,Glioma,central_nervous_system,glioma,,central_nervous_system,THY1,NPPB,NGF,RPS4Y1,SERPINE1,DKK3,COL1A1,COL1A2,CPA4,CDH13
ACH-000656,SUDHL8,SUDHL8_HAEMATOPOIETIC_AND_LYMPHOID_TISSUE,Male,Lymphoma,Diffuse Large B-cell Lymphoma (DLBCL),lymphocyte,non_hodgkin_lymphoma,DLBCL,lymphocyte,TCL1A,CD79B,IGLL1,HLA-DRA,VPREB3,NIBAN3,CXCR4,RUBCNL,CD79A,DTX1
ACH-000657,A2780,A2780_OVARY,Female,Ovarian Cancer,"Adenocarcinoma, endometrioid",ovary,ovary_adenocarcinoma,endometrioid,ovary,HGF,NTS,PI15,MMP10,MEST,FIBIN,VMO1,POSTN,CCND2,DLX2
ACH-000659,SCLC21H,SCLC21H_LUNG,Male,Lung Cancer,Small Cell Lung Cancer (SCLC),lung,SCLC,,lung,STMN4,INSM1,CHGB,TUBB2B,TCEAL7,CPLX2,NEUROD1,PRPH,CHGA,TNFRSF18
ACH-000660,SUDHL5,SUDHL5_HAEMATOPOIETIC_AND_LYMPHOID_TISSUE,Female,Lymphoma,Diffuse Large B-cell Lymphoma (DLBCL),lymphocyte,non_hodgkin_lymphoma,DLBCL,lymphocyte,IRAG2,MS4A1,CD79A,RGS13,CD79B,CHI3L2,CD22,CD52,POU2AF1,MEF2B
ACH-000661,WM1799,WM1799_SKIN,Male,Skin Cancer,Melanoma,skin,melanoma,,skin,S100B,ITIH5,PMEL,DCT,TYR,MMP1,MLANA,SOX10,EDNRB,MIA
ACH-000662,CORL23,CORL23_LUNG,Male,Lung Cancer,"Non-Small Cell Lung Cancer (NSCLC), Large Cell Carcinoma",lung,NSCLC,NSCLC_large_cell,lung,PAEP,KISS1,OR51B5,CT45A1,PLAT,MAGEA4,KLK6,MIA,C6orf15,HBE1
ACH-000663,OVTOKO,OVTOKO_OVARY,Female,Ovarian Cancer,"Adenocarcinoma, clear cell",ovary,ovary_adenocarcinoma,clear_cell,ovary,SPP1,FXYD2,CALB1,CP,MFAP5,CLEC4E,PRODH,SPON1,UPK1B,MAL
ACH-000664,SUDHL1,SUDHL1_HAEMATOPOIETIC_AND_LYMPHOID_TISSUE,Male,Lymphoma,"T-cell, Non-Hodgkins, Anaplastic Large Cell (ALCL)",lymphocyte,non_hodgkin_lymphoma,t_cell_ALCL,lymphocyte,GZMB,IL2RA,SERPINA1,FCER1G,UPK1B,NKG7,ARHGAP15,SLC26A4,BATF3,APOC2
ACH-000665,SKMES1,SKMES1_LUNG,Male,Lung Cancer,"Non-Small Cell Lung Cancer (NSCLC), Squamous Cell Carcinoma",lung,NSCLC,NSCLC_squamous,lung,AKR1C1,XAGE1B,ALDH3A1,SPANXA2,XAGE1A,CTAG2,ANPEP,SERPINA1,EREG,IFI27
ACH-000666,NCIH1355,NCIH1355_LUNG,Male,Lung Cancer,"Non-Small Cell Lung Cancer (NSCLC), Adenocarcinoma",lung,NSCLC,NSCLC_adenocarcinoma,lung,XAGE1B,CYP24A1,TFPI2,ALDH3A1,AKR1C1,XAGE1A,CLU,AKR1C2,FGA,SPP1
ACH-000667,HCC44,HCC44_LUNG,Female,Lung Cancer,"Non-Small Cell Lung Cancer (NSCLC), Adenocarcinoma",lung,NSCLC,NSCLC_adenocarcinoma,lung,CXCL5,KRT81,SERPINB2,IL11,XAGE1B,DIO2,LCN2,KRT17,CXCL8,C15orf48
ACH-000668,HCC70,HCC70_BREAST,Female,Breast Cancer,Breast Ductal Carcinoma,breast,breast_ductal_carcinoma,ERneg_HER2neg,breast,RARRES1,KRT5,CALML5,KRT16,TCN1,S100A9,CXCL17,PLA2G2A,AZGP1,MGP
ACH-000669,SW900,SW900_LUNG,Male,Lung Cancer,"Non-Small Cell Lung Cancer (NSCLC), Squamous Cell Carcinoma",lung,NSCLC,NSCLC_squamous,lung,KRT81,IFI27,XAGE1B,XAGE1A,TMEM156,AGR2,ADGRF5,KRT7,ADGRF1,CLDN10
ACH-000670,SBC5,SBC5_LUNG,Male,Lung Cancer,Small Cell Lung Cancer (SCLC),lung,SCLC,,lung,GAGE2E,GAGE2A,GAGE1,FAM9C,MAGEA4,GAGE13,CTSK,ALDH1A1,MAGEA9B,XAGE1B
ACH-000671,HUH6,HUH6_LIVER,Male,Liver Cancer,Hepatoblastoma,liver,hepatoblastoma,,liver,APOA1,CST1,APOA2,COL2A1,CST4,GPC3,LIN28A,PLP1,MT1G,FGG
ACH-000672,IALM,IALM_LUNG,Male,Lung Cancer,"Non-Small Cell Lung Cancer (NSCLC), Large Cell Carcinoma",lung,NSCLC,NSCLC_large_cell,lung,LOX,XAGE1B,ESM1,CT45A3,CT45A10,NKX2-1,LY6K,CT45A1,NRK,GNGT2
ACH-000673,LN443,LN443_CENTRAL_NERVOUS_SYSTEM,Unknown,Brain Cancer,Glioblastoma,central_nervous_system,glioma,glioblastoma,central_nervous_system,MMP3,COL1A2,SERPINB7,MMP1,NPTX1,THY1,COL6A3,PDGFRA,SERPINB2,SBSN
ACH-000674,NUGC4,NUGC4_STOMACH,Female,Gastric Cancer,Adenocarcinoma,gastric,gastric_adenocarcinoma,diffuse_gastric,gastric,LYZ,LGALS4,TM4SF4,IGFBP1,FGL1,GPX2,AKR1B10,TSPAN8,MYBPC1,FXYD2
ACH-000675,NCIH1734,NCIH1734_LUNG,Female,Lung Cancer,"Non-Small Cell Lung Cancer (NSCLC), Adenocarcinoma",lung,NSCLC,NSCLC_adenocarcinoma,lung,TFPI2,SFTPA1,SFTPB,CLDN10,NKX2-1,CEMIP,SCEL,PENK,COL25A1,LMO3
ACH-000676,LN464,LN464_CENTRAL_NERVOUS_SYSTEM,Male,Brain Cancer,Glioblastoma,central_nervous_system,glioma,glioblastoma,central_nervous_system,APOC2,PMEL,DCT,APOE,S100B,TYRP1,WFDC1,APOC1,MIA,MLANA
ACH-000677,SW1573,SW1573_LUNG,Female,Lung Cancer,"Non-Small Cell Lung Cancer (NSCLC), Adenocarcinoma",lung,NSCLC,NSCLC_adenocarcinoma,lung,KISS1,PSG9,MAMDC2,CACNA2D3,CCN2,PSG5,DCLK1,CCDC3,BCL2L15,TGM2
ACH-000678,MKN7,MKN7_STOMACH,Male,Gastric Cancer,"Adenocarcinoma, tubular",gastric,gastric_adenocarcinoma,tubular,gastric,ALPP,HSD3B1,CLDN6,CALB1,C6orf15,KRT81,SPANXB1,FOLR1,NPPB,LAMA3
ACH-000679,OE19,OE19_OESOPHAGUS,Male,Esophageal Cancer,Squamous Cell Carcinoma,esophagus,esophagus_squamous,laryngeal,esophagus,ALDH3A1,LGALS4,AGR2,PLA2G2A,TFF1,LYZ,PHGR1,CTSE,GRB7,GPX2
ACH-000680,SW948,SW948_LARGE_INTESTINE,Female,Colon/Colorectal Cancer,Adenocarcinoma,colorectal,colorectal_adenocarcinoma,,colorectal,LYZ,LGALS4,FABP1,PPP1R1B,TSPAN8,VIL1,GPX2,KRT20,HBA2,CST1
ACH-000681,A549,A549_LUNG,Male,Lung Cancer,"Non-Small Cell Lung Cancer (NSCLC), Adenocarcinoma",lung,NSCLC,NSCLC_adenocarcinoma,lung,AKR1B10,ALDH1A1,KRT81,AKR1C2,AKR1C3,CYP24A1,GPX2,ALDH3A1,CPLX2,AKR1C1
ACH-000682,SNU1066,SNU1066_UPPER_AERODIGESTIVE_TRACT,Male,Head and Neck Cancer,Squamous Cell Carcinoma,upper_aerodigestive,upper_aerodigestive_squamous,,upper_aerodigestive,LY6D,KRT13,S100A9,KRT5,KRT4,LCN2,KRT17,TRIM31,OLR1,UBD
ACH-000683,SNU503,SNU503_LARGE_INTESTINE,Male,Colon/Colorectal Cancer,Adenocarcinoma,colorectal,colorectal_adenocarcinoma,,colorectal,KRT6A,ALDH3A1,GPX2,AKR1B10,KRT5,PI3,ADH7,KRT17,CSTA,NTRK2
ACH-000684,KMRC1,KMRC1_KIDNEY,Male,Kidney Cancer,"Renal Carcinoma, clear cell",kidney,renal_cell_carcinoma,clear_cell,kidney,CXCL8,CLEC4E,IL6,CXCL5,CXCL1,CSF2,G0S2,C15orf48,FABP6,SCG5
ACH-000685,L33,L33_PANCREAS,Female,Pancreatic Cancer,Ductal Adenosquamous Carcinoma,pancreas,exocrine,exocrine_adenosquamous,pancreas,SCGB1A1,BPIFA1,KRT5,SERPINB3,CXCL5,KRT17,PI3,DMBT1,S100A9,BPIFB1
ACH-000686,SNU878,SNU878_LIVER,Female,Liver Cancer,Hepatocellular Carcinoma,liver,hepatocellular_carcinoma,,liver,AKR1B10,SPP1,AKR1C1,AMBP,ALDH1A1,CES1,ADH1C,RARRES2,KRT20,GSTA1
ACH-000687,CI1,CI1_HAEMATOPOIETIC_AND_LYMPHOID_TISSUE,Female,Lymphoma,"B-cell, Non-Hodgkins",lymphocyte,non_hodgkin_lymphoma,b_cell,lymphocyte,TCL1A,JCHAIN,CD53,CD79A,MS4A1,LSP1,CD52,IGLL5,CD48,CD22
ACH-000688,OV7,OV7_OVARY,Female,Ovarian Cancer,"Adenocarcinoma, mixed",ovary,ovary_adenocarcinoma,mixed_serous_clear_cell,ovary,FN1,ANGPTL4,BEX1,GREM1,ANPEP,SERPINE1,COL8A1,IGFBP4,SAA1,THBS1
ACH-000689,RH18,RH18_SOFT_TISSUE,Female,Sarcoma,Rhabdomyosarcoma,soft_tissue,rhabdomyosarcoma,,soft_tissue,COL1A2,COL3A1,ELN,IGF2,DES,CYTL1,COL1A1,ACTC1,GREM1,ALPL
ACH-000690,HCC2814,HCC2814_LUNG,Male,Lung Cancer,"Non-Small Cell Lung Cancer (NSCLC), Squamous Cell Carcinoma",lung,NSCLC,NSCLC_squamous,lung,KRT5,KRT6A,TP63,KRT17,PTHLH,AKR1C1,AKR1C3,AKR1C2,GPX2,ALDH3A1
ACH-000691,HCC2157,HCC2157_BREAST,Female,Breast Cancer,Breast Ductal Carcinoma,breast,breast_ductal_carcinoma,ERneg_HER2neg,breast,AZGP1,CALML5,MUCL1,ELF5,AARD,EFHD1,CRABP1,S100A1,GABRP,CRYAB
ACH-000692,SNU899,SNU899_UPPER_AERODIGESTIVE_TRACT,Male,Head and Neck Cancer,"Squamous Cell Carcinoma, laryngeal",upper_aerodigestive,upper_aerodigestive_squamous,laryngeal,upper_aerodigestive,SAA1,LCN2,S100A9,SAA2,CALML5,CCL20,SCGB1A1,PI3,UPK1B,DEFB4A
ACH-000693,KYSE180,KYSE180_OESOPHAGUS,Male,Esophageal Cancer,Squamous Cell Carcinoma,esophagus,esophagus_squamous,,esophagus,KRT14,KRT5,KRT6A,KRT13,GPX2,CALB1,CTAG2,MAGEA4,TPRG1,PTHLH
ACH-000694,TE9,TE9_OESOPHAGUS,Male,Esophageal Cancer,Squamous Cell Carcinoma,esophagus,esophagus_squamous,,esophagus,SCGB1A1,KRT4,KRT13,KRT5,LY6D,KRT17,KRT14,KRT6A,S100A9,SPRR1A
ACH-000695,CORL47,CORL47_LUNG,Male,Lung Cancer,Small Cell Lung Cancer (SCLC),lung,SCLC,,lung,ASCL1,MYCL,SCGN,NSG2,PRSS2,PAGE1,TAGLN3,CHGA,BEX1,INSM1
ACH-000696,OVCAR8,OVCAR8_OVARY,Female,Ovarian Cancer,"Adenocarcinoma, high grade serous",ovary,ovary_adenocarcinoma,high_grade_serous,ovary,LY6K,GNGT2,PRSS21,ANKRD1,FLNC,TRIM58,XAGE1B,PPP1R14A,KRT7,NEFH
ACH-000697,A3KAW,A3KAW_HAEMATOPOIETIC_AND_LYMPHOID_TISSUE,Female,Lymphoma,Diffuse Large B-cell Lymphoma (DLBCL),lymphocyte,non_hodgkin_lymphoma,DLBCL,lymphocyte,JCHAIN,IGLL5,MZB1,IRF4,CCR2,TEX19,CD4,SELPLG,CTAG1A,SSTR3
ACH-000698,DMS53,DMS53_LUNG,Male,Lung Cancer,Small Cell Lung Cancer (SCLC),lung,SCLC,,lung,CALCA,PCSK1,ASCL1,SST,GRP,NSG2,SPINK1,KLK12,TFF3,SCN3A
ACH-000699,HCC1395,HCC1395_BREAST,Female,Breast Cancer,Breast Ductal Carcinoma,breast,breast_ductal_carcinoma,ERneg_HER2neg,breast,KRT14,AKR1C2,BGN,AKR1B10,KRT6B,KRT81,ACTG2,KRT5,AKR1C1,MGP
ACH-000700,NCIH2882,NCIH2882_LUNG,Female,Lung Cancer,"Non-Small Cell Lung Cancer (NSCLC), Squamous Cell Carcinoma",lung,NSCLC,NSCLC_squamous,lung,PAGE2,MAGEA4,GTSF1,PAGE2B,TUBA3C,SSX2B,PNMA5,MAGEB2,MAGEC2,SSX1
ACH-000701,RMUGS,RMUGS_OVARY,Female,Ovarian Cancer,"Cystadenocarcinoma, mucinous",ovary,ovary_adenocarcinoma,mucinous,ovary,CES1,KLK5,VGLL1,GPX2,UGT1A6,TRIM29,MFAP5,FXYD3,CEACAM6,XAGE2
ACH-000702,L1236,L1236_HAEMATOPOIETIC_AND_LYMPHOID_TISSUE,Male,Lymphoma,"B-cell, Hodgkins",lymphocyte,hodgkin_lymphoma,,lymphocyte,LTA,GSTM1,CCR7,FCER1A,ALOX15,FCER2,MARCO,BATF3,APBA1,ISLR
ACH-000703,DMS79,DMS79_LUNG,Male,Lung Cancer,Small Cell Lung Cancer (SCLC),lung,SCLC,,lung,ASCL1,FXYD6,BEX1,SST,PCP4,GRM8,GNG3,STMN2,OLFM1,ELAVL3
ACH-000704,OAW42,OAW42_OVARY,Female,Ovarian Cancer,Carcinoma,ovary,ovary_carcinoma,,ovary,TCL1B,DEFB1,UPK3B,CLDN16,AQP1,SHISA3,SCIN,SLPI,HAVCR1,CP
ACH-000705,LC1F,LC1F_LUNG,Male,Lung Cancer,"Non-Small Cell Lung Cancer (NSCLC), Squamous Cell Carcinoma",lung,NSCLC,NSCLC_squamous,lung,AKR1B10,SPP1,S100A9,MAGEA4,CES1,SPARCL1,GPX2,KRT6A,ALDH3A1,AKR1C1
ACH-000706,EKVX,EKVX_LUNG,Male,Lung Cancer,"Non-Small Cell Lung Cancer (NSCLC), Adenocarcinoma",lung,NSCLC,NSCLC_adenocarcinoma,lung,CYP24A1,TFPI2,DIRAS3,AKR1C2,KRT81,MMP7,CXCL5,MAGEA4,PPBP,TCIM
ACH-000707,P3HR1,P3HR1_HAEMATOPOIETIC_AND_LYMPHOID_TISSUE,Male,Lymphoma,"B-cell, Non-Hodgkins, Burkitts",lymphocyte,non_hodgkin_lymphoma,b_cell_burkitt,lymphocyte,JCHAIN,IRAG2,CD79A,TCL1A,CD79B,VPREB3,IGLL5,CD22,MS4A1,CD53
ACH-000708,SNU283,SNU283_LARGE_INTESTINE,Female,Colon/Colorectal Cancer,Adenocarcinoma,colorectal,colorectal_adenocarcinoma,,colorectal,PLA2G2A,LGALS4,PHGR1,CEACAM5,OLFM4,FABP1,TFF3,PPP1R1B,VIL1,TSPAN8
ACH-000709,KMRC2,KMRC2_KIDNEY,Male,Kidney Cancer,"Renal Carcinoma, clear cell",kidney,renal_cell_carcinoma,clear_cell,kidney,GAL3ST1,FXYD2,UGT1A9,SPP1,TGFBI,FN1,IGFBP3,ANGPTL4,HAVCR1,VCAN
ACH-000710,NCIH854,NCIH854_LUNG,Male,Lung Cancer,"Non-Small Cell Lung Cancer (NSCLC), Adenocarcinoma",lung,NSCLC,NSCLC_adenocarcinoma,lung,TFF1,TFF3,MUC2,NTS,REG4,PHGR1,CHGB,AZGP1,PRSS2,TM4SF5
ACH-000711,JIMT1,JIMT1_BREAST,Female,Breast Cancer,Breast Ductal Carcinoma,breast,breast_ductal_carcinoma,ERneg_HER2pos,breast,FAM25C,FAM25G,ARL14EPL,KLK5,GJA5,MAGEC2,TACSTD2,BARX1,MGAM,VGLL1
ACH-000712,HCC1833,HCC1833_LUNG,Female,Lung Cancer,"Non-Small Cell Lung Cancer (NSCLC), Adenocarcinoma",lung,NSCLC,NSCLC_adenocarcinoma,lung,ASCL1,TM4SF4,PCSK1,CHGB,CGA,NTS,SST,PDK4,VGF,SCG2
ACH-000713,CAOV3,CAOV3_OVARY,Female,Ovarian Cancer,"Adenocarcinoma, high grade serous",ovary,ovary_adenocarcinoma,high_grade_serous,ovary,MT1G,SPOCK2,KLK5,MT1H,RARRES2,SPINK6,STEAP4,MFAP5,KRT81,MT1M
ACH-000715,SNU1214,SNU1214_UPPER_AERODIGESTIVE_TRACT,Male,Head and Neck Cancer,"Squamous Cell Carcinoma, laryngeal",upper_aerodigestive,upper_aerodigestive_squamous,laryngeal,upper_aerodigestive,KRT14,KRT5,CXCL14,KRT6A,KRT17,KRT16,SPRR1B,SPINK6,FGFBP1,KRT6B
ACH-000716,TT2609C02,TT2609C02_THYROID,Male,Thyroid Cancer,"Carcinoma, follicular",thyroid,thyroid_carcinoma,follicular,thyroid,TFPI2,GPR183,NEFL,RPS4Y1,ANKRD1,FCER1G,CXCL1,INHBA,GNG11,SULF1
ACH-000717,COLO680N,COLO680N_OESOPHAGUS,Female,Esophageal Cancer,Squamous Cell Carcinoma,esophagus,esophagus_squamous,,esophagus,ALPP,OLR1,KRT13,ALPG,SERPINA3,WFDC2,LCN2,KRT5,KRT17,CDH3
ACH-000718,NCIH2291,NCIH2291_LUNG,Male,Lung Cancer,"Non-Small Cell Lung Cancer (NSCLC), Adenocarcinoma",lung,NSCLC,NSCLC_adenocarcinoma,lung,XAGE1B,KRT7,XAGE1A,NEFH,HOPX,CEACAM6,PLAU,AREG,FAM83A,KRT19
ACH-000719,RMGI,RMGI_OVARY,Female,Ovarian Cancer,"Adenocarcinoma, clear cell",ovary,ovary_adenocarcinoma,clear_cell,ovary,IGFBP1,MMP7,RBP4,RXFP1,AREG,SPP1,LCN2,TFPI2,SLC34A2,CLDN10
ACH-000720,TCCSUP,TCCSUP_URINARY_TRACT,Female,Bladder Cancer,Transitional Cell Carcinoma,urinary_tract,bladder_carcinoma,bladder_transitional_cell,urinary_tract,SPANXB1,SPANXA2,CD36,SPANXA1,KRT81,PAGE5,COL1A2,PTX3,VCAM1,LUM
ACH-000721,HMC18,HMC18_BREAST,Female,Breast Cancer,Carcinoma,breast,breast_carcinoma,ERneg_HER2neg,breast,NTS,SERPINA3,CALB1,CD8B2,FAM9C,SCG2,SPP1,PMP22,CHRNA9,OSM
ACH-000722,SNUC1,SNUC1_LARGE_INTESTINE,Male,Colon/Colorectal Cancer,Adenocarcinoma,colorectal,colorectal_adenocarcinoma,,colorectal,FABP1,PHGR1,LGALS4,CEACAM5,GPX2,GPA33,PPP1R1B,TSPAN8,SPINK4,DPEP1
ACH-000723,YD10B,YD10B_UPPER_AERODIGESTIVE_TRACT,Male,Head and Neck Cancer,"Squamous Cell Carcinoma, tongue",upper_aerodigestive,upper_aerodigestive_squamous,tongue,upper_aerodigestive,KRT14,KRT5,KRT6A,KRT17,PTHLH,FGFBP1,COL17A1,FAT2,KRT16,MMP10
ACH-000724,HT1376,HT1376_URINARY_TRACT,Female,Bladder Cancer,Carcinoma,urinary_tract,bladder_carcinoma,,urinary_tract,KRT14,TNNT3,UPK1B,S100A7,PAGE2,GAGE2E,XAGE1B,SYT8,ADIRF,KRT1
ACH-000725,HCC202,HCC202_BREAST,Female,Breast Cancer,Breast Ductal Carcinoma,breast,breast_ductal_carcinoma,ERneg_HER2pos,breast,CALML5,PIP,SPDEF,SPTSSB,CLDN3,EPN3,MGP,MUC6,ERBB2,IGFBP5
ACH-000726,TE14,TE14_OESOPHAGUS,Male,Esophageal Cancer,Squamous Cell Carcinoma,esophagus,esophagus_squamous,,esophagus,AKR1C2,KRT5,ALDH3A1,KRT13,KRT6A,AKR1C1,LY6D,CES1,AKR1C3,KRT4
ACH-000728,KASUMI2,KASUMI2_HAEMATOPOIETIC_AND_LYMPHOID_TISSUE,Male,Leukemia,"Acute Lymphoblastic Leukemia (ALL), B-cell",blood,ALL,b_cell,blood,DNTT,TCL1A,IGLL1,VPREB1,IRAG2,VPREB3,WNT16,CD19,LAT2,LCN6
ACH-000729,NCIH1963,NCIH1963_LUNG,Male,Lung Cancer,Small Cell Lung Cancer (SCLC),lung,SCLC,,lung,COL9A2,MYCL,BEX1,TAGLN3,ASCL1,FXYD6,KIF1A,SOX1,INSM1,DPYSL5
ACH-000730,SKMEL5,SKMEL5_SKIN,Female,Skin Cancer,Melanoma,skin,melanoma,,skin,PMEL,TYR,DCT,MLANA,TYRP1,S100B,VGF,MIA,QPCT,CAPN3
ACH-000731,HCC2279,HCC2279_LUNG,Female,Lung Cancer,"Non-Small Cell Lung Cancer (NSCLC), Adenocarcinoma",lung,NSCLC,NSCLC_adenocarcinoma,lung,XAGE1B,CST1,CST2,ANKRD1,CEMIP,FBXO32,LY6K,TIMP3,LAYN,AXL
ACH-000732,PECAPJ41CLONED2,PECAPJ41CLONED2_UPPER_AERODIGESTIVE_TRACT,Female,Head and Neck Cancer,"Squamous Cell Carcinoma, oral",upper_aerodigestive,upper_aerodigestive_squamous,oral,upper_aerodigestive,KRT5,KRT14,KRT17,COL17A1,KRT6A,CST6,S100A9,S100A2,FOLR3,CDH3
ACH-000733,NCIH1838,NCIH1838_LUNG,Female,Lung Cancer,"Non-Small Cell Lung Cancer (NSCLC), Adenocarcinoma",lung,NSCLC,NSCLC_adenocarcinoma,lung,XAGE1B,XAGE1A,LAMC2,AREG,CRABP2,LAMB3,WFDC2,FCRL5,KRT7,CST7
ACH-000734,JHH5,JHH5_LIVER,Male,Liver Cancer,Hepatocellular Carcinoma,liver,hepatocellular_carcinoma,,liver,APOA2,ALB,AHSG,FABP1,AKR1B10,TF,ORM1,SERPINA1,AMBP,AFP
ACH-000735,PECAPJ49,PECAPJ49_UPPER_AERODIGESTIVE_TRACT,Male,Head and Neck Cancer,"Squamous Cell Carcinoma, oral",upper_aerodigestive,upper_aerodigestive_squamous,oral,upper_aerodigestive,LCN2,KRT14,KRT5,KRT17,KLK5,KRT6A,SAA1,S100A2,S100A7,IL1B
ACH-000736,SNU601,SNU601_STOMACH,Male,Gastric Cancer,"Adenocarcinoma, signet ring cell",gastric,gastric_adenocarcinoma,signet_ring_cell,gastric,LYZ,CEACAM6,TSPAN8,CTSE,REG4,LGALS4,CLDN18,KLK10,DHRS2,SPINK1
ACH-000737,NCIH1385,NCIH1385_LUNG,Female,Lung Cancer,"Non-Small Cell Lung Cancer (NSCLC), Squamous Cell Carcinoma",lung,NSCLC,NSCLC_squamous,lung,CALCA,VGF,FGF19,CEACAM5,CGA,NEFM,CPLX2,MAB21L4,SCG2,GRP
ACH-000738,GB1,GB1_CENTRAL_NERVOUS_SYSTEM,Male,Brain Cancer,Glioblastoma,central_nervous_system,glioma,glioblastoma,central_nervous_system,MFAP5,BEX1,COL11A1,KRT81,SCUBE3,SOX3,FLG,EFEMP1,GAP43,DKK1
ACH-000739,HEPG2,HEPG2_LIVER,Male,Liver Cancer,Hepatocellular Carcinoma,liver,hepatocellular_carcinoma,,liver,ALB,APOA2,TF,AHSG,APOA1,AFP,APOH,GPC3,APOB,SERPINA1
ACH-000740,A253,A253_SALIVARY_GLAND,Male,Head and Neck Cancer,"Squamous Cell Carcinoma, salivary gland",upper_aerodigestive,upper_aerodigestive_squamous,salivary_gland,upper_aerodigestive,KRT14,KRT5,KRT6A,LGALS7B,PADI3,KRT17,AQP3,LY6D,MAGEA4,SPRR1B
ACH-000741,UBLC1,UBLC1_URINARY_TRACT,Female,Bladder Cancer,Transitional Cell Carcinoma,urinary_tract,bladder_carcinoma,bladder_transitional_cell,urinary_tract,PRSS2,C6orf15,KRT81,PAGE2B,PAGE5,KLK6,SPANXA2,EGFR,TACSTD2,EPCAM
ACH-000742,DM3,DM3_FIBROBLAST,Male,Fibroblast,Lung,fibroblast,fibroblast_lung,,fibroblast,DCN,COL1A2,HSPB6,THY1,SFRP1,TAGLN,GREM1,SERPINE1,HSPB7,HAS2
ACH-000743,CORL95,CORL95_LUNG,Male,Lung Cancer,Small Cell Lung Cancer (SCLC),lung,SCLC,,lung,GRP,PRSS2,NPPA,ASCL1,CEACAM5,DLK1,MS4A8,TMEM176A,CGA,SCGN
ACH-000744,NCIH1623,NCIH1623_LUNG,Male,Lung Cancer,"Non-Small Cell Lung Cancer (NSCLC), Adenocarcinoma",lung,NSCLC,NSCLC_adenocarcinoma,lung,CES1,CPS1,DIO2,INHA,S100P,UGT1A6,AKR1B10,XAGE1B,ALPP,ABCA4
ACH-000746,GSS,GSS_STOMACH,Male,Gastric Cancer,Adenocarcinoma,gastric,gastric_adenocarcinoma,,gastric,DEFA5,FGF19,CPLX2,IGF2,CES1,GJB1,NOTUM,CTAG2,KRT40,FGF20
ACH-000747,NCIH1703,NCIH1703_LUNG,Male,Lung Cancer,"Non-Small Cell Lung Cancer (NSCLC), Squamous Cell Carcinoma",lung,NSCLC,NSCLC_squamous,lung,MAGEA4,PDGFRA,MAGEA1,CT45A1,INA,PADI2,SUN3,CTAG1B,RPS4Y1,COL5A2
ACH-000748,SJSA1,SJSA1_BONE,Male,Bone Cancer,Osteosarcoma,bone,osteosarcoma,,bone,CD248,COL1A2,GLI1,ALPL,COL1A1,COL11A1,ACTG2,LUM,COL3A1,ACTA2
ACH-000749,DMS273,DMS273_LUNG,Female,Lung Cancer,Small Cell Lung Cancer (SCLC),lung,SCLC,,lung,PPP1R17,NEUROD1,KCNQ2,MYCL,HEPACAM2,FOXO6,BEX1,SLC38A5,NEFM,RGS16
ACH-000750,LOXIMVI,LOXIMVI_SKIN,Male,Skin Cancer,Melanoma,skin,melanoma,,skin,KRT34,KISS1,ESM1,IL1B,TMPRSS15,SPANXA2,IL1A,NETO1,IL13RA2,CSF3
ACH-000751,OCIM1,OCIM1_HAEMATOPOIETIC_AND_LYMPHOID_TISSUE,Unknown,Leukemia,"Acute Myelogenous Leukemia (AML), M6 (Erythroleukemia)",blood,AML,M6,blood,HBG2,HBG1,APOC1,HBA1,MS4A3,GYPB,PRG2,APOE,RHAG,CA1
ACH-000752,NCIH196,NCIH196_LUNG,Male,Lung Cancer,Small Cell Lung Cancer (SCLC),lung,SCLC,,lung,ACTC1,COL1A2,ACTA2,BGN,ACTG2,COL1A1,LUM,CNN1,SSX1,IFI27
ACH-000753,JMSU1,JMSU1_URINARY_TRACT,Male,Bladder Cancer,Carcinoma,urinary_tract,bladder_carcinoma,,urinary_tract,PNMA5,THBS2,GPAT2,LY6K,SRGN,CLDN11,CTAG2,IL13RA2,SFRP1,MAGEA10
ACH-000754,L428,L428_HAEMATOPOIETIC_AND_LYMPHOID_TISSUE,Female,Lymphoma,"B-cell, Hodgkins",lymphocyte,hodgkin_lymphoma,,lymphocyte,CCL17,TUBA3C,FRG2B,HLA-DRA,LSP1,FRG2C,HLA-DQA1,MYBPC2,CT45A1,HLA-DPA1
ACH-000755,HCC2218,HCC2218_BREAST,Female,Breast Cancer,Breast Ductal Carcinoma,breast,breast_ductal_carcinoma,ERneg_HER2pos,breast,TFF1,CALML5,PIP,AGR2,FXYD3,TFF3,GP2,S100A14,EDARADD,CEACAM6
ACH-000756,GI1,GI1_CENTRAL_NERVOUS_SYSTEM,Male,Brain Cancer,Glioblastoma,central_nervous_system,glioma,glioblastoma,central_nervous_system,COL3A1,COL1A2,COL6A3,CRABP2,UTS2,RPS4Y1,MMP2,OLFML3,COL1A1,APCDD1L
ACH-000757,A427,A427_LUNG,Male,Lung Cancer,"Non-Small Cell Lung Cancer (NSCLC), Adenocarcinoma",lung,NSCLC,NSCLC_adenocarcinoma,lung,GCG,ALDH1A1,GPR15,AREG,MAGEA4,SERPINB2,TFPI,BCHE,PDK4,BIRC3
ACH-000758,MKN74,MKN74_STOMACH,Male,Gastric Cancer,Adenocarcinoma,gastric,gastric_adenocarcinoma,,gastric,KRT81,OLR1,VGLL1,TRIML2,RSAD2,IFIT2,KRT23,TMEM40,SLC2A3,IL36RN
ACH-000759,MDAMB175VII,MDAMB175VII_BREAST,Female,Breast Cancer,Breast Ductal Carcinoma,breast,breast_ductal_carcinoma,ERpos_HER2neg,breast,BPIFB1,TFF1,PSCA,TFF3,CLEC3A,S100A9,CEACAM5,KRT81,UPK3A,SPTSSB
ACH-000760,LNZ308,LNZ308_CENTRAL_NERVOUS_SYSTEM,Unknown,Brain Cancer,Glioblastoma,central_nervous_system,glioma,glioblastoma,central_nervous_system,SOSTDC1,TNNC1,IL17B,KRT17,ENPP2,CPZ,GLI1,COL11A1,SOX18,SCUBE3
ACH-000761,NUGC2,NUGC2_STOMACH,Female,Gastric Cancer,Adenocarcinoma,gastric,gastric_adenocarcinoma,,gastric,KRT13,KRT5,KRT17,ANXA8L1,COL17A1,IFI27,FXYD3,TNNT3,KRT7,GTSF1
ACH-000762,YD38,YD38_UPPER_AERODIGESTIVE_TRACT,Male,Head and Neck Cancer,Squamous Cell Carcinoma,upper_aerodigestive,upper_aerodigestive_squamous,,upper_aerodigestive,IL1A,KRT5,KRT14,SERPINB2,IL1B,KRT17,SAA1,KRT6A,PADI3,F3
ACH-000764,SH10TC,SH10TC_STOMACH,Unknown,Gastric Cancer,"Adenocarcinoma, mucinous",gastric,gastric_adenocarcinoma,mucinous,gastric,VCX3B,MAGEA4,PNMA5,SSX1,VCX3A,VCX,CTAG2,XAGE1B,MUC13,UGT1A10
ACH-000765,WM983B,WM983B_SKIN,Male,Skin Cancer,Melanoma,skin,melanoma,,skin,S100B,NGFR,SOX10,MIA,PLP1,PMEL,MPZ,DCT,GAS7,SERPINE2
ACH-000766,NCIH1648,NCIH1648_LUNG,Male,Lung Cancer,"Non-Small Cell Lung Cancer (NSCLC), Adenocarcinoma",lung,NSCLC,NSCLC_adenocarcinoma,lung,MMP7,SCGB1A1,AKR1B10,AKR1C2,KRT6A,C15orf48,UBD,S100A9,LCN2,CXCL1
ACH-000767,NCIH526,NCIH526_LUNG,Male,Lung Cancer,Small Cell Lung Cancer (SCLC),lung,SCLC,,lung,IRAG2,POU2F3,NEB,BMX,AVIL,MYCN,CRYM,TFF3,C11orf53,ALKAL1
ACH-000768,MDAMB231,MDAMB231_BREAST,Female,Breast Cancer,Carcinoma,breast,breast_carcinoma,ERneg_HER2neg,breast,XAGE1B,G0S2,XAGE1A,ADGRF5,CST4,CST1,C4BPB,COL13A1,AXL,JCHAIN
ACH-000769,LK2,LK2_LUNG,Male,Lung Cancer,"Non-Small Cell Lung Cancer (NSCLC), Squamous Cell Carcinoma",lung,NSCLC,NSCLC_squamous,lung,CXCL14,PENK,ALDH1A1,ALDH3A1,RBP1,MUCL1,NOTUM,FGF19,PTPRO,KCNE3
ACH-000770,P31FUJ,P31FUJ_HAEMATOPOIETIC_AND_LYMPHOID_TISSUE,Male,Leukemia,"Acute Myelogenous Leukemia (AML), M5 (Eosinophilic/Monocytic)",blood,AML,M5,blood,CTSG,AZU1,DEFA1,RNASE2,RETN,LYZ,AIF1,ALOX5AP,CLEC5A,CST7
ACH-000771,BICR56,BICR56_UPPER_AERODIGESTIVE_TRACT,Female,Head and Neck Cancer,"Squamous Cell Carcinoma, oral",upper_aerodigestive,upper_aerodigestive_squamous,oral,upper_aerodigestive,S100A7,S100A8,S100A9,PI3,SAA2,SAA1,KRT17,KRT14,SERPINA3,KRT16
ACH-000772,TE441T,TE441T_SOFT_TISSUE,Female,Sarcoma,Rhabdomyosarcoma,soft_tissue,rhabdomyosarcoma,,soft_tissue,VGF,SCNN1B,CRH,EBF2,IGF2,NPTX2,SPON2,SHISA3,XCL2,SCARA5
ACH-000773,KIJK,KIJK_HAEMATOPOIETIC_AND_LYMPHOID_TISSUE,Male,Lymphoma,"T-cell, Non-Hodgkins, Anaplastic Large Cell (ALCL)",lymphocyte,non_hodgkin_lymphoma,t_cell_ALCL,lymphocyte,GZMB,SERPINA1,PRF1,NKG7,S100A9,IL2RA,S100A8,PIK3AP1,TNFRSF8,MYO1G
ACH-000774,RERFLCAD2,RERFLCAD2_LUNG,Male,Lung Cancer,"Non-Small Cell Lung Cancer (NSCLC), Adenocarcinoma",lung,NSCLC,NSCLC_adenocarcinoma,lung,KLK5,KISS1,CLDN6,CST6,CRCT1,SIGLEC6,CGA,C15orf48,LCN2,C3
ACH-000775,NCIH727,NCIH727_LUNG,Female,Lung Cancer,Carcinoid,lung,lung_carcinoid,,lung,CALCA,PRSS2,NTS,SST,IGF2,TFF1,AMBP,CHGA,CHGB,SCG2
ACH-000776,ONS76,ONS76_CENTRAL_NERVOUS_SYSTEM,Female,Brain Cancer,Medulloblastoma,central_nervous_system,medulloblastoma,,central_nervous_system,S100A2,KRT5,KRT15,COL9A3,KRT75,TP63,CX3CL1,VGLL2,LEFTY1,TNS4
ACH-000777,KYSE30,KYSE30_OESOPHAGUS,Male,Esophageal Cancer,Squamous Cell Carcinoma,esophagus,esophagus_squamous,,esophagus,KRT13,AGR2,PADI3,KRT19,MAGEA4,TACSTD2,CLDN4,ELF3,FOSB,VTCN1
ACH-000778,HSC3,HSC3_UPPER_AERODIGESTIVE_TRACT,Male,Head and Neck Cancer,Squamous Cell Carcinoma,upper_aerodigestive,upper_aerodigestive_squamous,,upper_aerodigestive,KRT5,KRT14,F3,AREG,IL24,SERPINB2,S100A2,ANXA8L1,COL17A1,IL1A
ACH-000779,PC9,PC9_LUNG,Male,Lung Cancer,"Non-Small Cell Lung Cancer (NSCLC), Adenocarcinoma",lung,NSCLC,NSCLC_adenocarcinoma,lung,AKR1C2,S100A9,KLK5,VCX3B,CASP14,CEACAM6,MAL,KLK6,AKR1B10,VCX3A
ACH-000780,NCIH1105,NCIH1105_LUNG,Male,Lung Cancer,Small Cell Lung Cancer (SCLC),lung,SCLC,,lung,ASCL1,INSM1,PCP4,FXYD6,KRT40,TCEAL2,RTN1,BEX1,ISL1,ELAVL3
ACH-000781,NCIH2023,NCIH2023_LUNG,Male,Lung Cancer,"Non-Small Cell Lung Cancer (NSCLC), Adenocarcinoma",lung,NSCLC,NSCLC_adenocarcinoma,lung,AKR1C2,FGA,FGG,CES1,FGB,AKR1B10,NTS,KRT81,ALDH1A1,AKR1C1
ACH-000782,SEM,SEM_HAEMATOPOIETIC_AND_LYMPHOID_TISSUE,Female,Leukemia,"Acute Lymphoblastic Leukemia (ALL), B-cell",blood,ALL,b_cell,blood,FLT3,IRAG2,PROM1,ARPP21,TCL1A,CACNA2D4,CD79A,CD19,VAT1L,LAPTM5
ACH-000783,CAMA1,CAMA1_BREAST,Female,Breast Cancer,Carcinoma,breast,breast_carcinoma,ERpos_HER2neg,breast,FABP7,IGFBP5,CRABP1,SPDEF,S100A14,EFHD1,TFF1,ELAPOR1,FGFR4,MUCL1
ACH-000784,KYSE70,KYSE70_OESOPHAGUS,Male,Esophageal Cancer,Squamous Cell Carcinoma,esophagus,esophagus_squamous,,esophagus,CES1,ALDH3A1,KRT5,KRT6A,AKR1C2,AKR1B10,AKR1C1,GPC3,COL17A1,GPX2
ACH-000785,NCIH2126,NCIH2126_LUNG,Male,Lung Cancer,"Non-Small Cell Lung Cancer (NSCLC), Adenocarcinoma",lung,NSCLC,NSCLC_adenocarcinoma,lung,TFF1,FGA,PSCA,S100P,S100A9,FGG,AGR2,STEAP4,CPE,PTGES
ACH-000786,DAUDI,DAUDI_HAEMATOPOIETIC_AND_LYMPHOID_TISSUE,Male,Lymphoma,"B-cell, Non-Hodgkins, Burkitts",lymphocyte,non_hodgkin_lymphoma,b_cell_burkitt,lymphocyte,JCHAIN,IGLL5,MS4A1,CD79B,CD79A,IRAG2,TCL1A,CD22,LTB,HLA-DRA
ACH-000787,LXF289,LXF289_LUNG,Male,Lung Cancer,"Non-Small Cell Lung Cancer (NSCLC), Adenocarcinoma",lung,NSCLC,NSCLC_adenocarcinoma,lung,KRT17,COL6A3,ACKR3,KISS1,KRT34,MT1G,IL6,MLPH,COL7A1,AKR1C1
ACH-000788,A2058,A2058_SKIN,Male,Skin Cancer,Melanoma,skin,melanoma,,skin,MMP1,THBS2,S100B,SOX10,TYR,MIA,SPARC,PLP1,IGFBP5,GRAMD1B
ACH-000789,NCIH810,NCIH810_LUNG,Male,Lung Cancer,"Non-Small Cell Lung Cancer (NSCLC), Large Cell Carcinoma",lung,NSCLC,NSCLC_large_cell,lung,INSM1,DDC,CHGA,ASCL1,HEPACAM2,RPS4Y1,SCGN,PAX4,ELAPOR1,CELF3
ACH-000790,SHP77,SHP77_LUNG,Male,Lung Cancer,Small Cell Lung Cancer (SCLC),lung,SCLC,,lung,CALCA,GRP,ASCL1,FGL1,CGA,DDC,PCSK1,CPLX2,VGF,MAGEA4
ACH-000791,RERFLCAD1,RERFLCAD1_LUNG,Male,Lung Cancer,"Non-Small Cell Lung Cancer (NSCLC), Adenocarcinoma",lung,NSCLC,NSCLC_adenocarcinoma,lung,SFTPB,SLC34A2,LMO3,XAGE1B,TACSTD2,SFTPA1,FBP1,XAGE1A,KRT7,FN1
ACH-000792,BFTC909,BFTC909_KIDNEY,Male,Kidney Cancer,"Renal Carcinoma, transitional cell",kidney,renal_cell_carcinoma,transitional_cell,kidney,COL1A2,FN1,IGFN1,THY1,COL6A2,G0S2,RCN3,INHBA,MFAP5,COL6A3
ACH-000793,KATOIII,KATOIII_STOMACH,Male,Gastric Cancer,"Adenocarcinoma, signet ring cell",gastric,gastric_adenocarcinoma,signet_ring_cell,gastric,FGFR2,CEACAM5,CEACAM6,TSPAN8,CTSE,UNC93A,LYZ,AGR3,KLK10,AQP5
ACH-000794,BICR22,BICR22_UPPER_AERODIGESTIVE_TRACT,Male,Head and Neck Cancer,"Squamous Cell Carcinoma, oral",upper_aerodigestive,upper_aerodigestive_squamous,oral,upper_aerodigestive,KRT6A,SAA1,SAA2,S100A9,KRT17,S100A8,LY6D,KRT5,LCN2,DSG3
ACH-000796,MCAS,MCAS_OVARY,Female,Ovarian Cancer,"Cystadenocarcinoma, mucinous",ovary,ovary_adenocarcinoma,mucinous,ovary,C6orf15,PRSS2,CXCL5,KLK10,KLK6,PRSS1,ANKRD1,PADI1,F3,KRT7
ACH-000797,HLFA,HLFA_FIBROBLAST,Female,Fibroblast,Lung,fibroblast,fibroblast_lung,,fibroblast,DCN,COL1A2,IGFBP5,COL6A3,TNFRSF11B,CD248,GREM1,ACTG2,COL1A1,TAGLN
ACH-000798,CL40,CL40_LARGE_INTESTINE,Female,Colon/Colorectal Cancer,Adenocarcinoma,colorectal,colorectal_adenocarcinoma,,colorectal,LGALS4,CEACAM5,TSPAN8,PHGR1,KRT20,FABP1,PPBP,TFF3,MUC2,CEACAM6
ACH-000799,HS695T,HS695T_SKIN,Male,Skin Cancer,"Melanoma, amelanotic",skin,melanoma,amelanotic,skin,VCY,VCY1B,MIA,S100B,VCX3A,SPARC,VCX2,CADM3,TF,MAGEC2
ACH-000800,NCIH446,NCIH446_LUNG,Male,Lung Cancer,Small Cell Lung Cancer (SCLC),lung,SCLC,,lung,LY6H,NTS,ELN,NEUROD1,MFAP4,BHLHE22,RGS4,TUBA3C,EPHA3,STMN2
ACH-000801,HS936T,HS936T_SKIN,Male,Skin Cancer,Melanoma,skin,melanoma,,skin,PMEL,GAGE1,GAGE2E,TRPM1,PAGE1,GAGE2A,WFDC1,MLANA,SLC45A2,S100B
ACH-000802,BFTC905,BFTC905_URINARY_TRACT,Female,Bladder Cancer,Transitional Cell Carcinoma,urinary_tract,bladder_carcinoma,bladder_transitional_cell,urinary_tract,S100A9,KRT6A,KRT17,KRT5,AQP3,PI3,IGF2,OASL,S100A2,S100A8
ACH-000803,COLO668,COLO668_LUNG,Female,Lung Cancer,Small Cell Lung Cancer (SCLC),lung,SCLC,,lung,CALCA,TFF3,MYCL,SST,ASCL1,DDC,TMEM176A,TMEM176B,NSG2,AQP12B
ACH-000804,NB1,NB1_AUTONOMIC_GANGLIA,Male,Neuroblastoma,,peripheral_nervous_system,neuroblastoma,,peripheral_nervous_system,ALK,MYCN,PHOX2A,ISLR,RGS4,GAL,RET,CHGA,HAND2,GFRA2
ACH-000805,COLO679,COLO679_SKIN,Female,Skin Cancer,Melanoma,skin,melanoma,,skin,S100B,SERPINA3,DCT,MMP1,TYR,S100A1,PLP1,COL9A3,THBS2,COL11A2
ACH-000806,L540,L540_HAEMATOPOIETIC_AND_LYMPHOID_TISSUE,Female,Lymphoma,"B-cell, Hodgkins",lymphocyte,hodgkin_lymphoma,,lymphocyte,CCR7,CYTIP,NKG7,TNFRSF8,ALKAL2,GPR15,LSP1,MYO1G,IL2RA,IL10RA
ACH-000807,SNU738,SNU738_CENTRAL_NERVOUS_SYSTEM,Male,Brain Cancer,Oligodendroglioma,central_nervous_system,glioma,oligodendroglioma,central_nervous_system,SSX1,XAGE3,XAGE1B,FBLN2,MAGEA4,XAGE1A,SSX2B,IGFBP3,C15orf48,MFAP5
ACH-000808,HUH28,HUH28_BILIARY_TRACT,Female,Bile Duct Cancer,"Cholangiocarcinoma, intrahepatic",bile_duct,cholangiocarcinoma,intrahepatic,bile_duct,CHI3L1,TAGLN,CTAG2,SPANXD,PTGDS,MYL9,FMR1NB,THY1,CADM3,ITGA11
ACH-000809,KYSE410,KYSE410_OESOPHAGUS,Male,Esophageal Cancer,Squamous Cell Carcinoma,esophagus,esophagus_squamous,,esophagus,DIO2,ANXA10,GRB7,KRT7,WFDC2,ERBB2,CALML5,CT45A3,MAGEA4,UGT1A10
ACH-000810,SKMEL30,SKMEL30_SKIN,Male,Skin Cancer,Melanoma,skin,melanoma,,skin,PMEL,TYRP1,S100B,SOX10,SLC45A2,MLANA,S100A1,TYR,SLC16A6,A2M
ACH-000811,SKOV3,SKOV3_OVARY,Female,Ovarian Cancer,"Cystadenocarcinoma, endometrioid",ovary,ovary_adenocarcinoma,endometrioid,ovary,PPP1R1B,IDO1,KRT5,IGFN1,CALB1,MFAP5,ERBB2,SPP1,MAL,PTGIS
ACH-000812,COLO783,COLO783_SKIN,Female,Skin Cancer,Melanoma,skin,melanoma,,skin,TF,DCT,FGL2,S100B,CTAG1B,FMOD,TYR,PLP1,MLANA,PAGE2B
ACH-000813,T3M10,T3M10_LUNG,Male,Lung Cancer,"Non-Small Cell Lung Cancer (NSCLC), Large Cell Carcinoma",lung,NSCLC,NSCLC_large_cell,lung,EPGN,ACTL8,SPANXA2,CALB1,IFI27,C3,SLPI,PDZK1IP1,CST6,AKR1C1
ACH-000814,HS939T,HS939T_SKIN,Female,Skin Cancer,Melanoma,skin,melanoma,,skin,S100B,TYR,S100A1,MIA,SOX10,SERPINE2,PLP1,TIMP3,APOD,UCN2
ACH-000815,KMH2,KMH2_HAEMATOPOIETIC_AND_LYMPHOID_TISSUE,Male,Lymphoma,"B-cell, Hodgkins",lymphocyte,hodgkin_lymphoma,,lymphocyte,MAGEA4,HLA-DRA,HLA-DQA1,LSP1,SRGN,SSX2B,PLEK,CCL5,LTA,EBI3
ACH-000816,NCIH524,NCIH524_LUNG,Male,Lung Cancer,Small Cell Lung Cancer (SCLC),lung,SCLC,,lung,CRABP1,SNTB1,NEUROD1,PPP1R17,OTX2,DLK1,BEX1,INSM1,SEZ6,CHGA
ACH-000818,BT483,BT483_BREAST,Female,Breast Cancer,Breast Ductal Carcinoma,breast,breast_ductal_carcinoma,ERpos_HER2neg,breast,TFF1,MGP,NPY1R,TFF3,IGFBP5,SCUBE2,SPTSSB,CRABP2,SPDEF,KRT19
ACH-000819,LN18,LN18_CENTRAL_NERVOUS_SYSTEM,Male,Brain Cancer,Glioblastoma,central_nervous_system,glioma,glioblastoma,central_nervous_system,IGFBP5,COL6A3,DIO2,BGN,MAGEA1,AKR1C2,THY1,CTAG2,FST,PAGE2
ACH-000820,SW403,SW403_LARGE_INTESTINE,Female,Colon/Colorectal Cancer,Adenocarcinoma,colorectal,colorectal_adenocarcinoma,,colorectal,DPEP1,CST1,PHGR1,LGALS4,LYZ,GPX2,CDH17,MUC13,HMGCS2,CCL24
ACH-000822,SKMEL24,SKMEL24_SKIN,Male,Skin Cancer,Melanoma,skin,melanoma,,skin,S100B,TF,SERPINA3,MPZ,HLA-DRA,MIA,SERPINE2,LOXL4,HLA-DQA1,HLA-DRB1
ACH-000823,KYSE140,KYSE140_OESOPHAGUS,Male,Esophageal Cancer,Squamous Cell Carcinoma,esophagus,esophagus_squamous,,esophagus,KRT5,CXCL14,KRT6A,KRT14,LGALS7B,KRT17,COL17A1,S100A2,GPC3,GPNMB
ACH-000824,KYSE510,KYSE510_OESOPHAGUS,Female,Esophageal Cancer,Squamous Cell Carcinoma,esophagus,esophagus_squamous,,esophagus,AKR1C2,UGT1A6,KRT15,KRT5,FXYD3,GPX2,LY6D,CSTA,MUC4,ALDH3A1
ACH-000825,HOP92,HOP92_LUNG,Male,Lung Cancer,"Non-Small Cell Lung Cancer (NSCLC), unspecified",lung,NSCLC,,lung,XAGE1B,G0S2,XAGE1A,HAPLN1,S100A4,VCAM1,TNFRSF6B,COL1A2,MT1E,SRPX
ACH-000826,CAL12T,CAL12T_LUNG,Male,Lung Cancer,"Non-Small Cell Lung Cancer (NSCLC), unspecified",lung,NSCLC,,lung,KRT6A,XAGE1B,XAGE1A,CYP24A1,S100A9,TGM2,CST6,NID2,EPGN,KRT8
ACH-000827,WM793,WM793_SKIN,Male,Skin Cancer,Melanoma,skin,melanoma,,skin,MMP1,IL1B,CXCL1,CXCL8,IL6,SERPINB2,FDCSP,THBS2,PAGE5,SPARC
ACH-000828,ZR7530,ZR7530_BREAST,Female,Breast Cancer,Breast Ductal Carcinoma,breast,breast_ductal_carcinoma,ERpos_HER2pos,breast,SCGB2A2,SCGB1D2,FMOD,BPIFB1,TFF3,CLEC3A,BPIFB2,SCGB2A1,S100A14,IGFBP5
ACH-000830,NCIH1436,NCIH1436_LUNG,Male,Lung Cancer,Small Cell Lung Cancer (SCLC),lung,SCLC,,lung,DLK1,NNAT,TAGLN3,ASCL1,GHRH,CALCA,CHGA,DDC,SLC18A2,PCP4
ACH-000831,HEC50B,HEC50B_ENDOMETRIUM,Female,Endometrial/Uterine Cancer,Endometrial Adenocarcinoma,uterus,endometrial_adenocarcinoma,,uterus,IGFN1,SPP1,CT45A10,HAVCR1,FXYD2,EREG,ESAM,MT1A,TM4SF19,HKDC1
ACH-000832,CAL27,CAL27_UPPER_AERODIGESTIVE_TRACT,Male,Head and Neck Cancer,Squamous Cell Carcinoma,upper_aerodigestive,upper_aerodigestive_squamous,,upper_aerodigestive,KRT14,KRT5,S100A8,S100A9,LY6D,KRT15,KRT6A,KRT17,S100A7,FXYD3
ACH-000833,RH30,RH30_SOFT_TISSUE,Male,Sarcoma,"Rhabdomyosarcoma, alveolar",soft_tissue,rhabdomyosarcoma,alveolar,soft_tissue,TNNI1,ACTC1,STAC3,MYOD1,TNNT2,DES,NGFR,RAPSN,CHRND,LRRC17
ACH-000834,UMUC1,UMUC1_URINARY_TRACT,Male,Bladder Cancer,Transitional Cell Carcinoma,urinary_tract,bladder_carcinoma,bladder_transitional_cell,urinary_tract,FABP4,UPK1B,KRT17,KRT13,S100P,IGF2,GJB6,UGT1A6,GJB2,S100A9
ACH-000835,GCT,GCT_SOFT_TISSUE,Male,Sarcoma,Pleomorphic Sarcoma,soft_tissue,pleomorphic_sarcoma,,soft_tissue,MMP1,MMP3,IL1B,SPANXB1,XAGE1B,PAGE5,CXCL5,SERPINB2,CTAG2,IL6
ACH-000836,YD15,YD15_SALIVARY_GLAND,Male,Head and Neck Cancer,"Squamous Cell Carcinoma, tongue",upper_aerodigestive,upper_aerodigestive_squamous,tongue,upper_aerodigestive,KRT5,F3,FGFBP1,COL17A1,S100A2,VGLL1,SFN,FST,CALB1,CSTA
ACH-000837,NCIH322,NCIH322_LUNG,Male,Lung Cancer,"Non-Small Cell Lung Cancer (NSCLC), Adenocarcinoma",lung,NSCLC,NSCLC_adenocarcinoma,lung,ALDH3A1,AGR2,PTHLH,ALDH1A3,TSPAN1,S100A14,LAMC2,S100A9,CDH1,CYP1B1
ACH-000839,SCABER,SCABER_URINARY_TRACT,Male,Bladder Cancer,Squamous Cell Carcinoma,urinary_tract,bladder_carcinoma,bladder_squamous,urinary_tract,KRT14,KRT5,KRT6A,COL17A1,MTRNR2L12,KRT17,IFI27,S100A2,MMP13,MMP1
ACH-000840,HCC366,HCC366_LUNG,Female,Lung Cancer,"Non-Small Cell Lung Cancer (NSCLC), Adenosquamous Carcinoma",lung,NSCLC,NSCLC_adenosquamous,lung,MAGEA4,IL6,CTAG2,SERPINB2,CPA4,OLR1,FAM9C,CTAG1A,CTAG1B,KRT7
ACH-000841,NCIH2087,NCIH2087_LUNG,Male,Lung Cancer,"Non-Small Cell Lung Cancer (NSCLC), Adenocarcinoma",lung,NSCLC,NSCLC_adenocarcinoma,lung,KRT4,XAGE1B,SFTPA1,NKX2-1,SPTB,XAGE1A,KRT7,CHI3L1,AGR2,GALNT6
ACH-000842,SW480,SW480_LARGE_INTESTINE,Male,Colon/Colorectal Cancer,Adenocarcinoma,colorectal,colorectal_adenocarcinoma,,colorectal,RBP1,KRT23,MIA,SAA1,KRT5,PRF1,SAA2,KRT13,NGFR,FGF19
ACH-000843,HARA,HARA_LUNG,Male,Lung Cancer,"Non-Small Cell Lung Cancer (NSCLC), Squamous Cell Carcinoma",lung,NSCLC,NSCLC_squamous,lung,KRT5,SPINK6,KRT6A,ALDH3A1,KRT14,KRT17,SLITRK3,SPINK5,DSG3,ANXA10
ACH-000844,DMS454,DMS454_LUNG,Male,Lung Cancer,Small Cell Lung Cancer (SCLC),lung,SCLC,,lung,GCG,AMBP,ASCL1,CALCA,GSTA1,NSG2,CES1,NR0B2,DDC,TMEM176A
ACH-000845,NCIH1373,NCIH1373_LUNG,Male,Lung Cancer,"Non-Small Cell Lung Cancer (NSCLC), Adenocarcinoma",lung,NSCLC,NSCLC_adenocarcinoma,lung,G0S2,ADGRF1,PRSS3,PRDM8,CGB3,LAMC2,ADAM8,GPX3,LHX1,MT1M
ACH-000846,FADU,FADU_UPPER_AERODIGESTIVE_TRACT,Male,Head and Neck Cancer,Squamous Cell Carcinoma,upper_aerodigestive,upper_aerodigestive_squamous,,upper_aerodigestive,KRT5,KRT17,KRT4,MAGEA4,S100A2,KLK5,TACSTD2,KRT14,ANXA8,LY6D
ACH-000847,HGC27,HGC27_STOMACH,Unknown,Gastric Cancer,Adenocarcinoma,gastric,gastric_adenocarcinoma,,gastric,CTAG1B,CTAG2,XAGE1B,LHX9,COL3A1,CTAG1A,BGN,PRAC1,RHOXF2,NELL2
ACH-000848,JHH7,JHH7_LIVER,Male,Liver Cancer,Hepatocellular Carcinoma,liver,hepatocellular_carcinoma,,liver,APOA2,AFP,ALB,IGF2,TF,FABP1,TTR,FGB,APOB,FGG
ACH-000849,MDAMB468,MDAMB468_BREAST,Female,Breast Cancer,Carcinoma,breast,breast_carcinoma,ERneg_HER2neg,breast,S100A7,S100A9,CASP14,KLK5,AZGP1,KRT5,S100A8,RARRES1,MGP,SLC1A6
ACH-000850,HS698T,HS698T_FIBROBLAST,Male,Fibroblast,Colorectal,fibroblast,fibroblast_colorectal,,fibroblast,DCN,COL1A2,SERPINB2,COL3A1,POSTN,GREM1,ELN,COL1A1,PTX3,KRT14
ACH-000851,MORCPR,MORCPR_LUNG,Unknown,Lung Cancer,"Non-Small Cell Lung Cancer (NSCLC), Adenocarcinoma",lung,NSCLC,NSCLC_adenocarcinoma,lung,AKR1C2,CPLX2,CYP24A1,S100A9,KRT81,AKR1C3,AKR1B10,S100A14,RGCC,AKR1C1
ACH-000852,NCIH1435,NCIH1435_LUNG,Female,Lung Cancer,"Non-Small Cell Lung Cancer (NSCLC), Adenocarcinoma",lung,NSCLC,NSCLC_adenocarcinoma,lung,NOTUM,KLK6,MAGEA4,XAGE1B,SFTA2,CT45A1,VIL1,NTSR1,KLK8,GPX2
ACH-000853,NCIH661,NCIH661_LUNG,Male,Lung Cancer,"Non-Small Cell Lung Cancer (NSCLC), Large Cell Carcinoma",lung,NSCLC,NSCLC_large_cell,lung,SFRP4,COL11A1,COL3A1,GPC3,RFPL4B,COL5A2,CDH6,COL1A2,POSTN,ALDH1A1
ACH-000855,KYSE150,KYSE150_OESOPHAGUS,Female,Esophageal Cancer,Squamous Cell Carcinoma,esophagus,esophagus_squamous,,esophagus,KRT5,MAGEA4,C5orf38,ATF3,ANXA8L1,FGFBP1,KRT15,TACSTD2,HCAR2,ALPP
ACH-000856,CAL51,CAL51_BREAST,Female,Breast Cancer,Carcinoma,breast,breast_carcinoma,ERneg_HER2neg,breast,PDPN,PRODH,ALDH1A1,GPC3,MSX1,CALCRL,LIPG,PLBD1,CA8,COL26A1
ACH-000857,CAL851,CAL851_BREAST,Female,Breast Cancer,Carcinoma,breast,breast_carcinoma,ERneg_HER2neg,breast,RARRES1,CALML5,KRT81,MGP,KLK5,WFDC2,KRT86,MAL,KLK6,GABRP
ACH-000858,KNS62,KNS62_LUNG,Male,Lung Cancer,"Non-Small Cell Lung Cancer (NSCLC), Squamous Cell Carcinoma",lung,NSCLC,NSCLC_squamous,lung,KRT6A,KRT5,S100A2,UGT1A6,CALML3,COL17A1,ALDH3A1,MAGEA4,AGR2,FXYD3
ACH-000859,HCC1954,HCC1954_BREAST,Female,Breast Cancer,Breast Ductal Carcinoma,breast,breast_ductal_carcinoma,ERneg_HER2pos,breast,KRT15,S100A9,KLK5,GRB7,KRT81,RARRES1,S100A8,KLK6,ERBB2,CXCL17
ACH-000860,NCIH358,NCIH358_LUNG,Male,Lung Cancer,"Non-Small Cell Lung Cancer (NSCLC), Adenocarcinoma",lung,NSCLC,NSCLC_adenocarcinoma,lung,DHRS2,PAGE5,XAGE1B,COX7B2,MAEL,KLK6,CRABP2,CRIP1,AREG,RNF212
ACH-000861,HOP62,HOP62_LUNG,Female,Lung Cancer,"Non-Small Cell Lung Cancer (NSCLC), Adenocarcinoma",lung,NSCLC,NSCLC_adenocarcinoma,lung,XAGE1B,POSTN,NPPB,XAGE1A,VCAM1,SULF1,ANXA8,RGS4,SLC1A7,EDIL3
ACH-000862,KMBC2,KMBC2_URINARY_TRACT,Unknown,Bladder Cancer,Carcinoma,urinary_tract,bladder_carcinoma,,urinary_tract,KRT13,LCN2,LY6D,KRT4,S100P,TNNT3,TRIM31,PSCA,CYP1A1,UPK1B
ACH-000863,DBTRG05MG,DBTRG05MG_CENTRAL_NERVOUS_SYSTEM,Female,Brain Cancer,Glioblastoma,central_nervous_system,glioma,glioblastoma,central_nervous_system,SPP1,SPANXA2,DIRAS3,SCG2,SPANXA1,SULF1,EFEMP1,CPA4,COL11A1,MFAP5
ACH-000864,COLO684,COLO684_ENDOMETRIUM,Female,Endometrial/Uterine Cancer,Endometrial Adenocarcinoma,uterus,endometrial_adenocarcinoma,,uterus,CPLX3,OTX2,SST,NRL,PDC,CELF3,CPNE6,CHGA,AIPL1,NEUROD1
ACH-000865,KYSE450,KYSE450_OESOPHAGUS,Male,Esophageal Cancer,Squamous Cell Carcinoma,esophagus,esophagus_squamous,,esophagus,KRT5,KRT13,KRT6A,KRT17,ALDH3A1,S100A2,KRT15,PTPRZ1,COL17A1,TP63
ACH-000866,NCIH1048,NCIH1048_LUNG,Female,Lung Cancer,Small Cell Lung Cancer (SCLC),lung,SCLC,,lung,COL2A1,POU2F3,COLCA2,DLX5,CRYM,SOSTDC1,TUBB2B,AZGP1,IRAG2,KIF1A
ACH-000867,CHAGOK1,CHAGOK1_LUNG,Male,Lung Cancer,"Non-Small Cell Lung Cancer (NSCLC), unspecified",lung,NSCLC,,lung,CGA,ECEL1,TRIM29,PRSS56,RPS4Y1,XAGE1B,CCN5,MAPK4,PSG5,XAGE1A
ACH-000868,HCC1195,HCC1195_LUNG,Male,Lung Cancer,"Non-Small Cell Lung Cancer (NSCLC), Adenosquamous Carcinoma",lung,NSCLC,NSCLC_adenosquamous,lung,MSMB,CEACAM6,ADGRF5,XAGE1B,AGR2,XAGE1A,SERPIND1,APLN,TFF1,NKX2-1
ACH-000869,NCIH1568,NCIH1568_LUNG,Female,Lung Cancer,"Non-Small Cell Lung Cancer (NSCLC), Adenocarcinoma",lung,NSCLC,NSCLC_adenocarcinoma,lung,CGA,MAGEA4,UPK1B,ALPP,TCIM,PSG8,EFNA1,CTAG2,C5orf38,TRIM29
ACH-000870,NCIH1930,NCIH1930_LUNG,Male,Lung Cancer,Small Cell Lung Cancer (SCLC),lung,SCLC,,lung,GHRH,DLX5,ASCL1,CTCFL,MAGEA4,INSM1,XAGE1B,TUBA3C,CT45A1,MAGEA9B
ACH-000871,NCIH510,NCIH510_LUNG,Male,Lung Cancer,Small Cell Lung Cancer (SCLC),lung,SCLC,,lung,GRP,MYCL,ASCL1,MUCL1,XAGE1B,NNAT,NSG2,CALCA,NPTX1,MT1G
ACH-000872,HCC515,HCC515_LUNG,Female,Lung Cancer,"Non-Small Cell Lung Cancer (NSCLC), Adenocarcinoma",lung,NSCLC,NSCLC_adenocarcinoma,lung,FGG,FGA,FGB,PPBP,XAGE1B,KRT81,TM4SF4,CYP24A1,CPS1,CXCL1
ACH-000873,KYSE270,KYSE270_OESOPHAGUS,Male,Esophageal Cancer,Squamous Cell Carcinoma,esophagus,esophagus_squamous,,esophagus,KRT5,DHRS2,DIO2,S100A2,PRSS21,KRT6A,ANXA8L1,EFEMP1,WFDC2,CA2
ACH-000874,RS411,RS411_HAEMATOPOIETIC_AND_LYMPHOID_TISSUE,Female,Leukemia,"Acute Lymphoblastic Leukemia (ALL), B-cell",blood,ALL,b_cell,blood,VPREB1,IGLL1,LCN6,GMFG,PTPRCAP,CD79A,PRSS57,MZB1,CD79B,MT1G
ACH-000875,NCIH2347,NCIH2347_LUNG,Female,Lung Cancer,"Non-Small Cell Lung Cancer (NSCLC), Adenocarcinoma",lung,NSCLC,NSCLC_adenocarcinoma,lung,XAGE1B,SFTA2,AREG,XAGE1A,CST6,KRT7,SLC34A2,G0S2,LAMC2,SFTPA2
ACH-000876,MDAMB415,MDAMB415_BREAST,Female,Breast Cancer,Carcinoma,breast,breast_carcinoma,ERpos_HER2neg,breast,SCGB2A2,BPIFB1,CXCL14,MUC19,SCGB1D2,PLA2G2A,CST4,GSTM1,HPGD,KRT86
ACH-000877,EB1,EB1_HAEMATOPOIETIC_AND_LYMPHOID_TISSUE,Female,Lymphoma,"B-cell, Non-Hodgkins, Burkitts",lymphocyte,non_hodgkin_lymphoma,b_cell_burkitt,lymphocyte,MS4A1,CD79A,HLA-DQA1,CD79B,PLEK,IRAG2,MEF2B,JCHAIN,CD53,HLA-DRA
ACH-000878,HCC15,HCC15_LUNG,Male,Lung Cancer,"Non-Small Cell Lung Cancer (NSCLC), Squamous Cell Carcinoma",lung,NSCLC,NSCLC_squamous,lung,ALDH3A1,KRT81,KRT86,GRAMD1B,XAGE1B,CYP24A1,CST1,PDK4,AGR2,PON3
ACH-000879,MFE296,MFE296_ENDOMETRIUM,Female,Endometrial/Uterine Cancer,Endometrial Adenocarcinoma,uterus,endometrial_adenocarcinoma,,uterus,MEST,MSX2,DLX2,PLBD1,COL26A1,BARX1,HEY1,PAPSS2,PRRX1,ACTA2
ACH-000880,AGS,AGS_STOMACH,Female,Gastric Cancer,Adenocarcinoma,gastric,gastric_adenocarcinoma,,gastric,CST1,CTSE,LYZ,PLA2G2A,TSPAN8,FPR3,PAGE4,GATM,VIL1,LGR5
ACH-000881,MELJUSO,MELJUSO_SKIN,Female,Skin Cancer,Melanoma,skin,melanoma,,skin,IL24,HLA-DRA,CD74,HLA-DRB1,S100B,UCN2,HLA-DPB1,PMEL,MIA,SOX10
ACH-000882,IGR1,IGR1_SKIN,Male,Skin Cancer,Melanoma,skin,melanoma,,skin,TYRP1,PMEL,DCT,MLANA,CAPN3,ACTG2,TYR,SOX10,SLC45A2,S100B
ACH-000883,SW1783,SW1783_CENTRAL_NERVOUS_SYSTEM,Male,Brain Cancer,Astrocytoma,central_nervous_system,glioma,astrocytoma,central_nervous_system,CHI3L1,COL1A2,IGFBP7,THY1,ANPEP,COL1A1,POSTN,TGFBI,HOPX,CA9
ACH-000884,MDAMB435S,MDAMB435S_SKIN,Unknown,Skin Cancer,"Melanoma, amelanotic",skin,melanoma,amelanotic,skin,PAGE2,HLA-DRA,S100B,CTAG2,MAGEC2,HLA-DRB1,PLP1,HLA-DQB1,MIA,MMP3
ACH-000885,TOV21G,TOV21G_OVARY,Female,Ovarian Cancer,"Adenocarcinoma, clear cell",ovary,ovary_adenocarcinoma,clear_cell,ovary,COMP,FXYD2,SPP1,FGB,IGFN1,SCIN,PDZK1IP1,SRGN,RELN,IGFBP7
ACH-000886,NCIH2009,NCIH2009_LUNG,Female,Lung Cancer,"Non-Small Cell Lung Cancer (NSCLC), Adenocarcinoma",lung,NSCLC,NSCLC_adenocarcinoma,lung,XAGE1B,HLA-G,CDA,CDH3,RNF212,KRT19,WFDC2,COX8C,KRT7,TMPRSS11E
ACH-000887,SF172,SF172_CENTRAL_NERVOUS_SYSTEM,Female,Brain Cancer,Glioblastoma,central_nervous_system,glioma,glioblastoma,central_nervous_system,KLK6,GTSF1,CALB2,TGM2,LAMC2,EPGN,OLR1,C15orf48,CDA,MME
ACH-000888,NCIH1793,NCIH1793_LUNG,Female,Lung Cancer,"Non-Small Cell Lung Cancer (NSCLC), Adenocarcinoma",lung,NSCLC,NSCLC_adenocarcinoma,lung,CES1,AKR1C1,AKR1C2,CEACAM6,SPP1,AKR1C3,GPX2,AKR1B10,CTAG2,CTAG1B
ACH-000890,SW1271,SW1271_LUNG,Male,Lung Cancer,Small Cell Lung Cancer (SCLC),lung,SCLC,,lung,XAGE1B,MAGEA4,XAGE1A,ANKRD1,TGM2,MAGEA9B,ANPEP,MAGEA1,ANGPTL4,MPP4
ACH-000891,HCC1438,HCC1438_LUNG,Male,Lung Cancer,"Non-Small Cell Lung Cancer (NSCLC), Large Cell Carcinoma",lung,NSCLC,NSCLC_large_cell,lung,XAGE1B,XAGE1A,IFI27,MAGEA1,NR0B1,BEX1,MX1,IFITM1,IFI6,COX7B2
ACH-000892,NCIH1563,NCIH1563_LUNG,Male,Lung Cancer,"Non-Small Cell Lung Cancer (NSCLC), Adenocarcinoma",lung,NSCLC,NSCLC_adenocarcinoma,lung,VTN,AKR1C2,IGFBP5,SMOC1,SLPI,XAGE1B,DIO2,COL12A1,AKR1C1,TFPI2
ACH-000893,NCIH1651,NCIH1651_LUNG,Male,Lung Cancer,"Non-Small Cell Lung Cancer (NSCLC), Adenocarcinoma",lung,NSCLC,NSCLC_adenocarcinoma,lung,ALPG,XAGE1B,ALPP,ALDH1A1,KRT4,AGR2,MUC13,AKR1C2,TM4SF20,MAGEB2
ACH-000894,NCIH1869,NCIH1869_LUNG,Male,Lung Cancer,"Non-Small Cell Lung Cancer (NSCLC), Squamous Cell Carcinoma",lung,NSCLC,NSCLC_squamous,lung,SPRR1B,CEACAM6,SFTA2,HOPX,NAPSA,MUC21,XAGE1B,SFTPA2,C15orf48,RNASE1
ACH-000895,CL34,CL34_LARGE_INTESTINE,Female,Colon/Colorectal Cancer,Adenocarcinoma,colorectal,colorectal_adenocarcinoma,,colorectal,LGALS4,PHGR1,FABP1,AGR2,PPP1R1B,PIGR,TSPAN8,LYZ,CLDN2,REG4
ACH-000896,647V,647V_URINARY_TRACT,Male,Bladder Cancer,Carcinoma,urinary_tract,bladder_carcinoma,,urinary_tract,CST6,KRT81,FN1,KLK5,IGFBP3,KRT7,KISS1,RPS4Y1,KRT17,KLK6
ACH-000897,FTC238,FTC238_THYROID,Male,Thyroid Cancer,"Carcinoma, follicular",thyroid,thyroid_carcinoma,follicular,thyroid,SPANXB1,PAGE5,GREM1,CGB8,MAGEC2,PDPN,IL11,TMPRSS15,PTGIS,SERPINE1
ACH-000898,SNU719,SNU719_STOMACH,Male,Gastric Cancer,"Adenocarcinoma, tubular",gastric,gastric_adenocarcinoma,tubular,gastric,ALDH3A1,LYZ,LGALS4,REG4,AGR2,GPX2,S100A14,CYP3A5,TSPAN8,CTAG2
ACH-000899,WM88,WM88_SKIN,Male,Skin Cancer,Melanoma,skin,melanoma,,skin,S100B,XAGE1B,HLA-DRA,MIA,S100A1,CTAG2,HLA-DRB5,PLP1,TF,HLA-DRB1
ACH-000900,NCIH23,NCIH23_LUNG,Male,Lung Cancer,"Non-Small Cell Lung Cancer (NSCLC), Adenocarcinoma",lung,NSCLC,NSCLC_adenocarcinoma,lung,CCL20,TFPI2,XAGE1B,MAGEA4,XAGE1A,CCL2,C15orf48,SPOCK2,TPM2,OLR1
ACH-000901,HCC1359,HCC1359_LUNG,Female,Lung Cancer,"Non-Small Cell Lung Cancer (NSCLC), Large Cell Carcinoma",lung,NSCLC,NSCLC_large_cell,lung,MMP1,IL6,CSF3,CXCL1,TFPI2,LY6K,CXCL8,IL24,IL1B,MMP3
ACH-000902,CAL148,CAL148_BREAST,Female,Breast Cancer,Breast Ductal Carcinoma,breast,breast_ductal_carcinoma,ERneg_HER2neg,breast,APOD,SPDEF,CALML5,PPP1R1B,SELENBP1,CEACAM5,FOXA1,TFAP2B,AZGP1,MUCL1
ACH-000903,FTC133,FTC133_THYROID,Male,Thyroid Cancer,"Carcinoma, anaplastic",thyroid,thyroid_carcinoma,anaplastic,thyroid,PSG1,THY1,CD36,COL1A2,RGS1,CD70,SLC38A5,INHBA,PTN,COL8A1
ACH-000904,NCIH2106,NCIH2106_LUNG,Male,Lung Cancer,"Non-Small Cell Lung Cancer (NSCLC), Large Cell Carcinoma",lung,NSCLC,NSCLC_large_cell,lung,PCP4,NEFM,CCER2,HEPACAM2,KCNH6,POU4F3,MYCN,DDX1,CHGA,CLEC18B
ACH-000905,5637,5637_URINARY_TRACT,Male,Bladder Cancer,,urinary_tract,bladder_carcinoma,,urinary_tract,CSF3,IL1B,MMP1,SERPINB2,KRT6A,LCN2,IL1A,KRT7,SPRR2A,CSF2
ACH-000906,ES2,ES2_OVARY,Female,Ovarian Cancer,"Adenocarcinoma, clear cell",ovary,ovary_adenocarcinoma,clear_cell,ovary,MMP1,CXCL5,KRTAP2-3,SERPINB2,ESM1,KRT81,CPA4,PTX3,PLAT,LOX
ACH-000907,SNU349,SNU349_KIDNEY,Male,Kidney Cancer,"Renal Carcinoma, clear cell",kidney,renal_cell_carcinoma,clear_cell,kidney,NDUFA4L2,IGFBP3,IGFBP5,COL8A1,C5orf46,SERPINE1,LOX,TGFBI,SPOCK1,PNCK
ACH-000908,SNU520,SNU520_STOMACH,Female,Gastric Cancer,Adenocarcinoma,gastric,gastric_adenocarcinoma,,gastric,AGR2,LYZ,TSPAN8,LGALS4,MUC6,AGR3,TFF2,REG4,SULT1C2,PPP1R1B
ACH-000909,JHUEM2,JHUEM2_ENDOMETRIUM,Female,Endometrial/Uterine Cancer,Endometrial Adenocarcinoma,uterus,endometrial_adenocarcinoma,,uterus,EDN3,WIF1,MT1G,ACTA2,COL1A2,APCDD1,NKD1,GAD1,MYCN,MT1A
ACH-000910,MDAMB453,MDAMB453_BREAST,Female,Breast Cancer,Carcinoma,breast,breast_carcinoma,ERneg_HER2neg,breast,SLC1A7,CALML5,CLCA2,FGFR4,SPDEF,AZGP1,MUCL1,S100A14,HID1,TFAP2B
ACH-000911,NUGC3,NUGC3_STOMACH,Male,Gastric Cancer,Adenocarcinoma,gastric,gastric_adenocarcinoma,,gastric,KISS1,XAGE1B,IL1A,MAGEA4,IL1B,KRT81,CLDN6,XAGE1A,MAGEB2,INHBA
ACH-000912,NCIH2286,NCIH2286_LUNG,Female,Lung Cancer,Small Cell Lung Cancer (SCLC),lung,SCLC,,lung,TFPI2,MAGEA4,ANGPTL4,CXCL5,CGA,MAGEA10,CD36,LVRN,HGF,GPAT2
ACH-000913,ESS1,ESS1_ENDOMETRIUM,Female,Endometrial/Uterine Cancer,Endometrial Stromal Sarcoma,uterus,endometrial_stromal_sarcoma,,uterus,CXCL1,SAA1,KISS1,SUSD2,CHI3L1,IL1B,IFI27,GREM1,CXCL8,TNFRSF11B
ACH-000914,HT,HT_HAEMATOPOIETIC_AND_LYMPHOID_TISSUE,Male,Lymphoma,"B-cell, Non-Hodgkins",lymphocyte,non_hodgkin_lymphoma,b_cell,lymphocyte,CD79A,VPREB3,POU2AF1,CD52,CD79B,MEF2B,RASGRP3,ACTL8,SPIB,DTX1
ACH-000915,IPC298,IPC298_SKIN,Female,Skin Cancer,Melanoma,skin,melanoma,,skin,IL24,S100B,TYRP1,PMEL,TAC1,MMP1,TIMP3,HLA-DRA,DCT,HLA-DRB1
ACH-000916,NCIH1573,NCIH1573_LUNG,Female,Lung Cancer,"Non-Small Cell Lung Cancer (NSCLC), Adenocarcinoma",lung,NSCLC,NSCLC_adenocarcinoma,lung,CES1,CEACAM6,CEACAM5,CYP24A1,ALDH3A1,S100P,MAGEA4,AKR1C1,GPX2,ABCC2
ACH-000917,TE4,TE4_OESOPHAGUS,Female,Esophageal Cancer,Squamous Cell Carcinoma,esophagus,esophagus_squamous,,esophagus,AGR2,RPS4Y1,GRB7,ERBB2,SMOC1,CEACAM6,TFF1,KRT17,SCGB2A2,CPS1
ACH-000918,MOLT16,MOLT16_HAEMATOPOIETIC_AND_LYMPHOID_TISSUE,Female,Leukemia,"Acute Lymphoblastic Leukemia (ALL), T-cell",blood,ALL,t_cell,blood,ITM2A,CD3D,CD3E,CTSW,PTPRC,ARMH1,RETN,CD52,GNLY,NKG7
ACH-000919,IM95,IM95_STOMACH,Male,Gastric Cancer,Adenocarcinoma,gastric,gastric_adenocarcinoma,,gastric,FABP1,AGR2,PAGE2B,LGALS4,GAGE2E,PIGR,HGF,AGR3,PAGE1,MUC2
ACH-000920,CMLT1,CMLT1_HAEMATOPOIETIC_AND_LYMPHOID_TISSUE,Female,Leukemia,"Chronic Myelogenous Leukemia (CML), blast crisis",blood,CML,blast_crisis,blood,CD3D,AIF1,SH2D1A,CD79A,CD3E,LCK,LAIR1,LTB,ITM2A,SASH3
ACH-000921,NCIH1339,NCIH1339_LUNG,Female,Lung Cancer,Small Cell Lung Cancer (SCLC),lung,SCLC,,lung,CXCL5,MAGEA4,XAGE1B,CSF3,CXCL1,CT45A1,TFPI2,G0S2,MAGEA10,CXCL8
ACH-000922,RCHACV,RCHACV_HAEMATOPOIETIC_AND_LYMPHOID_TISSUE,Female,Leukemia,"Acute Lymphoblastic Leukemia (ALL), B-cell",blood,ALL,b_cell,blood,DNTT,IGLL1,VPREB1,TCL1A,IRAG2,MT1G,CXorf21,VPREB3,GMFG,BLK
ACH-000923,BCP1,BCP1_HAEMATOPOIETIC_AND_LYMPHOID_TISSUE,Male,Lymphoma,"B-cell, Non-Hodgkins",lymphocyte,non_hodgkin_lymphoma,b_cell,lymphocyte,EPX,CTAG1B,RTBDN,PAGE5,GAGE2E,IL2RB,IRF4,IL10,ITM2A,CD48
ACH-000924,NCIH2172,NCIH2172_LUNG,Female,Lung Cancer,"Non-Small Cell Lung Cancer (NSCLC), unspecified",lung,NSCLC,,lung,ACTC1,CES1,AKR1C2,DIO2,ECEL1,PSG5,CYP24A1,KRT81,CPS1,VTN
ACH-000925,DV90,DV90_LUNG,Male,Lung Cancer,"Non-Small Cell Lung Cancer (NSCLC), Adenocarcinoma",lung,NSCLC,NSCLC_adenocarcinoma,lung,SPINK7,AGR2,ALPG,REG4,MUC6,PI3,IGFL2,S100P,DHRS2,GAGE12D
ACH-000926,HT55,HT55_LARGE_INTESTINE,Unknown,Colon/Colorectal Cancer,Adenocarcinoma,colorectal,colorectal_adenocarcinoma,,colorectal,PHGR1,HMGCS2,SLC26A3,FABP1,LGALS4,DPEP1,TSPAN8,GPA33,CDH17,LY6G6D
ACH-000927,BT474,BT474_BREAST,Female,Breast Cancer,Breast Ductal Carcinoma,breast,breast_ductal_carcinoma,ERpos_HER2pos,breast,TCN1,TFF1,MUCL1,TFF3,ALDH3B2,IGFBP5,SPDEF,BCAS1,ADIRF,EPN3
ACH-000928,JHUEM1,JHUEM1_ENDOMETRIUM,Female,Endometrial/Uterine Cancer,Endometrial Adenocarcinoma,uterus,endometrial_adenocarcinoma,,uterus,SLPI,MAL,HAPLN3,FAM107A,CALB2,AGR2,SLC34A2,PAX8,TNNC1,SOX17
ACH-000929,NCIH2110,NCIH2110_LUNG,Unknown,Lung Cancer,"Non-Small Cell Lung Cancer (NSCLC), unspecified",lung,NSCLC,,lung,TFF1,CEACAM6,AKR1C2,MUC4,AGR2,FGG,AKR1B10,KRT7,S100A14,STEAP4
ACH-000930,HCC1569,HCC1569_BREAST,Female,Breast Cancer,Carcinoma,breast,breast_carcinoma,ERneg_HER2pos,breast,REG1A,PPP1R1B,TF,CHI3L1,KRT81,A2M,CRABP1,AZGP1,CAPS,CRYAB
ACH-000931,HMCB,HMCB_SKIN,Female,Skin Cancer,Melanoma,skin,melanoma,,skin,COL11A1,LRRN1,FAM9B,NTS,SEZ6L,PLP1,SH2D7,SOX10,IGFBP5,CDH19
ACH-000932,SNU1,SNU1_STOMACH,Male,Gastric Cancer,Adenocarcinoma,gastric,gastric_adenocarcinoma,,gastric,CCK,BMP10,NXF3,FBLN2,SOSTDC1,TNFRSF11B,TEX19,CHI3L2,SSX1,RPS4Y1
ACH-000933,SNU324,SNU324_PANCREAS,Male,Pancreatic Cancer,"Ductal Adenocarcinoma, exocrine",pancreas,exocrine,exocrine_adenocarcinoma,pancreas,SLC34A2,LCN2,S100A9,XAGE1B,PDZK1IP1,XAGE1A,ADGRF5,TNFRSF6B,S100A14,PI3
ACH-000934,MDAMB361,MDAMB361_BREAST,Female,Breast Cancer,Carcinoma,breast,breast_carcinoma,ERpos_HER2pos,breast,SCGB2A2,TCN1,CALML5,ALDH3B2,TFF3,MUCL1,ALOX15B,SPDEF,ADIRF,TFF1
ACH-000935,MDST8,MDST8_LARGE_INTESTINE,Unknown,Colon/Colorectal Cancer,Adenocarcinoma,colorectal,colorectal_adenocarcinoma,,colorectal,CCL2,COL6A2,SFRP1,SERPINB2,KRTAP2-3,SIGLEC15,SERPINE1,MMP2,IL1B,DKK3
ACH-000936,EFO27,EFO27_OVARY,Female,Ovarian Cancer,"Adenocarcinoma, endometrioid",ovary,ovary_adenocarcinoma,endometrioid,ovary,KRT81,KRT5,KRT14,MAL,KRT7,CD70,FABP4,ALPP,KRT19,PTGIS
ACH-000937,PF382,PF382_HAEMATOPOIETIC_AND_LYMPHOID_TISSUE,Female,Leukemia,"Acute Lymphoblastic Leukemia (ALL), T-cell",blood,ALL,t_cell,blood,CD3D,LCK,CD3E,CHI3L2,MYO7B,ALDH1A2,MYO1G,IL2RG,AIF1,SH2D1A
ACH-000938,NALM6,NALM6_HAEMATOPOIETIC_AND_LYMPHOID_TISSUE,Male,Leukemia,"Acute Lymphoblastic Leukemia (ALL), B-cell",blood,ALL,b_cell,blood,IGLL1,DNTT,TCL1A,VPREB1,CD79B,MT1G,NIBAN3,VPREB3,HLA-DRA,MT1H
ACH-000939,SKUT1,SKUT1_SOFT_TISSUE,Female,Sarcoma,Leiomyosarcoma,soft_tissue,leiomyosarcoma,,soft_tissue,ALDH1A1,IL13RA2,RGS4,DDIT4L,PRAC1,KRTAP2-3,RGS5,BARX1,GJA1,COL1A2
ACH-000940,AN3CA,AN3CA_ENDOMETRIUM,Female,Endometrial/Uterine Cancer,Endometrial Adenocarcinoma,uterus,endometrial_adenocarcinoma,,uterus,MGP,MEST,COL1A2,SHISA3,PKDCC,MAGEA4,AKR1C2,ALDH1A2,GAGE1,MEOX2
ACH-000941,HEC1B,HEC1B_ENDOMETRIUM,Female,Endometrial/Uterine Cancer,Endometrial Adenocarcinoma,uterus,endometrial_adenocarcinoma,,uterus,SST,SPON1,SPP1,FXYD2,S100A1,CLDN1,VCAN,ALDH3A1,PAX8,SCIN
ACH-000942,HPBALL,HPBALL_HAEMATOPOIETIC_AND_LYMPHOID_TISSUE,Male,Leukemia,"Acute Lymphoblastic Leukemia (ALL), T-cell",blood,ALL,t_cell,blood,CD1E,CD3D,CD1B,CD3E,MYLPF,CD8B,ZAP70,LEF1,CD1A,CD4
ACH-000943,RKO,RKO_LARGE_INTESTINE,Unknown,Colon/Colorectal Cancer,Adenocarcinoma,colorectal,colorectal_adenocarcinoma,,colorectal,RGS4,S100A2,BCL2A1,G0S2,SHANK1,MT1E,MAP1LC3C,HGF,DGKI,CD274
ACH-000944,NAMALWA,NAMALWA_HAEMATOPOIETIC_AND_LYMPHOID_TISSUE,Female,Lymphoma,"B-cell, Non-Hodgkins, Burkitts",lymphocyte,non_hodgkin_lymphoma,b_cell_burkitt,lymphocyte,TCL1A,JCHAIN,CD79B,CCL3L3,CCL4L2,IGLL5,CD48,MZB1,CD79A,RCSD1
ACH-000945,NCIH650,NCIH650_LUNG,Male,Lung Cancer,"Non-Small Cell Lung Cancer (NSCLC), Adenocarcinoma",lung,NSCLC,NSCLC_adenocarcinoma,lung,IL1B,MMP1,TFPI2,SERPINB2,STC1,CXCL5,GFPT2,CACNA2D4,C15orf48,MAGEB2
ACH-000946,HEC265,HEC265_ENDOMETRIUM,Female,Endometrial/Uterine Cancer,Endometrial Adenocarcinoma,uterus,endometrial_adenocarcinoma,,uterus,EDN2,F3,SERPINA1,KRT81,ALPK2,CST6,LAMC2,IGFN1,LAMA3,KRT7
ACH-000947,OVK18,OVK18_OVARY,Female,Ovarian Cancer,"Adenocarcinoma, endometrioid",ovary,ovary_adenocarcinoma,endometrioid,ovary,RGS8,SLC34A2,SPP1,CLDN11,KIT,TBX2,HOXC12,MYOC,RGS16,EDARADD
ACH-000948,2313287,2313287_STOMACH,Male,Gastric Cancer,Adenocarcinoma,gastric,gastric_adenocarcinoma,,gastric,S100P,TFF1,MUC5B,GPX2,AKR1C2,AGR2,CEACAM5,MUC13,S100A14,TCN1
ACH-000949,TGBC11TKB,TGBC11TKB_STOMACH,Female,Gastric Cancer,Adenocarcinoma,gastric,gastric_adenocarcinoma,,gastric,OSR1,SLC6A20,IFI27,S100P,ADIRF,IFITM1,BMP4,PPP1R1B,FXYD3,LYZ
ACH-000950,LOVO,LOVO_LARGE_INTESTINE,Male,Colon/Colorectal Cancer,Adenocarcinoma,colorectal,colorectal_adenocarcinoma,,colorectal,REG4,TSPAN8,HMGCS2,CALB1,PCP4,PLBD1,CDH17,HBA1,GCNT3,MT1A
ACH-000951,NCIH2342,NCIH2342_LUNG,Male,Lung Cancer,"Non-Small Cell Lung Cancer (NSCLC), Adenocarcinoma",lung,NSCLC,NSCLC_adenocarcinoma,lung,FOLR1,ALPP,CLIC3,XAGE1B,AKR1C2,S100P,SFTA2,S100A9,TNNT2,VGLL1
ACH-000952,MDAPCA2B,MDAPCA2B_PROSTATE,Male,Prostate Cancer,Adenocarcinoma,prostate,prostate_adenocarcinoma,,prostate,KLK3,KLK2,MSMB,DAPL1,PRAC1,FOLH1,SPON2,CYP4F8,TMPRSS2,HLA-DRA
ACH-000953,SUPT1,SUPT1_HAEMATOPOIETIC_AND_LYMPHOID_TISSUE,Male,Leukemia,"Acute Lymphoblastic Leukemia (ALL), T-cell",blood,ALL,t_cell,blood,CD3D,CD1E,CD1B,CD3E,MAL,AIF1,LEF1,PTCRA,CD3G,DTX1
ACH-000954,HEC1A,HEC1A_ENDOMETRIUM,Female,Endometrial/Uterine Cancer,Endometrial Adenocarcinoma,uterus,endometrial_adenocarcinoma,,uterus,FXYD2,SPP1,CLDN16,SFTA2,HAVCR1,DPP4,TM4SF4,S100A1,CALB1,EREG
ACH-000955,SNU407,SNU407_LARGE_INTESTINE,Male,Colon/Colorectal Cancer,Adenocarcinoma,colorectal,colorectal_adenocarcinoma,,colorectal,CALCB,MT4,KLK10,AGR2,S100P,FAM3D,PHGR1,TSPAN8,MT3,KRT5
ACH-000956,22RV1,22RV1_PROSTATE,Male,Prostate Cancer,Adenocarcinoma,prostate,prostate_adenocarcinoma,,prostate,ALB,KLK4,SPINK1,APLN,CFC1,MAGEA4,SSX2B,AR,TSPAN8,KLK2
ACH-000957,LS180,LS180_LARGE_INTESTINE,Female,Colon/Colorectal Cancer,Adenocarcinoma,colorectal,colorectal_adenocarcinoma,,colorectal,PHGR1,LGALS4,MT1G,PIGR,MUC6,DPEP1,GPA33,AGR2,REG4,PLA2G2A
ACH-000958,SW48,SW48_LARGE_INTESTINE,Female,Colon/Colorectal Cancer,Adenocarcinoma,colorectal,colorectal_adenocarcinoma,,colorectal,CD36,GNAT3,KLK7,GPR15,KLK6,BMP4,KLK10,BAMBI,NTSR1,HPGD
ACH-000959,SNUC4,SNUC4_LARGE_INTESTINE,Male,Colon/Colorectal Cancer,Adenocarcinoma,colorectal,colorectal_adenocarcinoma,,colorectal,PHGR1,LGALS4,AGR2,MT1G,AGR3,CDX1,CDH17,ALDH1A1,GPX2,PPP1R1B
ACH-000960,REH,REH_HAEMATOPOIETIC_AND_LYMPHOID_TISSUE,Female,Leukemia,"Acute Lymphoblastic Leukemia (ALL), B-cell",blood,ALL,b_cell,blood,DNTT,CD79A,IGLL1,PCLO,CD79B,VPREB3,LAPTM5,RAG1,CD52,LTB
ACH-000961,ISHIKAWAHERAKLIO02ER,ISHIKAWAHERAKLIO02ER_ENDOMETRIUM,Female,Endometrial/Uterine Cancer,Endometrial Adenocarcinoma,uterus,endometrial_adenocarcinoma,,uterus,MSX1,RBP2,MAL,SLC34A2,PAX8,MEOX1,FBN2,PROM1,WFDC2,GJA1
ACH-000962,OC314,OC314_OVARY,Female,Ovarian Cancer,"Cystadenocarcinoma, clear cell",ovary,ovary_adenocarcinoma,clear_cell,ovary,GAL3ST1,LRRN4,HAVCR1,KRT19,LYPD6B,CYTL1,DCDC2,IGFN1,TNFRSF6B,ANKRD2
ACH-000963,CCK81,CCK81_LARGE_INTESTINE,Female,Colon/Colorectal Cancer,Adenocarcinoma,colorectal,colorectal_adenocarcinoma,,colorectal,LGALS4,PHGR1,MT1G,DPEP1,FABP1,PAH,PPP1R1B,CDX1,CKMT2,CDX2
ACH-000964,MOLT3,MOLT3_HAEMATOPOIETIC_AND_LYMPHOID_TISSUE,Male,Leukemia,"Acute Lymphoblastic Leukemia (ALL), T-cell",blood,ALL,t_cell,blood,CD3D,CD3E,MZB1,FXYD2,AIF1,CD1E,ITM2A,MFAP4,CD1B,ARMH1
ACH-000965,RL952,RL952_ENDOMETRIUM,Female,Endometrial/Uterine Cancer,Endometrial Adenosquamous Carcinoma,uterus,endometrial_adenosquamous,,uterus,DEFB1,S100A9,KRT13,S100A8,CYP24A1,OLR1,LCN2,VGLL1,HSD17B2,LAMB4
ACH-000966,IGROV1,IGROV1_OVARY,Female,Ovarian Cancer,"Adenocarcinoma, mixed",ovary,ovary_adenocarcinoma,mixed_endometrioid_clear_cell,ovary,SPP1,FOLR1,SLC34A2,FXYD2,POU5F1,PRODH,SHISA3,SPON1,CA2,PAX8
ACH-000967,SNUC2A,SNUC2A_LARGE_INTESTINE,Female,Colon/Colorectal Cancer,Adenocarcinoma,colorectal,colorectal_adenocarcinoma,,colorectal,S100P,AGR2,VCX3A,SYT8,MUC5B,CALB1,PSCA,SLPI,PI3,FGFBP1
ACH-000968,COLO792,COLO792_SKIN,Male,Skin Cancer,Melanoma,skin,melanoma,,skin,PMEL,TYRP1,TYR,S100B,MLANA,SLC45A2,CAPN3,EDNRB,WFDC1,SOX10
ACH-000969,KM12,KM12_LARGE_INTESTINE,Unknown,Colon/Colorectal Cancer,Adenocarcinoma,colorectal,colorectal_adenocarcinoma,,colorectal,SPINK4,AGR2,REG4,S100P,LGALS4,LYZ,TFF1,CALB1,AGR3,PRSS3
ACH-000970,SNUC5,SNUC5_LARGE_INTESTINE,Female,Colon/Colorectal Cancer,Adenocarcinoma,colorectal,colorectal_adenocarcinoma,,colorectal,C4BPB,KRT7,LCN2,ANKRD1,GDA,TNS4,KLK10,ANXA8,KRT19,CALB2
ACH-000971,HCT116,HCT116_LARGE_INTESTINE,Male,Colon/Colorectal Cancer,Adenocarcinoma,colorectal,colorectal_adenocarcinoma,,colorectal,MAGEB2,GTSF1,EREG,AKAP12,OR51B5,AREG,NTSR1,CYP24A1,KITLG,WNT16
ACH-000972,HEC151,HEC151_ENDOMETRIUM,Female,Endometrial/Uterine Cancer,Endometrial Adenocarcinoma,uterus,endometrial_adenocarcinoma,,uterus,SPP1,IGFN1,FXYD2,PAX8,CST6,PROM1,TFPI2,LCN2,TM4SF1,HAVCR1
ACH-000973,639V,639V_URINARY_TRACT,Male,Bladder Cancer,Transitional Cell Carcinoma,urinary_tract,bladder_carcinoma,bladder_transitional_cell,urinary_tract,SPINK6,ESM1,NPY,SMR3B,THY1,TAGLN,MEST,DKK1,EFEMP1,KRT7
ACH-000974,SNGM,SNGM_ENDOMETRIUM,Female,Endometrial/Uterine Cancer,Endometrial Adenocarcinoma,uterus,endometrial_adenocarcinoma,,uterus,FXYD2,GDF15,PLAU,SH3GL3,SLPI,PAX8,CLDN1,SLC2A3,NAPSA,IL32
ACH-000975,HCC2450,HCC2450_LUNG,Male,Lung Cancer,"Non-Small Cell Lung Cancer (NSCLC), Squamous Cell Carcinoma",lung,NSCLC,NSCLC_squamous,lung,COL1A2,XAGE1B,PAGE1,CYP24A1,SERPINE1,PNMA5,IGFN1,LOX,CCDC80,PSG4
ACH-000976,HUCCT1,HUCCT1_BILIARY_TRACT,Male,Bile Duct Cancer,"Cholangiocarcinoma, intrahepatic",bile_duct,cholangiocarcinoma,intrahepatic,bile_duct,SFTA2,SERPINB2,AREG,CST6,KRT81,C15orf48,KRT7,SAA1,EREG,MAL2
ACH-000977,LNCAPCLONEFGC,LNCAPCLONEFGC_PROSTATE,Male,Prostate Cancer,Adenocarcinoma,prostate,prostate_adenocarcinoma,,prostate,KLK3,KLK2,PRAC1,FOLH1,TMPRSS2,SPON2,NETO1,KLK4,HPN,NCAM2
ACH-000978,EN,EN_ENDOMETRIUM,Female,Endometrial/Uterine Cancer,Endometrial Adenocarcinoma,uterus,endometrial_adenocarcinoma,,uterus,RNASE1,GSTA1,SOX17,MAGEA4,KANK4,CT45A3,GTSF1,DAAM2,CT45A1,MAGEA9B
ACH-000980,NCIH1155,NCIH1155_LUNG,Male,Lung Cancer,"Non-Small Cell Lung Cancer (NSCLC), Large Cell Carcinoma",lung,NSCLC,NSCLC_large_cell,lung,PCSK1,PRPH,ELAVL2,BEX1,SCG2,CPLX2,INSM1,TAGLN3,NEUROD1,BGN
ACH-000981,DND41,DND41_HAEMATOPOIETIC_AND_LYMPHOID_TISSUE,Male,Leukemia,"Acute Lymphoblastic Leukemia (ALL), T-cell",blood,ALL,t_cell,blood,CD3D,CD79A,CD3E,IGLL1,CD1B,CD7,LTB,SASH3,FXYD2,MYO7B
ACH-000982,GP2D,GP2D_LARGE_INTESTINE,Female,Colon/Colorectal Cancer,Adenocarcinoma,colorectal,colorectal_adenocarcinoma,,colorectal,LGALS4,CDX1,VIL1,PHGR1,GPA33,LCN15,PPP1R1B,CDX2,RBP7,MT1G
ACH-000983,KCL22,KCL22_HAEMATOPOIETIC_AND_LYMPHOID_TISSUE,Female,Leukemia,"Chronic Myelogenous Leukemia (CML), blast crisis",blood,CML,blast_crisis,blood,HDC,CST7,FCGR2A,SIGLEC12,MMRN1,CTSG,GMFG,NKG7,GTSF1,CA2
ACH-000984,HEC6,HEC6_ENDOMETRIUM,Female,Endometrial/Uterine Cancer,Endometrial Adenocarcinoma,uterus,endometrial_adenocarcinoma,,uterus,CLDN6,MAEL,KRTAP2-3,MAGEA1,IL32,KCNQ2,GSTM4,KRT17,AXIN2,LBH
ACH-000985,LS411N,LS411N_LARGE_INTESTINE,Male,Colon/Colorectal Cancer,Adenocarcinoma,colorectal,colorectal_adenocarcinoma,,colorectal,LYZ,PLA2G2A,MT1G,LGALS4,PPP1R1B,TSPAN8,SMOC2,AGR2,GPX2,TESC
ACH-000986,HT115,HT115_LARGE_INTESTINE,Unknown,Colon/Colorectal Cancer,Adenocarcinoma,colorectal,colorectal_adenocarcinoma,,colorectal,LYZ,REG1A,TSPAN8,PF4,LGALS4,AGR3,MUC13,PIGR,TM4SF4,PPBP
ACH-000987,MEWO,MEWO_SKIN,Male,Skin Cancer,Melanoma,skin,melanoma,,skin,PMEL,DCT,PAEP,SOX10,TYR,SLC16A6,CAPN3,SLC45A2,PLP1,BIRC7
ACH-000988,MFE319,MFE319_ENDOMETRIUM,Female,Endometrial/Uterine Cancer,,uterus,endometrial_adenocarcinoma,,uterus,DHRS2,SPON1,SOX17,TACSTD2,FBN2,PAX8,TINAGL1,SLC22A31,CDH3,KIF1A
ACH-000989,SNU175,SNU175_LARGE_INTESTINE,Female,Colon/Colorectal Cancer,"Adenocarcinoma, mucinous",colorectal,colorectal_adenocarcinoma,mucinous,colorectal,REG4,REG1A,LGALS4,AGR2,SPINK4,LYZ,IL1R2,S100P,AGR3,S100A14
ACH-000990,HEC108,HEC108_ENDOMETRIUM,Female,Endometrial/Uterine Cancer,Endometrial Adenocarcinoma,uterus,endometrial_adenocarcinoma,,uterus,FXYD2,CRYAB,PAX8,CDH16,PADI3,DHRS2,RAB17,CLDN2,KISS1,CCDC198
ACH-000991,SNU81,SNU81_LARGE_INTESTINE,Male,Colon/Colorectal Cancer,Adenocarcinoma,colorectal,colorectal_adenocarcinoma,,colorectal,CEACAM5,LGALS4,PHGR1,TSPAN8,LCN2,EPS8L3,CEACAM6,S100P,S100A14,CDH17
ACH-000993,JHUEM7,JHUEM7_ENDOMETRIUM,Female,Endometrial/Uterine Cancer,Endometrial Adenocarcinoma,uterus,endometrial_adenocarcinoma,,uterus,MMP7,LCN2,SPP1,SAA1,CALB1,SLC34A2,PROM1,PDZK1IP1,DEFB4A,PAX8
ACH-000994,HEC59,HEC59_ENDOMETRIUM,Female,Endometrial/Uterine Cancer,Endometrial Adenocarcinoma,uterus,endometrial_adenocarcinoma,,uterus,SLC12A3,KLK6,SOX17,CAPS,LGALS7B,LMO3,SCIN,DLX5,NLRP2,LZTS1
ACH-000995,JURKAT,JURKAT_HAEMATOPOIETIC_AND_LYMPHOID_TISSUE,Male,Leukemia,"Acute Lymphoblastic Leukemia (ALL), T-cell",blood,ALL,t_cell,blood,CHI3L2,CD3E,CD3D,ALDH1A2,DNTT,LCK,LEF1,ZAP70,FYB1,ITM2A
ACH-000996,HEC251,HEC251_ENDOMETRIUM,Female,Endometrial/Uterine Cancer,Endometrial Adenocarcinoma,uterus,endometrial_adenocarcinoma,,uterus,CLDN16,SPON1,MAL,CALB1,LAMA3,CDH6,SLC14A2,NRCAM,UGT2B7,RXFP1
ACH-000997,HCT15,HCT15_LARGE_INTESTINE,Male,Colon/Colorectal Cancer,Adenocarcinoma,colorectal,colorectal_adenocarcinoma,,colorectal,OLR1,TNNC1,BMP4,ABCB1,C4BPB,TMEM52B,EPCAM,GAL,CDX2,VSNL1
ACH-000998,CW2,CW2_LARGE_INTESTINE,Female,Colon/Colorectal Cancer,Adenocarcinoma,colorectal,colorectal_adenocarcinoma,,colorectal,REG1A,PHGR1,MT1G,REG3A,LCN2,PPP1R1B,CDX1,AGR2,DPEP1,DMBT1
ACH-000999,SNU1040,SNU1040_LARGE_INTESTINE,Male,Colon/Colorectal Cancer,Adenocarcinoma,colorectal,colorectal_adenocarcinoma,,colorectal,FABP1,PHGR1,TSPAN8,REG1A,MUC6,PI3,SELENBP1,S100P,AGR2,GPX2
ACH-001001,143B,143B_BONE,Female,Bone Cancer,Osteosarcoma,bone,osteosarcoma,,bone,MMP1,FOXR1,CLDN11,KISS1,ANKRD1,PHGDH,ESM1,CCN2,GREM1,MT1E
ACH-001016,BECKER,BECKER_CENTRAL_NERVOUS_SYSTEM,Male,Brain Cancer,Glioma,central_nervous_system,glioma,,central_nervous_system,SPRR2D,MT1E,TNC,AOX1,BMERB1,SH3BGR,PTX3,NUPR1,TNXB,RND3
ACH-001020,BT16,BT16_SOFT_TISSUE,Male,Rhabdoid,Atypical Teratoid Rhabdoid Tumor (ATRT),soft_tissue,ATRT,,soft_tissue,SCG2,OGN,PNOC,PRPH,GPM6A,COL26A1,S100A4,CBLN2,FBN2,PTPRZ1
ACH-001022,CBAGPN,CBAGPN_BONE,Unknown,Bone Cancer,Ewings Sarcoma,bone,Ewing_sarcoma,,bone,ITM2A,DKK2,NR0B1,PCSK2,ADGRG2,XAGE1B,LHX9,RBM11,PRRX1,FBN2
ACH-001028,CHLA06ATRT,CHLA06ATRT_SOFT_TISSUE,Female,Rhabdoid,Atypical Teratoid Rhabdoid Tumor (ATRT),soft_tissue,ATRT,,soft_tissue,SLN,TSPAN8,THY1,HGF,FGGY,HPD,MUSK,WFDC3,TRIM55,RASL11A
ACH-001029,CHLA10,CHLA10_BONE,Female,Bone Cancer,Ewings Sarcoma,bone,Ewing_sarcoma,,bone,XAGE1B,ITM2A,XAGE1A,GRP,CRABP1,MFAP4,OLFML3,PENK,PKP1,RBM11
ACH-001030,CHLA218,CHLA218_BONE,Female,Bone Cancer,Ewings Sarcoma,bone,Ewing_sarcoma,,bone,FABP7,GRP,CES1,UGT3A2,CCK,XAGE1B,KRT20,PRAC1,ITM2A,XAGE1A
ACH-001031,CHLA266,CHLA266_SOFT_TISSUE,Female,Rhabdoid,Atypical Teratoid Rhabdoid Tumor (ATRT),soft_tissue,ATRT,,soft_tissue,CA4,POSTN,GPM6A,TKTL1,FGFBP3,SOST,FAM9C,SCG2,CNTNAP2,CYP19A1
ACH-001032,CHLA32,CHLA32_BONE,Female,Bone Cancer,Ewings Sarcoma,bone,Ewing_sarcoma,,bone,XAGE1B,PRAC1,PENK,FABP3,XAGE1A,ITM2A,NPY,PPP1R17,NEUROD6,MFAP4
ACH-001033,CHLA57,CHLA57_BONE,Unknown,Bone Cancer,Primitive neuroectodermal tumor,bone,Ewing_sarcoma,,bone,S100B,SERPINA3,PLP1,GPM6B,NPTX2,CNDP1,SEPTIN4,GAS7,CAPS,CMTM5
ACH-001034,CHLA9,CHLA9_BONE,Female,Bone Cancer,Ewings Sarcoma,bone,Ewing_sarcoma,,bone,XAGE1B,ITM2A,CALCB,MFAP4,XAGE1A,CCK,CRYGS,NPY1R,SYCP1,PENK
ACH-001035,CHLA99,CHLA99_BONE,Male,Bone Cancer,Ewings Sarcoma,bone,Ewing_sarcoma,,bone,ITM2A,TNFAIP6,MFAP4,PRAC1,UGT3A2,CYP4F22,CLUL1,SCG2,CALCB,OTX2
ACH-001036,CMK115,CMK115_HAEMATOPOIETIC_AND_LYMPHOID_TISSUE,Male,Leukemia,Acute Myelogenous Leukemia (AML),blood,AML,,blood,MS4A3,HBG2,FCER1A,GATA1,DLK1,MYL4,CSF2RB,APOC2,HDC,SAMSN1
ACH-001038,COGE352,COGE352_BONE,Male,Bone Cancer,Ewings Sarcoma,bone,Ewing_sarcoma,,bone,ITM2A,UGT3A2,XAGE1B,MBD3L3,PRAC1,PKP1,PNOC,SYN1,OLFML3,OTX2
ACH-001041,COLO699,COLO699_LUNG,Female,Lung Cancer,"Non-Small Cell Lung Cancer (NSCLC), Adenocarcinoma",lung,NSCLC,NSCLC_adenocarcinoma,lung,TYRP1,DCT,PMEL,SOX10,NTS,B3GAT1,OCA2,CNTN1,PRODH,ITM2A
ACH-001048,COV504,COV504_OVARY,Female,Ovarian Cancer,"Adenocarcinoma, high grade serous",ovary,ovary_adenocarcinoma,high_grade_serous,ovary,TMEM100,RARRES2,CALB1,CEACAM6,CDO1,CXCL6,IFI27,PDPN,MAGEA4,CCL2
ACH-001050,CW9019,CW9019_SOFT_TISSUE,Unknown,Sarcoma,"Rhabdomyosarcoma, alveolar",soft_tissue,rhabdomyosarcoma,alveolar,soft_tissue,MYF5,LRRC17,PECAM1,KLHL41,CHRNA1,GREM1,MEST,SIX1,THY1,OLFML3
ACH-001053,D425,D425_CENTRAL_NERVOUS_SYSTEM,Unknown,Brain Cancer,Medulloblastoma,central_nervous_system,medulloblastoma,med_group_3,central_nervous_system,RBP3,OTX2,SLC1A7,CA4,DCT,ECEL1,SLC38A5,GPC3,IMPG2,NEUROD1
ACH-001054,D458,D458_CENTRAL_NERVOUS_SYSTEM,Unknown,Brain Cancer,Medulloblastoma,central_nervous_system,medulloblastoma,med_group_3,central_nervous_system,FDCSP,OTX2,GNGT1,PDC,NNAT,MRLN,HBE1,RBP3,GNB3,GUCA1A
ACH-001057,DERL2,DERL2_HAEMATOPOIETIC_AND_LYMPHOID_TISSUE,Male,Lymphoma,T-cell,lymphocyte,lymphoma_unspecified,t_cell,lymphocyte,GZMA,NKG7,CD48,CTSW,KLRC1,PRF1,KIR3DL2,CD247,XCL2,XCL1
ACH-001059,DL,DL_SOFT_TISSUE,Unknown,Rhabdoid,Malignant Rhabdoid Tumor,soft_tissue,malignant_rhabdoid_tumor,,soft_tissue,DCN,MYOC,COL3A1,MGP,LUM,GFY,HGF,TMPRSS15,ODAM,DMP1
ACH-001060,DL40,DL40_HAEMATOPOIETIC_AND_LYMPHOID_TISSUE,Female,Lymphoma,T-cell,lymphocyte,lymphoma_unspecified,t_cell,lymphocyte,HLA-DQA1,HLA-DRA,CD74,CD160,CD2,CCR7,CXCL13,HLA-DRB1,HBA2,GPR15
ACH-001061,DLD1,DLD1_LARGE_INTESTINE,Male,Colon/Colorectal Cancer,Adenocarcinoma,colorectal,colorectal_adenocarcinoma,,colorectal,TNNC1,AGR2,CXCL5,EREG,BMP4,AREG,OLR1,S100P,CST7,S100A14
ACH-001067,F5,F5_CENTRAL_NERVOUS_SYSTEM,Male,Brain Cancer,Meningioma,central_nervous_system,meningioma,,central_nervous_system,PENK,MMP10,MGP,CRH,DLK1,POSTN,VIP,ALDH1A1,LIPF,SCG2
ACH-001068,FEPD,FEPD_HAEMATOPOIETIC_AND_LYMPHOID_TISSUE,Female,Lymphoma,T-cell,lymphocyte,lymphoma_unspecified,t_cell,lymphocyte,IL22,IL2RA,IL10,CD74,TNFRSF8,HLA-DRA,CCR7,IRF4,BATF3,HLA-DQA1
ACH-001075,NCIH292,NCIH292_LUNG,Female,Lung Cancer,"Non-Small Cell Lung Cancer (NSCLC), Mucoepidermoid Carcinoma",lung,NSCLC,NSCLC_mucoepidermoid,lung,KRT81,KRT17,PTGS2,IGFL1,F3,CST6,LCN2,FN1,TACSTD2,GPRC5A
ACH-001086,HELA,HELA_CERVIX,Female,Cervical Cancer,Carcinoma,cervix,cervical_carcinoma,,cervix,SPINK6,KRT17,FOLR1,CLU,SMOC1,PRSS21,CCN5,MARCOL,AKR1C2,GLP2R
ACH-001096,JR,JR_SOFT_TISSUE,Unknown,Sarcoma,Rhabdomyosarcoma,soft_tissue,rhabdomyosarcoma,,soft_tissue,MYCN,DLK1,MYOG,CAPN6,DES,ACTC1,MRLN,CHRNA1,RAPSN,MEDAG
ACH-001097,KARPAS384,KARPAS384_HAEMATOPOIETIC_AND_LYMPHOID_TISSUE,Male,Lymphoma,T-cell,lymphocyte,lymphoma_unspecified,t_cell,lymphocyte,GZMB,NKG7,CD3D,GZMA,CD3E,CTSW,GNLY,CST7,PRF1,CD48
ACH-001098,KCIMOH1,KCIMOH1_PANCREAS,Female,Pancreatic Cancer,"Ductal Adenocarcinoma, exocrine",pancreas,exocrine,exocrine_adenocarcinoma,pancreas,FABP4,TFF2,PSCA,CEACAM6,AKR1C2,CST1,AGR2,TSPAN8,CP,S100P
ACH-001099,KD,KD_SOFT_TISSUE,Unknown,Rhabdoid,Malignant Rhabdoid Tumor,soft_tissue,malignant_rhabdoid_tumor,,soft_tissue,KRT24,KRT28,PEG3,IGFN1,CPB1,SPP1,IGFL3,GSG1,FIBIN,TMPRSS15
ACH-001100,KHYG,KHYG_HAEMATOPOIETIC_AND_LYMPHOID_TISSUE,Unknown,Lymphoma,,lymphocyte,lymphoma_unspecified,,lymphocyte,CCL5,CST7,CD52,PRF1,JAML,GZMA,CCL3,TYROBP,GZMB,CD48
ACH-001106,KOPN8,KOPN8_HAEMATOPOIETIC_AND_LYMPHOID_TISSUE,Female,Leukemia,"Acute Lymphoblastic Leukemia (ALL), B-cell",blood,ALL,b_cell,blood,TCL1A,VPREB1,PENK,IGLL1,CD79A,CD52,LSP1,SASH3,NIBAN3,HLA-DRA
ACH-001109,KPMRTRY,KPMRTRY_SOFT_TISSUE,Male,Rhabdoid,Malignant Rhabdoid Tumor,soft_tissue,malignant_rhabdoid_tumor,,soft_tissue,MGP,COL3A1,KRT24,FIBIN,SLN,DCN,COL1A2,KRT28,KRT27,HHIP
ACH-001111,L82,L82_HAEMATOPOIETIC_AND_LYMPHOID_TISSUE,Female,Lymphoma,T-cell,lymphocyte,lymphoma_unspecified,t_cell,lymphocyte,GZMB,PRF1,HLA-DRA,HLA-DRB1,TNFRSF8,HLA-DPA1,CD74,LAPTM5,CYTIP,GMFG
ACH-001113,LC1SQSF,LC1SQSF_LUNG,Male,Lung Cancer,"Non-Small Cell Lung Cancer (NSCLC), Squamous Cell Carcinoma",lung,NSCLC,NSCLC_squamous,lung,CES1,KRT6A,AKR1B10,MAGEA4,SPARCL1,SOST,SPP1,GPX2,PI3,UGT1A6
ACH-001119,MAC2A,MAC2A_HAEMATOPOIETIC_AND_LYMPHOID_TISSUE,Male,Lymphoma,T-cell,lymphocyte,lymphoma_unspecified,t_cell,lymphocyte,IL22,CCL17,SERPINA1,GZMB,HLA-DRA,IL9,IL17F,HLA-DQA1,TNFRSF9,SLAMF1
ACH-001128,MON,MON_SOFT_TISSUE,Male,Rhabdoid,Malignant Rhabdoid Tumor,soft_tissue,malignant_rhabdoid_tumor,,soft_tissue,SLN,NPTX2,OSTN,APLNR,TMEM88,HDC,CCNA1,KDR,CD34,TAL2
ACH-001129,MONOMAC1,MONOMAC1_HAEMATOPOIETIC_AND_LYMPHOID_TISSUE,Male,Leukemia,Acute Myelogenous Leukemia (AML),blood,AML,,blood,LYZ,AZU1,CTSG,SRGN,ELANE,PRTN3,RNASE2,TPSAB1,TYROBP,PRSS57
ACH-001132,MTA,MTA_HAEMATOPOIETIC_AND_LYMPHOID_TISSUE,Female,Lymphoma,T-cell,lymphocyte,lymphoma_unspecified,t_cell,lymphocyte,NKG7,GZMK,GZMA,CXCL10,GZMH,SH2D1A,TMEM155,IL2RB,CLEC2D,HLA-DRA
ACH-001134,MYLA,MYLA_HAEMATOPOIETIC_AND_LYMPHOID_TISSUE,Unknown,Lymphoma,T-cell,lymphocyte,lymphoma_unspecified,t_cell,lymphocyte,IL2RA,IL13,CD74,GPR171,CSTA,TNFRSF4,HLA-DPA1,IL5,LTA,CCL17
ACH-001145,OC316,OC316_OVARY,Female,Ovarian Cancer,"Adenocarcinoma, serous",ovary,ovary_adenocarcinoma,serous,ovary,GAL3ST1,HAVCR1,LRRN4,LYPD6B,DCDC2,GPRC5A,ANKRD2,ALDH1A3,KRT19,IGFN1
ACH-001147,OCILY12,OCILY12_HAEMATOPOIETIC_AND_LYMPHOID_TISSUE,Male,Lymphoma,T-cell,lymphocyte,lymphoma_unspecified,t_cell,lymphocyte,IL2RA,CD48,CST7,GPR171,RGS1,HLA-DRA,HLA-DQA1,TMEM273,PRF1,PMCH
ACH-001148,OCILY132,OCILY132_HAEMATOPOIETIC_AND_LYMPHOID_TISSUE,Female,Lymphoma,T-cell,lymphocyte,lymphoma_unspecified,t_cell,lymphocyte,NKG7,CD2,CST7,CD3D,GZMK,CD3E,CD27,LCK,HLA-DRA,HLA-DQA1
ACH-001151,OVCAR5,OVCAR5_OVARY,Female,Ovarian Cancer,"Adenocarcinoma, high grade serous",ovary,ovary_adenocarcinoma,high_grade_serous,ovary,CST1,KRT20,FABP4,AGR2,AKR1B10,LCN2,TM4SF18,MALL,KRT23,CST4
ACH-001163,CCLFPEDS0001T,PEDS005TSUSP_KIDNEY,Male,Kidney Cancer,Renal Medullary Carcinoma,kidney,renal_cell_carcinoma,renal_medullary_carcinoma,kidney,CA4,PTGDS,CALB1,KLK6,COL1A2,SERPINA3,TFPI2,COL17A1,AKR1C3,MMP10
ACH-001164,CCLFPEDS0003T,CCLFPEDS0003T_SOFT_TISSUE,Unknown,Sarcoma,Undifferentiated,soft_tissue,undifferentiated_sarcoma,,soft_tissue,VGF,MGP,IGF2,SPON2,CD177,NPTX2,DIO3,OLFM2,CES1,SMOC2
ACH-001172,U251MGDM,U251MGDM_Brain,Male,Brain Cancer,Astrocytoma,central_nervous_system,glioma,astrocytoma,central_nervous_system,XAGE1B,GAGE2A,GAGE2E,PAGE1,DHRS2,GAGE1,IL13RA2,A2M,NXF2,MAGEC2
ACH-001183,RT11284,RT11284_URINARY_TRACT,Female,Bladder Cancer,Carcinoma,urinary_tract,bladder_carcinoma,,urinary_tract,FABP4,KRT13,S100P,S100A9,CALB1,UPK1B,UGT1A6,LY6D,TMPRSS4,S100A2
ACH-001184,SCMCRM2,SCMCRM2_SOFT_TISSUE,Female,Sarcoma,Rhabdomyosarcoma,soft_tissue,rhabdomyosarcoma,,soft_tissue,MYOG,ACTC1,CAPN6,TNNI1,MYL4,EDN3,ERVW-1,CHRND,TNNT2,NNAT
ACH-001188,SHSY5Y,SHSY5Y_AUTONOMIC_GANGLIA,Female,Neuroblastoma,,peripheral_nervous_system,neuroblastoma,,peripheral_nervous_system,RGS5,STMN2,DBH,CHGA,RGS4,PHOX2A,HAND2,C7,NSG2,RTL1
ACH-001190,SKMEL2,SKMEL2_SKIN,Male,Skin Cancer,Melanoma,skin,melanoma,,skin,S100B,PAGE5,PMEL,SERPINA3,CXCL8,SSX2B,SSX1,PLP1,CAPN3,MAGEC2
ACH-001192,SKNEP1,SKNEP1_BONE,Female,Bone Cancer,Ewings Sarcoma,bone,Ewing_sarcoma,,bone,CES1,XAGE1B,MYOM2,CTCFL,ITM2A,GRP,PKP1,TRMT9B,AMER2,NELL2
ACH-001193,SKPNDW,SKPNDW_BONE,Male,Bone Cancer,Ewings Sarcoma,bone,Ewing_sarcoma,,bone,NPY1R,DKK2,CCK,XAGE1B,UGT3A2,UTS2,XAGE1A,NR0B1,PTGER3,TRMT9B
ACH-001194,SKRC31,SKRC31_KIDNEY,Unknown,Kidney Cancer,Renal Cell Carcinoma,kidney,renal_cell_carcinoma,,kidney,SPP1,AKR1B10,UGT1A6,BHMT2,NDUFA4L2,FXYD2,ALDH1A1,IGFN1,HAVCR1,FABP6
ACH-001196,SMSCTR,SMSCTR_SOFT_TISSUE,Male,Sarcoma,"Rhabdomyosarcoma, embryonal",soft_tissue,rhabdomyosarcoma,embryonal,soft_tissue,IGF2,DHRS2,MSTN,TCEAL7,CHRND,MYL1,CHRNA1,MRLN,NNAT,STAC3
ACH-001197,SMZ1,SMZ1_HAEMATOPOIETIC_AND_LYMPHOID_TISSUE,Male,Lymphoma,,lymphocyte,lymphoma_unspecified,,lymphocyte,CXCL10,NKG7,HLA-DQA1,CD74,HLA-DRA,RGS1,CCL5,CD2,TBX21,IL2RA
ACH-001200,STM9101,STM9101_SOFT_TISSUE,Male,Rhabdoid,Malignant Rhabdoid Tumor,soft_tissue,malignant_rhabdoid_tumor,,soft_tissue,PNOC,FOLH1,POSTN,PI15,MRGPRX1,PRPH,IGFL2,MEOX2,COL1A2,SELENOP
ACH-001201,SUMB002,SUMB002_CENTRAL_NERVOUS_SYSTEM,Unknown,Brain Cancer,Medulloblastoma,central_nervous_system,medulloblastoma,,central_nervous_system,OTX2,CA4,MRLN,IMPG2,NEUROD1,MAB21L2,WFDC1,CTCFL,SGIP1,LRTM1
ACH-001207,TIG3TD,TIG3TD_FIBROBLAST,Unknown,Fibroblast,Lung,fibroblast,fibroblast_lung,,fibroblast,DCN,COL1A2,IGFBP5,COL6A3,COL1A1,COL3A1,GREM1,CD248,ACTG2,THY1
ACH-001210,TTC1240,TTC1240_SOFT_TISSUE,Female,Rhabdoid,Malignant Rhabdoid Tumor,soft_tissue,malignant_rhabdoid_tumor,,soft_tissue,REG1A,DCN,GATM,KRT24,GSG1,SPP1,IGFL3,COL3A1,LUM,DCLK1
ACH-001211,TTC549,TTC549_SOFT_TISSUE,Female,Rhabdoid,Malignant Rhabdoid Tumor,soft_tissue,malignant_rhabdoid_tumor,,soft_tissue,GCG,DLK1,COL3A1,GPC3,DCN,MMP10,IGF2,MYOC,TYRP1,HGF
ACH-001228,UPCISCC152,UPCISCC152_UPPER_AERODIGESTIVE_TRACT,Male,Head and Neck Cancer,"Squamous Cell Carcinoma, oral",upper_aerodigestive,upper_aerodigestive_squamous,oral,upper_aerodigestive,KRT6A,LGALS7B,NTS,GPC3,PKP1,FXYD3,S100A2,FOXE1,TP63,COL17A1
ACH-001229,UPCISCC154,UPCISCC154_UPPER_AERODIGESTIVE_TRACT,Male,Head and Neck Cancer,"Squamous Cell Carcinoma, oral",upper_aerodigestive,upper_aerodigestive_squamous,oral,upper_aerodigestive,LCN2,KRT6A,KRT17,ADIRF,MROH2A,KRT14,S100A9,ANXA8,KRT5,CSTA
ACH-001232,UW228,UW228_CENTRAL_NERVOUS_SYSTEM,Female,Brain Cancer,Medulloblastoma,central_nervous_system,medulloblastoma,,central_nervous_system,CHI3L1,COL1A2,ACTG2,MGP,IFI27,CHRDL1,CD36,GPNMB,COL11A1,KRT81
ACH-001239,WM2664,WM2664_SKIN,Female,Skin Cancer,Melanoma,skin,melanoma,,skin,S100B,TYR,DCT,LOXL4,ITIH5,TF,PLP1,APOD,MIA,SOX10
ACH-001270,127399,127399_SOFT_TISSUE,Unknown,Sarcoma,Synovial,soft_tissue,synovial_sarcoma,,soft_tissue,ALPL,NPPB,ANKRD1,COL1A1,CCN2,CRIP1,CXCL12,PTGDS,RPS4Y1,COL5A1
ACH-001274,SW982,SW982_SOFT_TISSUE,Female,Sarcoma,Synovial,soft_tissue,synovial_sarcoma,,soft_tissue,MMP1,SPANXB1,SFRP1,PAGE5,CPA4,SPANXA1,XAGE1B,THY1,SRGN,CCL2
ACH-001275,SYO1,SYO1_SOFT_TISSUE,Female,Sarcoma,Synovial,soft_tissue,synovial_sarcoma,,soft_tissue,WIF1,CEP112,APCDD1,CXCL14,COL6A3,ISM1,DKK2,ART5,CYP24A1,MEOX2
ACH-001277,YAMATO,YAMATO_SOFT_TISSUE,Unknown,Sarcoma,Synovial,soft_tissue,synovial_sarcoma,,soft_tissue,POSTN,HGF,FABP4,RASL11B,COL3A1,COL6A3,TMEM100,MEOX2,PDGFRA,COL15A1
ACH-001278,BIN67,BIN67_OVARY,Female,Ovarian Cancer,Small Cell Carcinoma of the Ovary Hypercalcemic Type (SCCOHT),ovary,SCCOHT,,ovary,NTS,COL11A1,TMEM100,CRYAB,MFAP5,HAPLN1,ANKRD1,TEK,FREM2,MAGEA4
ACH-001279,SCCOHT1,SCCOHT1_OVARY,Unknown,Ovarian Cancer,Small Cell Carcinoma of the Ovary Hypercalcemic Type (SCCOHT),ovary,SCCOHT,,ovary,GCG,NTS,SCG2,KCTD12,ALDH1A1,CRH,AGMO,FOXG1,HGF,RGS4
ACH-001280,SCS214,SCS214_SOFT_TISSUE,Unknown,Sarcoma,Synovial,soft_tissue,synovial_sarcoma,,soft_tissue,WIF1,CEP112,NELL2,HOXC12,SST,LUM,FRZB,NEFL,BMPER,DCN
ACH-001283,TC106,TC106_BONE,Male,Bone Cancer,Ewings Sarcoma,bone,Ewing_sarcoma,,bone,ITM2A,GRP,PRAC1,XAGE1B,SCGB3A2,MFAP4,UGT3A2,TNFAIP6,DKK2,CCK
ACH-001289,COGAR359,COGAR359_SOFT_TISSUE,Male,Rhabdoid,Atypical Teratoid Rhabdoid Tumor (ATRT),soft_tissue,ATRT,,soft_tissue,FAM107A,PTN,L1TD1,LMO2,MLC1,LHX2,PNOC,FABP7,TMEM35A,FGFBP3
ACH-001295,Y79,Y79_AUTONOMIC_GANGLIA,Female,Eye Cancer,Retinoblastoma,eye,retinoblastoma,,eye,MYCN,GSG1,AIPL1,OTX2,GNB3,CRX,NNAT,IMPG2,NEUROD1,HPCA
ACH-001300,CHLA15,CHLA15_AUTONOMIC_GANGLIA,Female,Neuroblastoma,,peripheral_nervous_system,neuroblastoma,,peripheral_nervous_system,STMN2,NSG2,CRABP1,CHGA,ELAVL4,NEFM,RGS5,PHOX2B,PRPH,DDC
ACH-001301,COGN278,COGN278_AUTONOMIC_GANGLIA,Unknown,Neuroblastoma,,peripheral_nervous_system,neuroblastoma,,peripheral_nervous_system,CALCB,RGS5,PAGE5,MYCN,STMN2,ARHGAP36,RGS4,ELAVL4,PHOX2A,HAND2
ACH-001302,COGN305,COGN305_AUTONOMIC_GANGLIA,Unknown,Neuroblastoma,,peripheral_nervous_system,neuroblastoma,,peripheral_nervous_system,ARHGAP36,DLK1,RGS4,MYCN,PHOX2A,CHGA,HAND2,NSG2,VEGFD,STMN4
ACH-001303,NB1643,NB1643_AUTONOMIC_GANGLIA,Male,Neuroblastoma,,peripheral_nervous_system,neuroblastoma,,peripheral_nervous_system,MYCN,STMN2,NSG2,HAND2,RGS4,PHOX2A,RGS5,ELAVL4,STMN4,GDAP1L1
ACH-001306,8305C,8305C_THYROID,Female,Thyroid Cancer,Carcinoma,thyroid,thyroid_carcinoma,,thyroid,MMP1,G0S2,FN1,TFPI2,IL1B,SERPINE1,SPOCK1,CSF3,CLEC11A,TGM2
ACH-001307,8505C,8505C_THYROID,Female,Thyroid Cancer,Carcinoma,thyroid,thyroid_carcinoma,,thyroid,MMP1,ESM1,RGS4,LCE2A,KRT14,KPRP,CHRDL1,KISS1,PLAT,SFRP1
ACH-001318,PLCPRF5,PLCPRF5_LIVER,Male,Liver Cancer,Hepatocellular Carcinoma,liver,hepatocellular_carcinoma,,liver,NTS,FGA,FGG,AMBP,PAH,FGB,CRH,ALDH1A1,TF,VTN
ACH-001321,TT,TT_THYROID,Female,Thyroid Cancer,Squamous Cell Carcinoma,thyroid,thyroid_squamous,,thyroid,CALCA,CHGB,PAGE2B,SCG3,NSG2,GRP,CHGA,PAGE2,CPE,CEACAM5
ACH-001322,CME1,CME1_SOFT_TISSUE,Unknown,Sarcoma,Synovial,soft_tissue,synovial_sarcoma,,soft_tissue,FGG,ANGPT2,COL9A3,IGF2,KLHL4,HOXC12,APCDD1L,SBSPON,SOX8,TNC
ACH-001328,A431,A431_SKIN,Female,Skin Cancer,Squamous Cell Carcinoma,skin,skin_squamous,,skin,LY6D,KRT14,KRT5,KRT6A,KRT13,KRT15,ADIRF,MAGEA4,S100A2,KLK8
ACH-001329,ANGMCSS,ANGMCSS_CENTRAL_NERVOUS_SYSTEM,Male,Brain Cancer,Glioblastoma,central_nervous_system,glioma,glioblastoma,central_nervous_system,LRRC17,COL1A2,THY1,MGP,CCL2,ACTG2,TAGLN,LUM,MMP2,MFAP4
ACH-001332,BICR78,BICR78_UPPER_AERODIGESTIVE_TRACT,Male,Head and Neck Cancer,"Squamous Cell Carcinoma, oral",upper_aerodigestive,upper_aerodigestive_squamous,oral,upper_aerodigestive,KRTDAP,KRT5,SPRR1B,PI3,KRT14,KRT6A,KRT13,LY6D,SPRR1A,SLURP2
ACH-001333,C33A,C33A_CERVIX,Female,Cervical Cancer,Carcinoma,cervix,cervical_carcinoma,,cervix,MAGEA4,SEMA3D,GJA1,KCNQ2,OTOL1,SOX2,MMRN1,GTSF1,MLIP,SNCA
ACH-001334,C4I,C4I_CERVIX,Female,Cervical Cancer,Carcinoma,cervix,cervical_carcinoma,,cervix,IGFL1,S100A9,C15orf48,HSD11B1,KRT81,KRT13,PI3,S100A8,FXYD3,TACSTD2
ACH-001335,C4II,C4II_CERVIX,Female,Cervical Cancer,Carcinoma,cervix,cervical_carcinoma,,cervix,PI3,KRT13,ALPP,SLPI,SAA1,MAL,HSD3B1,S100A9,PSG5,IFI27
ACH-001336,CASKI,CASKI_CERVIX,Female,Cervical Cancer,Squamous Cell Carcinoma,cervix,cervical_squamous,,cervix,KRT17,KRT14,KRT5,CXorf49,KRT81,KRT34,PSG5,LCN2,COL17A1,TDRD9
ACH-001338,CHP134,CHP134_AUTONOMIC_GANGLIA,Male,Neuroblastoma,,peripheral_nervous_system,neuroblastoma,,peripheral_nervous_system,MYCN,NEUROD1,STMN2,ELAVL4,PHOX2B,DDX1,IGSF1,HPCA,TAGLN3,MAB21L1
ACH-001339,COLO794,COLO794_SKIN,Male,Skin Cancer,Melanoma,skin,melanoma,,skin,MMP1,S100B,SERPINA3,DCT,MIA,MGP,PMEL,S100A1,HLA-DRA,PLP1
ACH-001340,COV413A,COV413A_OVARY,Female,Ovarian Cancer,Carcinoma,ovary,ovary_carcinoma,,ovary,WFDC2,LCN2,CLDN16,SLPI,C3,PDZK1IP1,CXCL5,CCNA1,IFI27,GPX3
ACH-001341,DOTC24510,DOTC24510_CERVIX,Female,Cervical Cancer,Cervical Adenocarcinoma,cervix,cervical_adenocarcinoma,,cervix,LCN2,OLFM4,KRT13,S100A9,PADI3,TACSTD2,LY6D,CSTA,MAL,KRT14
ACH-001344,GIMEN,GIMEN_AUTONOMIC_GANGLIA,Male,Neuroblastoma,,peripheral_nervous_system,neuroblastoma,,peripheral_nervous_system,CXCL12,SERPINB7,COL3A1,SFRP1,PAGE5,BGN,EMILIN1,SCG2,FN1,COL1A1
ACH-001345,GP5D,GP5D_LARGE_INTESTINE,Female,Colon/Colorectal Cancer,Adenocarcinoma,colorectal,colorectal_adenocarcinoma,,colorectal,LGALS4,CDX1,LCN15,RBP7,PPP1R1B,C10orf99,FXYD3,CDH17,GPA33,S100A14
ACH-001346,H103,H103_UPPER_AERODIGESTIVE_TRACT,Male,Head and Neck Cancer,"Squamous Cell Carcinoma, buccal mucosa",upper_aerodigestive,upper_aerodigestive_squamous,buccal_mucosa,upper_aerodigestive,KRT5,KRT14,KRT6A,SAA1,KRT17,S100A9,KRT81,KRT16,PI3,SAA2
ACH-001347,H157,H157_UPPER_AERODIGESTIVE_TRACT,Male,Head and Neck Cancer,"Squamous Cell Carcinoma, buccal mucosa",upper_aerodigestive,upper_aerodigestive_squamous,buccal_mucosa,upper_aerodigestive,KRT14,MMP7,KRT13,KRT5,KRT6A,KRT16,KRT17,KRT81,PLA2G2A,SAA1
ACH-001353,JOPACA1,JOPACA1_PANCREAS,Male,Pancreatic Cancer,"Ductal Adenocarcinoma, exocrine",pancreas,exocrine,exocrine_adenocarcinoma,pancreas,KISS1,LCN2,C15orf48,PSCA,WFDC2,PLAAT4,DHRS9,CEACAM5,CEACAM6,S100P
ACH-001354,LAN2,LAN2_AUTONOMIC_GANGLIA,Female,Neuroblastoma,,peripheral_nervous_system,neuroblastoma,,peripheral_nervous_system,SST,PAGE5,PAGE2,LRRN3,MAGEA4,VCX2,PHOX2B,ELAVL4,MYCN,PRPH
ACH-001356,MB1,MB1_THYROID,Male,Thyroid Cancer,"Carcinoma, anaplastic",thyroid,thyroid_carcinoma,anaplastic,thyroid,NOX5,GREM1,TFPI2,XAGE1B,G0S2,IDO1,FN1,IL6,SPARC,SLC16A6
ACH-001360,MS751,MS751_CERVIX,Female,Cervical Cancer,Squamous Cell Carcinoma,cervix,cervical_squamous,,cervix,CGA,SPINK6,KRT13,ADIRF,RHOV,CPS1,CT83,FXYD3,MFAP5,CLEC3A
ACH-001366,NGP,NGP_AUTONOMIC_GANGLIA,Male,Neuroblastoma,,peripheral_nervous_system,neuroblastoma,,peripheral_nervous_system,MYCN,HAND2,ARHGAP36,STMN2,PHOX2A,FABP6,PRPH,SLC17A8,CYRIA,HPCA
ACH-001367,NMB,NMB_AUTONOMIC_GANGLIA,Unknown,Neuroblastoma,,peripheral_nervous_system,neuroblastoma,,peripheral_nervous_system,MYCN,HAND2,GAGE2E,RGS5,GAGE2A,PHOX2A,STMN2,ENPP2,KCNQ2,RGS4
ACH-001368,OACM51,OACM51_OESOPHAGUS,Female,Esophageal Cancer,Adenocarcinoma,esophagus,esophagus_adenocarcinoma,,esophagus,CRYAB,SCRG1,MB,FAM9C,DPPA3,AKR1C2,AKR1C1,SERPINA3,CRYAA2,S100A4
ACH-001369,OCIC5X,OCIC5X_OVARY,Female,Ovarian Cancer,"Adenocarcinoma, clear cell",ovary,ovary_adenocarcinoma,clear_cell,ovary,SAA2,SAA1,LCN2,SFTA2,C10orf99,FXYD2,NID2,DHRS2,SLPI,CST6
ACH-001370,OCIP5X,OCIP5X_OVARY,Female,Ovarian Cancer,"Adenocarcinoma, serous",ovary,ovary_adenocarcinoma,serous,ovary,IL1B,CXCL1,TFPI2,CXCL8,CSF3,G0S2,PTGS2,MMP3,MMP1,ESM1
ACH-001373,OV17R,OV17R_OVARY,Female,Ovarian Cancer,Adenocarcinoma,ovary,ovary_adenocarcinoma,,ovary,MFAP5,CYP4B1,SPOCK2,UPK3B,SLPI,TNNT2,GAGE2A,GAGE1,SPON1,IGFBP2
ACH-001374,PA1,PA1_OVARY,Female,Ovarian Cancer,,ovary,mixed_germ_cell,,ovary,LIN28A,CLDN6,POU5F1,CRABP1,SFRP2,SPP1,CDH6,VAT1L,EDNRB,TRIM71
ACH-001375,PACADD119,PACADD119_PANCREAS,Male,Pancreatic Cancer,"Ductal Adenocarcinoma, exocrine",pancreas,exocrine,exocrine_adenocarcinoma,pancreas,KRT13,PSCA,RARRES1,ADIRF,SPOCK2,PSG5,S100P,UGT1A6,AKR1C2,WFDC2
ACH-001376,PACADD135,PACADD135_PANCREAS,Female,Pancreatic Cancer,"Ductal Adenocarcinoma, exocrine",pancreas,exocrine,exocrine_adenocarcinoma,pancreas,CST1,CST4,CST2,PSCA,PLAT,TFF2,WFDC2,LCN2,KRT13,CEACAM6
ACH-001377,PACADD137,PACADD137_PANCREAS,Female,Pancreatic Cancer,"Ductal Adenocarcinoma, exocrine",pancreas,exocrine,exocrine_adenocarcinoma,pancreas,SERPINA1,TFF2,OLFM4,ALB,TFF1,DEFB1,GPX2,SPINK4,FABP1,CCL20
ACH-001378,PACADD159,PACADD159_PANCREAS,Male,Pancreatic Cancer,"Ductal Adenocarcinoma, exocrine",pancreas,exocrine,exocrine_adenocarcinoma,pancreas,LCN2,KLK10,MUCL3,WFDC2,SAA2,KRT7,UPK2,COL17A1,SFTA2,CEACAM6
ACH-001379,PACADD161,PACADD161_PANCREAS,Female,Pancreatic Cancer,"Ductal Adenocarcinoma, exocrine",pancreas,exocrine,exocrine_adenocarcinoma,pancreas,SYT8,C19orf33,AGR2,S100P,ALPP,ANPEP,ADIRF,UPK3B,AGR3,CEACAM6
ACH-001380,PACADD165,PACADD165_PANCREAS,Male,Pancreatic Cancer,"Ductal Adenocarcinoma, exocrine",pancreas,exocrine,exocrine_adenocarcinoma,pancreas,FXYD2,CRYAB,MMP7,SFRP5,SCGN,TM4SF18,CLDN2,CCL2,CP,C3
ACH-001382,PACADD188,PACADD188_PANCREAS,Female,Pancreatic Cancer,"Ductal Adenocarcinoma, exocrine",pancreas,exocrine,exocrine_adenocarcinoma,pancreas,PSCA,TFF2,CEACAM6,TFF1,DHRS9,ALDH3A1,S100A4,LGALS4,UGT1A10,AGR2
ACH-001384,RO82W1,RO82W1_THYROID,Female,Thyroid Cancer,"Carcinoma, follicular",thyroid,thyroid_carcinoma,follicular,thyroid,MMP1,CXCL3,FN1,PSG4,TMEM158,SCG5,CSF2,G0S2,KISS1,BEX1
ACH-001385,RPMI2650,RPMI2650_UPPER_AERODIGESTIVE_TRACT,Male,Head and Neck Cancer,Squamous Cell Carcinoma,upper_aerodigestive,upper_aerodigestive_squamous,,upper_aerodigestive,DLK1,MGP,SPINK6,DNASE2B,SPINK5,SLC30A8,KRT5,DLX5,AQP1,TMEM100
ACH-001386,SCLC22H,SCLC22H_LUNG,Male,Lung Cancer,Small Cell Lung Cancer (SCLC),lung,SCLC,,lung,CHGA,CHGB,PPP1R17,TCEAL7,NEUROD1,GNG8,INSM1,ASCL1,DDC,KCNK16
ACH-001388,SUM102PT,SUM102PT_BREAST,Female,Breast Cancer,Carcinoma,breast,breast_carcinoma,ERneg_HER2neg,breast,KRT1,LCE3D,KRTDAP,KRT6A,SPRR1B,SBSN,KRT16,SPRR2E,SPRR1A,KRT5
ACH-001389,SUM1315MO2,SUM1315MO2_BREAST,Female,Breast Cancer,Breast Ductal Carcinoma,breast,breast_ductal_carcinoma,ERneg_HER2neg,breast,ANPEP,LOX,COL1A2,FAM180A,MAGEA9B,RNF182,KCNMA1,SGCA,COL1A1,CTAG2
ACH-001390,SUM149PT,SUM149PT_BREAST,Female,Breast Cancer,Breast Ductal Carcinoma,breast,breast_ductal_carcinoma,ERneg_HER2neg,breast,KRT81,SAA1,C3,WFDC2,KRT6A,AREG,S100P,LCN2,RARRES1,PI3
ACH-001391,SUM159PT,SUM159PT_BREAST,Female,Breast Cancer,Carcinoma,breast,breast_carcinoma,ERneg_HER2neg,breast,SAA1,IRX2,SAA2,XAGE2,XAGE1B,ABI3BP,COL8A1,C3,TMPRSS15,C5orf38
ACH-001392,SUM185PE,SUM185PE_BREAST,Female,Breast Cancer,Carcinoma,breast,breast_carcinoma,ERneg_HER2neg,breast,PIP,CALML5,TFF3,SNCG,S100P,TFF1,GATA3,CREB3L1,S100A14,PSCA
ACH-001394,SUM229PE,SUM229PE_BREAST,Female,Breast Cancer,Carcinoma,breast,breast_carcinoma,ERneg_HER2neg,breast,KRT6A,CCL20,SERPINA3,KRT17,UGT1A6,S100A2,COL8A1,SAA2,SLPI,IFI27
ACH-001395,SUM44PE,SUM44PE_BREAST,Female,Breast Cancer,Carcinoma,breast,breast_carcinoma,ERpos_HER2pos,breast,MGP,APOD,AKR1C2,SCGB2A2,THRSP,NUPR1,SMIM22,AMBP,MUCL1,AZGP1
ACH-001396,SUM52PE,SUM52PE_BREAST,Female,Breast Cancer,Carcinoma,breast,breast_carcinoma,ERpos_HER2pos,breast,CRISP3,PCP4,KRT81,FGFR2,KRT86,AGR2,MUCL1,S100P,AZGP1,CES1
ACH-001398,SW156,SW156_KIDNEY,Male,Kidney Cancer,Renal Cell Carcinoma,kidney,renal_cell_carcinoma,,kidney,FABP7,SPP1,FXYD2,PAGE1,ALDH1A1,MMP7,SERPINE1,IGFBP3,UGT1A6,PDZK1IP1
ACH-001399,SW626,SW626_LARGE_INTESTINE,Female,Colon/Colorectal Cancer,,colorectal,colorectal_adenocarcinoma,,colorectal,GZMB,IGFL1,KRT20,CST7,KRT40,SUGCT,RBP1,KLRC2,BMP4,KLK10
ACH-001400,SW954,SW954_CERVIX,Female,Cervical Cancer,Squamous Cell Carcinoma,cervix,cervical_squamous,,cervix,KRT15,S100A8,KRT13,LGALS7B,TNNI2,LY6D,COL17A1,LCN2,KRT5,DEFB1
ACH-001401,SW13,SW13_ADRENAL_CORTEX,Female,Adrenal Cancer,Carcinoma,adrenal_cortex,adrenal_carcinoma,,adrenal_cortex,NTS,MAGEA4,XAGE1B,ALDH1A1,COL11A1,EPHA7,DPEP3,MAP2,CT45A1,OSTN
ACH-001402,SW756,SW756_CERVIX,Female,Cervical Cancer,Squamous Cell Carcinoma,cervix,cervical_squamous,,cervix,IL11,CPA4,CA9,SMOC1,KYNU,STC1,NPTX1,F2R,SERPINB4,SERPINB3
ACH-001403,TO14,TO14_OVARY,Female,Ovarian Cancer,Cystadenocarcinoma,ovary,ovary_adenocarcinoma,,ovary,WFDC2,IGF2,CCL2,BEX1,CRABP2,TMEM100,CP,KCNQ2,CRABP1,CDH6
ACH-001407,UMUC13,UMUC13_URINARY_TRACT,Male,Bladder Cancer,Transitional Cell Carcinoma,urinary_tract,bladder_carcinoma,bladder_transitional_cell,urinary_tract,VGLL3,SERPINB2,RPS4Y1,SERPINE1,G0S2,CAV1,IL1B,SRGN,THBS1,DIRAS3
ACH-001408,UMUC14,UMUC14_URINARY_TRACT,Male,Bladder Cancer,Transitional Cell Carcinoma,urinary_tract,bladder_carcinoma,bladder_transitional_cell,urinary_tract,CST1,S100A9,LCN2,GSTM1,KRT17,ADIRF,S100P,UPK1B,DHRS2,SLPI
ACH-001409,UMUC16,UMUC16_URINARY_TRACT,Unknown,Bladder Cancer,Transitional Cell Carcinoma,urinary_tract,bladder_carcinoma,bladder_transitional_cell,urinary_tract,KRT13,KRT5,S100A2,KRT17,UGT1A10,DIO2,TACSTD2,KRT7,IGFBP3,FGFBP1
ACH-001410,UMUC4,UMUC4_URINARY_TRACT,Female,Bladder Cancer,Transitional Cell Carcinoma,urinary_tract,bladder_carcinoma,bladder_transitional_cell,urinary_tract,FABP1,APOD,CA1,TAC3,MUC13,AGR3,REG4,RBP2,GSTA1,ALDH1A1
ACH-001411,UMUC5,UMUC5_URINARY_TRACT,Female,Bladder Cancer,Squamous Cell Carcinoma,urinary_tract,bladder_carcinoma,bladder_squamous,urinary_tract,FABP4,KRT13,LY6D,MMP10,KRT5,KRT4,S100A2,FXYD3,UGT1A6,UGT1A8
ACH-001412,UMUC10,UMUC10_URINARY_TRACT,Unknown,Bladder Cancer,Transitional Cell Carcinoma,urinary_tract,bladder_carcinoma,bladder_transitional_cell,urinary_tract,CA9,MAGEA10,CST6,GTSF1,GSTM1,ID4,SLC1A6,KRT7,S100A2,VGLL1
ACH-001413,UMUC11,UMUC11_URINARY_TRACT,Male,Bladder Cancer,Transitional Cell Carcinoma,urinary_tract,bladder_carcinoma,bladder_transitional_cell,urinary_tract,PNMA5,HMGA2,SERPINE1,CLDN11,C19orf33,CTAG2,KISS1,MT1E,MAGEA10,DIO2
ACH-001414,UMUC6,UMUC6_URINARY_TRACT,Male,Bladder Cancer,Transitional Cell Carcinoma,urinary_tract,bladder_carcinoma,bladder_transitional_cell,urinary_tract,FABP4,S100A9,KRT17,IL1A,S100P,OLR1,PI3,SLPI,S100A2,S100A8
ACH-001415,UMUC7,UMUC7_URINARY_TRACT,Male,Bladder Cancer,Transitional Cell Carcinoma,urinary_tract,bladder_carcinoma,bladder_transitional_cell,urinary_tract,S100A9,MGP,CYP4B1,RARRES1,ADIRF,HPGD,FXYD3,TRIM31,S100A8,VGLL1
ACH-001416,UMUC9,UMUC9_URINARY_TRACT,Male,Bladder Cancer,Transitional Cell Carcinoma,urinary_tract,bladder_carcinoma,bladder_transitional_cell,urinary_tract,PSCA,CD36,ADIRF,UPK1B,RARRES1,VSIG2,S100P,VGLL1,TACSTD2,PPARG
ACH-001418,UWB1289,UWB1289_OVARY,Female,Ovarian Cancer,"Adenocarcinoma, serous",ovary,ovary_adenocarcinoma,serous,ovary,MAL,CRYAB,CST6,SPOCK2,CLDN16,SLPI,KRT7,LCN2,SPON1,CLDN3
ACH-001419,VP229,VP229_BREAST,Female,Breast Cancer,Breast Ductal Carcinoma,breast,breast_ductal_carcinoma,,breast,S100A8,S100A9,CALML5,KLK6,DEFB1,KLK5,MB,VGLL1,SLPI,FXYD3
ACH-001421,WERIRB1,WERIRB1_AUTONOMIC_GANGLIA,Female,Eye Cancer,Retinoblastoma,eye,retinoblastoma,,eye,OTX2,GSG1,AIPL1,PPP1R27,NEUROD1,RCVRN,NEUROD4,PDE6H,RXRG,CRABP2
ACH-001422,WPE1NA22,WPE1NA22_PROSTATE,Male,Prostate Cancer,Adenocarcinoma,prostate,prostate_adenocarcinoma,,prostate,SLPI,KRT6A,S100A9,SPRR1B,SPRR2E,SPRR3,KRT13,KRT16,KLK7,S100A8
ACH-001430,TC138,TC138_BONE,Male,Bone Cancer,Ewings Sarcoma,bone,Ewing_sarcoma,,bone,PRAC1,MFAP4,XAGE1B,ITM2A,NEUROD6,SYCP1,DKK2,APCDD1,RBM11,TRMT9B
ACH-001431,TC205,TC205_BONE,Unknown,Bone Cancer,Ewings Sarcoma,bone,Ewing_sarcoma,,bone,PRAC1,FGFBP2,UGT3A2,OLFM2,CCK,MFAP4,NPY1R,XG,PPP1R1A,DPEP1
ACH-001433,CCLFPEDS0008T,CCLFPEDS0008T_SOFT_TISSUE,Unknown,Sarcoma,Epithelioid,soft_tissue,epithelioid_sarcoma,,soft_tissue,PPBP,ALDH1A1,MMP10,CALB1,COL11A1,MMP3,CRYAB,ECSCR,COL3A1,SPINK6
ACH-001441,921,921_UVEA,Female,Eye Cancer,Uveal Melanoma,eye,uveal_melanoma,,eye,TYRP1,PMEL,CD36,MLANA,PCDH20,A2M,S100A1,NMRK2,CA14,RAB38
ACH-001442,A388,A388_SKIN,Male,Skin Cancer,Squamous Cell Carcinoma,epidermoid_carcinoma,skin_squamous,,epidermoid_carcinoma,S100A8,S100A9,S100A7,KRT5,KRT6A,KRT17,KRT14,SPRR1B,S100A2,PI3
ACH-001443,ASH3,ASH3_THYROID,Female,Thyroid Cancer,Carcinoma,thyroid,thyroid_carcinoma,,thyroid,MMP1,MMP3,IL1B,COL10A1,KRT34,CXCL8,IL24,CCL20,CSF3,GREM1
ACH-001450,BLUE1,BLUE1_HAEMATOPOIETIC_AND_LYMPHOID_TISSUE,Male,Lymphoma,"B-cell, Non-Hodgkins, Burkitts",lymphocyte,non_hodgkin_lymphoma,b_cell_burkitt,lymphocyte,TCL1A,IRAG2,JCHAIN,HLA-DRA,CD79A,ACTL8,CD74,MEF2B,LSP1,CD22
ACH-001451,BOKU,BOKU_CERVIX,Female,Cervical Cancer,Squamous Cell Carcinoma,cervix,cervical_squamous,,cervix,IFI27,KRT17,POSTN,RNF212,HBD,CLDN11,MSLN,CD70,SLPI,CCL5
ACH-001453,BPH1,BPH1_PROSTATE,Male,Prostate Cancer,Prostate Hyperplasia,prostate,prostate_hyperplasia,,prostate,S100A9,S100A8,KRT17,KRT14,PI3,RSAD2,KRT5,SPRR1B,S100A7,KRT6A
ACH-001454,C10,C10_LARGE_INTESTINE,Male,Colon/Colorectal Cancer,Adenocarcinoma,colorectal,colorectal_adenocarcinoma,,colorectal,RNASE1,SFTA2,CEACAM6,AGR3,KRT40,CRIP1,CXCL17,VGLL1,TACSTD2,HOPX
ACH-001456,C125PM,C125PM_LARGE_INTESTINE,Unknown,Colon/Colorectal Cancer,Adenocarcinoma,colorectal,colorectal_adenocarcinoma,,colorectal,REG1A,TSPAN8,LYZ,LGALS4,FABP1,REG4,C15orf48,KRT20,PPP1R1B,MMP7
ACH-001458,C75,C75_LARGE_INTESTINE,Male,Colon/Colorectal Cancer,Adenocarcinoma,colorectal,colorectal_adenocarcinoma,,colorectal,PPBP,FABP1,PRAC1,SPINK1,LGALS4,PPP1R1B,GPX2,LYZ,TSPAN8,C10orf99
ACH-001459,C80,C80_LARGE_INTESTINE,Male,Colon/Colorectal Cancer,Adenocarcinoma,colorectal,colorectal_adenocarcinoma,,colorectal,TFF3,CCDC196,PRAC1,OLFM4,LGALS4,TSPAN8,FAM3D,FAM3B,CA9,SPINK4
ACH-001460,C84,C84_LARGE_INTESTINE,Male,Colon/Colorectal Cancer,Adenocarcinoma,colorectal,colorectal_adenocarcinoma,,colorectal,FABP1,LGALS4,TSPAN8,KRT20,PRAP1,CEACAM5,CDX1,LY6G6D,TFF3,CDH17
ACH-001461,C99,C99_LARGE_INTESTINE,Male,Colon/Colorectal Cancer,Adenocarcinoma,colorectal,colorectal_adenocarcinoma,,colorectal,FABP1,OLFM4,LGALS4,SPINK1,GPX2,PHGR1,HMGCS2,LYZ,PPP1R1B,TSPAN8
ACH-001484,CI,CI_HAEMATOPOIETIC_AND_LYMPHOID_TISSUE,Female,Leukemia,"B-cell, unspecified",blood,unspecified_leukemia,b_cell,blood,HLA-DRA,CD48,CD74,CCL3,RGS1,CCL22,PLEK,MS4A1,HLA-DPA1,FCER2
ACH-001485,CII,CII_HAEMATOPOIETIC_AND_LYMPHOID_TISSUE,Female,Leukemia,"B-cell, unspecified",blood,unspecified_leukemia,b_cell,blood,CD48,FCER2,EBI3,HLA-DRA,CCL22,CD79A,CD74,BCL2A1,MS4A1,CCL3
ACH-001494,EGI1,EGI1_BILIARY_TRACT,Male,Bile Duct Cancer,"Cholangiocarcinoma, extrahepatic",bile_duct,cholangiocarcinoma,extrahepatic,bile_duct,PSCA,KRT81,KRT20,S100P,ADIRF,SNCG,TACSTD2,FXYD3,PHGR1,CEACAM6
ACH-001495,EMTOKA,EMTOKA_ENDOMETRIUM,Female,Endometrial/Uterine Cancer,Uterine Carcinosarcoma,uterus,uterine_carcinosarcoma,,uterus,MMP7,CLEC4E,CLDN16,FXYD2,SPP1,SAA1,RIPPLY1,VCAM1,CLDN2,FOLR1
ACH-001496,ESO26,ESO26_OESOPHAGUS,Male,Esophageal Cancer,Adenocarcinoma,esophagus,esophagus_adenocarcinoma,,esophagus,CEL,ALDH1A1,LCN2,PPP1R1B,IFI27,CDH17,TMEM176B,ACTL8,UGT1A6,REG1A
ACH-001497,ESO51,ESO51_OESOPHAGUS,Male,Esophageal Cancer,Adenocarcinoma,esophagus,esophagus_adenocarcinoma,,esophagus,LGALS4,MMP1,TFF2,S100A4,ADIRF,S100P,ADH1C,PSCA,TSPAN8,REG4
ACH-001498,FARAGE,FARAGE_HAEMATOPOIETIC_AND_LYMPHOID_TISSUE,Female,Lymphoma,"B-cell, Non-Hodgkins",lymphocyte,non_hodgkin_lymphoma,b_cell,lymphocyte,MS4A1,RGS1,CD52,IRAG2,CD79A,BCL2A1,PLEK,STAG3,LAPTM5,CHI3L2
ACH-001500,FLO1,FLO1_OESOPHAGUS,Male,Esophageal Cancer,Adenocarcinoma,esophagus,esophagus_adenocarcinoma,,esophagus,C15orf48,MAGEA4,CCL2,TDRD12,CT45A1,CT45A10,ANPEP,ART5,GAGE2A,MAGEA9
ACH-001509,H357,H357_UPPER_AERODIGESTIVE_TRACT,Male,Head and Neck Cancer,"Squamous Cell Carcinoma, tongue",upper_aerodigestive,upper_aerodigestive_squamous,tongue,upper_aerodigestive,S100A8,KRT14,SAA1,KRT5,KRTDAP,KRT6A,S100A9,KRT17,PI3,SLPI
ACH-001510,H376,H376_UPPER_AERODIGESTIVE_TRACT,Female,Head and Neck Cancer,"Squamous Cell Carcinoma, oral",upper_aerodigestive,upper_aerodigestive_squamous,oral,upper_aerodigestive,SAA1,KRT17,SAA2,CCL20,S100A8,SERPINA3,KRT81,S100A7,WFDC2,CA9
ACH-001511,H413,H413_UPPER_AERODIGESTIVE_TRACT,Female,Head and Neck Cancer,"Squamous Cell Carcinoma, buccal mucosa",upper_aerodigestive,upper_aerodigestive_squamous,buccal_mucosa,upper_aerodigestive,KRT13,KRT6A,KRT5,LCN2,UPK2,ALPP,MFAP5,S100A9,PSCA,IGFBP3
ACH-001513,HCA1,HCA1_CERVIX,Female,Cervical Cancer,Endocervical Adenocarcinoma,cervix,cervical_adenocarcinoma,endocervical,cervix,IGFL2,ALPP,CT83,CRIP1,CYP24A1,RHOV,TESC,KLK5,SFTA2,GPX2
ACH-001515,HCS2,HCS2_CERVIX,Female,Cervical Cancer,Squamous Cell Carcinoma,cervix,cervical_squamous,,cervix,KRT17,SPINK6,KRT13,STEAP4,ALPP,MFAP5,FXYD3,S100A9,IGFL1,KRT6A
ACH-001516,HCSC1,HCSC1_CERVIX,Female,Cervical Cancer,Endocervical Carcinoma,cervix,cervical_carcinoma,endocervical,cervix,TFF3,TMEM176A,TMEM176B,NNAT,ASCL1,DDC,TUBA3C,GRP,CHGA,SOX2
ACH-001517,HEC1,HEC1_ENDOMETRIUM,Female,Endometrial/Uterine Cancer,Endometrial Adenocarcinoma,uterus,endometrial_adenocarcinoma,,uterus,FXYD2,S100A1,TRNP1,RAPGEF3,APOC1,IGFN1,SLPI,SPP1,CT45A3,FGF18
ACH-001518,HEC116,HEC116_ENDOMETRIUM,Female,Endometrial/Uterine Cancer,Endometrial Adenocarcinoma,uterus,endometrial_adenocarcinoma,,uterus,CLDN16,SPP1,FXYD2,CYP2B6,AKR1C2,MSMP,PROM1,MAGEB2,MAEL,NUPR1
ACH-001519,HEMCSS,HEMCSS_BONE,Female,Bone Cancer,Chondrosarcoma,bone,chondrosarcoma,,bone,WIF1,FSHB,PCP4,PSG9,OSTN,FABP4,HHIP,ANGPT2,LHX9,SERPINB2
ACH-001520,HG3,HG3_HAEMATOPOIETIC_AND_LYMPHOID_TISSUE,Male,Leukemia,"B-cell, unspecified",blood,unspecified_leukemia,b_cell,blood,FCER2,CCL3,HLA-DQB1,CD74,HLA-DRA,CD48,CD79A,JCHAIN,MS4A1,MAP4K1
ACH-001521,HKA1,HKA1_SKIN,Female,Skin Cancer,Squamous Cell Carcinoma,skin,skin_squamous,keratoacanthoma,skin,KRT5,KRT6A,AKR1C2,CALML3,KRT17,KRT15,LGALS7B,ACTL8,S100A2,KRT14
ACH-001522,HMY1,HMY1_SKIN,Male,Skin Cancer,Melanoma,skin,melanoma,,skin,PMEL,DCT,A2M,S100B,S100A1,MIA,HLA-DRA,SLC5A4,HLA-DPA1,CD74
ACH-001523,HSC1,HSC1_SKIN,Male,Skin Cancer,Squamous Cell Carcinoma,skin,skin_squamous,,skin,KRT5,S100A9,GPNMB,KRT15,FXYD3,KRT17,LY6D,CALB1,S100A8,KRT13
ACH-001524,HSC5,HSC5_SKIN,Male,Skin Cancer,Squamous Cell Carcinoma,skin,skin_squamous,,skin,PSCA,TNFSF10,IGFBP3,UPK2,PLAAT4,PTGIS,FXYD3,C5orf38,SLC1A6,GABRP
ACH-001525,HT3,HT3_CERVIX,Female,Cervical Cancer,Carcinoma,cervix,cervical_carcinoma,,cervix,S100A8,S100A9,PI3,S100A7,SPINK6,SLPI,KRT17,C15orf48,KRT6A,DEFB4A
ACH-001526,HUO9,HUO9_BONE,Female,Bone Cancer,Osteosarcoma,bone,osteosarcoma,,bone,IFITM5,FGFBP2,CA3,WIF1,TMEM119,LUM,COL1A2,SCGB3A2,IFI27,SPARC
ACH-001528,IHH4,IHH4_THYROID,Male,Thyroid Cancer,"Carcinoma, papillary",thyroid,thyroid_carcinoma,papillary,thyroid,PAGE5,IL24,CSF3,G0S2,MAGEA4,XAGE1B,IL1B,IL13RA2,SERPINA1,SAA1
ACH-001529,JAR,JAR_PLACENTA,Male,Endometrial/Uterine Cancer,Choriocarcinoma,uterus,choriocarcinoma,,uterus,XAGE2,CGA,CLDN6,VGLL1,ERVH48-1,ERVW-1,LIN28A,COL9A3,MFAP5,GJA5
ACH-001530,JEG3,JEG3_PLACENTA,Male,Endometrial/Uterine Cancer,Choriocarcinoma,uterus,choriocarcinoma,,uterus,XAGE2,CLDN6,ERVH48-1,NLRP2,FOLR1,CGA,GLDC,CTSV,CLIC3,PEG3
ACH-001532,JMURTK2,JMURTK2_SOFT_TISSUE,Female,Rhabdoid,Malignant Rhabdoid Tumor,kidney,malignant_rhabdoid_tumor,,kidney,DCN,LUM,SLN,COL3A1,OTOL1,HHIP,COL1A2,SCG2,SMPX,FDCSP
ACH-001533,KARPAS1718,KARPAS1718_HAEMATOPOIETIC_AND_LYMPHOID_TISSUE,Male,Lymphoma,Splenic,lymphocyte,non_hodgkin_lymphoma,splenic_lymphoma,lymphocyte,IGLL5,TCL1A,HLA-DRA,CD79A,CD74,CD52,CD79B,JCHAIN,CD37,FCRLA
ACH-001536,KKU100,KKU100_BILIARY_TRACT,Female,Bile Duct Cancer,"Cholangiocarcinoma, extrahepatic",bile_duct,cholangiocarcinoma,extrahepatic,bile_duct,VTN,P4HA3,CCDC170,SPP1,RSPO3,IFI27,PI3,SLPI,IGFBP1,SLC2A3
ACH-001538,KKU213,KKU213_BILIARY_TRACT,Male,Bile Duct Cancer,"Cholangiocarcinoma, intrahepatic",bile_duct,cholangiocarcinoma,intrahepatic,bile_duct,LY6D,FXYD3,C15orf48,IL1A,ADIRF,SAA1,TACSTD2,CSTA,IL1B,KLK8
ACH-001539,KML1,KML1_HAEMATOPOIETIC_AND_LYMPHOID_TISSUE,Female,Lymphoma,"B-cell, Non-Hodgkins",lymphocyte,non_hodgkin_lymphoma,b_cell,lymphocyte,RGS13,CD52,VPREB3,CD79A,MEF2B,CD79B,TNNI1,IRAG2,SERPINA9,CD48
ACH-001540,KMLS1,KMLS1_SOFT_TISSUE,Unknown,Liposarcoma,,soft_tissue,liposarcoma,,soft_tissue,COL3A1,TNFAIP6,CXCL8,PTX3,G0S2,HAS2,DCN,CXCL6,ABI3BP,CXCL12
ACH-001542,KON,KON_UPPER_AERODIGESTIVE_TRACT,Male,Head and Neck Cancer,Squamous Cell Carcinoma,upper_aerodigestive,upper_aerodigestive_squamous,,upper_aerodigestive,AKR1B10,ALDH3A1,CES1,KRT5,AKR1C2,UGT1A6,KRT14,GPX2,AKR1C1,ANXA10
ACH-001543,KOSC2,KOSC2CL343_UPPER_AERODIGESTIVE_TRACT,Male,Head and Neck Cancer,"Squamous Cell Carcinoma, oral",upper_aerodigestive,upper_aerodigestive_squamous,oral,upper_aerodigestive,MMP13,VCX,KRT5,COL17A1,FXYD3,PAGE2,CTAG2,KRT15,KRT17,GTSF1
ACH-001547,LO68,LO68_LUNG,Male,Lung Cancer,Mesothelioma,lung,mesothelioma,,lung,COL3A1,MGARP,POSTN,AKR1B10,PSG4,ADIRF,SULT1A1,KRT7,SULF1,BCHE
ACH-001548,LS,LS_AUTONOMIC_GANGLIA,Female,Neuroblastoma,,peripheral_nervous_system,neuroblastoma,,peripheral_nervous_system,CRABP1,MYCN,GPC3,PHOX2B,HAND2,PRPH,ELAVL4,LIX1,YEATS4,GAL
ACH-001549,LU135,LU135_LUNG,Male,Lung Cancer,Small Cell Lung Cancer (SCLC),lung,SCLC,,lung,PRPH,INSM1,CHGB,SCG3,PPP1R17,STMN2,CPLX2,NEUROD1,RTN1,KIF1A
ACH-001550,MCC13,MCC13_SKIN,Female,Skin Cancer,Merkel Cell Carcinoma,skin,merkel_cell_carcinoma,,skin,ACTG2,ANKRD1,CPA4,GJA1,CCN2,SULT1C4,ACTA2,COL4A1,CNN1,MMP1
ACH-001551,MCC142,MCC142_SKIN,Male,Skin Cancer,Merkel Cell Carcinoma,skin,merkel_cell_carcinoma,,skin,AMTN,COL3A1,CA9,MME,COL5A2,DHRS2,POSTN,MFAP4,COL4A1,EFEMP1
ACH-001552,MCC26,MCC26_SKIN,Female,Skin Cancer,Merkel Cell Carcinoma,skin,merkel_cell_carcinoma,,skin,MAGEA4,CPA4,COL3A1,LUM,ACTG2,COL1A2,ACTA2,MAGEA9B,COL1A1,TAGLN
ACH-001554,MEL202,MEL202_UVEA,Female,Eye Cancer,Uveal Melanoma,eye,uveal_melanoma,,eye,TYRP1,PMEL,MLANA,WFDC1,CD36,TYR,S100A1,HTN1,SLC24A5,A2M
ACH-001555,MERO14,MERO14_PLEURA,Male,Lung Cancer,Mesothelioma,lung,mesothelioma,,lung,PSG1,PSG5,IFI27,PSG4,POSTN,PSG2,THBS2,TRIM58,SERPINE1,TNFSF4
ACH-001556,MERO25,MERO25_PLEURA,Male,Lung Cancer,Mesothelioma,lung,mesothelioma,,lung,EDIL3,SLPI,OLR1,SULF1,TAGLN,IFI27,NPPB,TNFSF18,CCN2,SLC7A7
ACH-001557,MERO41,MERO41_PLEURA,Male,Lung Cancer,Mesothelioma,lung,mesothelioma,,lung,POSTN,DIO2,KRT7,SULF1,COL1A2,DCN,C4BPB,OLR1,AKR1B10,COL3A1
ACH-001558,MERO48A,MERO48A_PLEURA,Male,Lung Cancer,Mesothelioma,lung,mesothelioma,,lung,SPANXB1,CLDN11,SPANXA2,CPA4,CEMIP,COL6A3,SULF1,COL1A2,SERPINE1,EFEMP1
ACH-001559,MERO82,MERO82_PLEURA,Unknown,Lung Cancer,Mesothelioma,lung,mesothelioma,,lung,IFI27,PSG9,CLDN11,PSG4,POSTN,C4BPB,PSG5,TRIM58,DIO2,KRT7
ACH-001560,MERO83,MERO83_PLEURA,Male,Lung Cancer,Mesothelioma,lung,mesothelioma,,lung,AMTN,TNFSF18,PSG1,PSG5,CCL2,ABI3BP,CDH13,POSTN,KRT7,OXTR
ACH-001561,MERO84,MERO84_PLEURA,Male,Lung Cancer,Mesothelioma,lung,mesothelioma,,lung,EFEMP1,MFAP5,HSD3B1,OLR1,SPOCK2,UPK1B,KRT5,COL3A1,COL4A1,HHIP
ACH-001562,MERO95,MERO95_PLEURA,Male,Lung Cancer,Mesothelioma,lung,mesothelioma,,lung,SLPI,THBS2,CEMIP,HSD3B1,COL3A1,CCDC80,CALB2,BGN,SULF1,CHI3L1
ACH-001563,MM127,MM127_SKIN,Male,Skin Cancer,"Melanoma, amelanotic",skin,melanoma,amelanotic,skin,SERPINB2,FST,CYTIP,NPTX1,STC2,CXCL12,TMEM200A,FGF5,ANKRD1,FMN2
ACH-001566,MM370,MM370_SKIN,Male,Skin Cancer,Melanoma,skin,melanoma,,skin,PMEL,MLANA,APOD,PAEP,TYR,S100B,APOC2,MIA,CAPN3,VGF
ACH-001567,MM383,MM383_SKIN,Male,Skin Cancer,Melanoma,skin,melanoma,,skin,S100B,HLA-DRA,CD74,HLA-DPA1,MIA,HLA-DRB1,SERPINA3,SERPINE2,S100A1,SFRP1
ACH-001568,MM386,MM386_SKIN,Male,Skin Cancer,Melanoma,skin,melanoma,,skin,PMEL,MIA,S100B,MLANA,TYR,SOX10,DCT,TRPM1,SERPINF1,QPCT
ACH-001569,MM415,MM415_SKIN,Male,Skin Cancer,Melanoma,skin,melanoma,,skin,S100B,MLANA,TYRP1,S100A1,HLA-DRA,PMEL,MIA,IL24,CD74,HLA-DRB1
ACH-001570,MM426,MM426_SKIN,Male,Skin Cancer,Melanoma,skin,melanoma,,skin,GAGE2A,MLANA,PMEL,PAGE5,GAGE1,GAGE12D,S100B,TYR,GAGE12H,GAGE12C
ACH-001573,MOLM1,MOLM1_HAEMATOPOIETIC_AND_LYMPHOID_TISSUE,Male,Leukemia,Chronic Myelogenous Leukemia (CML),blood,CML,,blood,AIF1,LST1,PRSS57,CD52,GMFG,HLA-DRA,CD74,PLCB2,LYL1,CLEC9A
ACH-001574,MOLM14,MOLM14_HAEMATOPOIETIC_AND_LYMPHOID_TISSUE,Male,Leukemia,Acute Myelogenous Leukemia (AML),blood,AML,,blood,ELANE,LST1,PRTN3,AZU1,RNASE2,PPP1R27,PRG2,XAGE1B,APOC2,TYROBP
ACH-001577,MUTZ8,MUTZ8_HAEMATOPOIETIC_AND_LYMPHOID_TISSUE,Female,Leukemia,Acute Myelogenous Leukemia (AML),blood,AML,,blood,MPO,ELANE,AIF1,LYZ,CD52,RETN,SRGN,CD34,PRSS57,GMFG
ACH-001578,NCCIT,NCCIT_TESTIS,Male,Embryonal Cancer,Carcinoma,embryo,embryo_carcinoma,,embryo,POU5F1,L1TD1,TDGF1,GDF3,SCGB3A2,ZIC3,DPPA4,CRABP1,PRDM14,RARRES2
ACH-001603,NH12,NH12_AUTONOMIC_GANGLIA,Male,Neuroblastoma,,peripheral_nervous_system,neuroblastoma,,peripheral_nervous_system,MYCN,CHGB,STMN2,CHGA,RGS5,NSG2,PHOX2A,DDC,ELAVL4,RPS4Y1
ACH-001605,NO10,NO10_CENTRAL_NERVOUS_SYSTEM,Male,Brain Cancer,Glioblastoma,central_nervous_system,glioma,glioblastoma,central_nervous_system,POSTN,SFRP2,THY1,COL1A2,IL13RA2,BEX1,HTRA1,CHI3L1,TAGLN,GPNMB
ACH-001607,NOZ,NOZ_LIVER,Female,Gallbladder Cancer,Adenocarcinoma,bile_duct,gallbladder_adenocarcinoma,,bile_duct,RBP1,MT1A,ADIRF,S100A4,ALDH3A1,KRT20,ZBED2,TNFRSF6B,BMP4,COL13A1
ACH-001608,NP2,NP2_CENTRAL_NERVOUS_SYSTEM,Male,Brain Cancer,Glioblastoma,central_nervous_system,glioma,glioblastoma,central_nervous_system,CHI3L1,CA9,TGFBI,S100A3,CGB8,S100A8,LRRC17,HTRA1,SCG5,LOXL1
ACH-001609,NP3,NP3_CENTRAL_NERVOUS_SYSTEM,Male,Brain Cancer,Glioblastoma,central_nervous_system,glioma,glioblastoma,central_nervous_system,COL1A2,MMP1,THY1,MMP13,CCL2,TGFBI,MMP2,COL1A1,RBP1,SPARC
ACH-001610,NP5,NP5_CENTRAL_NERVOUS_SYSTEM,Male,Brain Cancer,Glioblastoma,central_nervous_system,glioma,glioblastoma,central_nervous_system,COL1A2,COL3A1,LUM,GREM1,CDH11,OLFML3,TMEM119,MMP2,COLEC12,SPARC
ACH-001611,NP8,NP8_CENTRAL_NERVOUS_SYSTEM,Female,Brain Cancer,Glioblastoma,central_nervous_system,glioma,glioblastoma,central_nervous_system,COL1A2,POSTN,SPARC,COL3A1,COL1A1,IL13RA2,CHRDL1,ACTG2,LOXL1,MMP2
ACH-001613,OCIAML4,OCIAML4_HAEMATOPOIETIC_AND_LYMPHOID_TISSUE,Female,Leukemia,Acute Myelogenous Leukemia (AML),blood,AML,,blood,AIF1,CD52,LST1,HLA-DRA,HOPX,SPINK2,SMIM24,GMFG,CYTL1,CD37
ACH-001616,OCILY18,OCILY18_HAEMATOPOIETIC_AND_LYMPHOID_TISSUE,Male,Lymphoma,Diffuse Large B-cell Lymphoma (DLBCL),lymphocyte,non_hodgkin_lymphoma,DLBCL,lymphocyte,CD79B,JCHAIN,TCL1B,HLA-DRA,CD52,MZB1,IGLL1,VPREB3,TCL1A,VPREB1
ACH-001617,OCILY7,OCILY7_HAEMATOPOIETIC_AND_LYMPHOID_TISSUE,Male,Lymphoma,Diffuse Large B-cell Lymphoma (DLBCL),lymphocyte,non_hodgkin_lymphoma,DLBCL,lymphocyte,JCHAIN,CD52,TCL1A,IGLL5,CD79A,CD79B,MS4A1,CXCR4,MZB1,RGS13
ACH-001618,OCIM2,OCIM2_HAEMATOPOIETIC_AND_LYMPHOID_TISSUE,Unknown,Leukemia,Acute Myelogenous Leukemia (AML),blood,AML,,blood,CA1,NTS,HBA1,HBG2,MYL4,GMFG,HBD,RHAG,DLK1,APOC1
ACH-001619,OCUG1,OCUG1_BILIARY_TRACT,Male,Gallbladder Cancer,Adenocarcinoma,bile_duct,gallbladder_adenocarcinoma,,bile_duct,AKR1B10,SPP1,CES1,FGG,MSMP,IL13RA2,CCL2,ITLN1,AKR1C1,CXCL8
ACH-001622,ONDA7,ONDA7_CENTRAL_NERVOUS_SYSTEM,Male,Brain Cancer,Glioblastoma,central_nervous_system,glioma,glioblastoma,central_nervous_system,COL6A3,MFAP4,COL1A2,SLC14A1,DPT,BEX1,CARD16,COL1A1,MDM2,SPARC
ACH-001623,ONDA8,ONDA8_CENTRAL_NERVOUS_SYSTEM,Female,Brain Cancer,Glioblastoma,central_nervous_system,glioma,glioblastoma,central_nervous_system,IL33,COL1A2,BGN,MMP1,THY1,TCEAL7,CLDN11,NPTX1,ESM1,PTX3
ACH-001624,ONDA9,ONDA9_CENTRAL_NERVOUS_SYSTEM,Male,Brain Cancer,Glioblastoma,central_nervous_system,glioma,glioblastoma,central_nervous_system,CRYAB,RBP1,PTN,BEX1,SOX3,A2M,PLN,SCG2,GAP43,CXCL14
ACH-001625,OSC19,OSC19_UPPER_AERODIGESTIVE_TRACT,Male,Head and Neck Cancer,Squamous Cell Carcinoma,upper_aerodigestive,upper_aerodigestive_squamous,,upper_aerodigestive,KRT14,KRT6A,KRT5,KRT17,FGFBP1,LY6D,PTHLH,S100A2,AKR1C2,FST
ACH-001626,OSC20,OSC20_UPPER_AERODIGESTIVE_TRACT,Female,Head and Neck Cancer,Squamous Cell Carcinoma,upper_aerodigestive,upper_aerodigestive_squamous,,upper_aerodigestive,KRT14,KRT5,KRT13,MMP13,KRT17,MMP10,MMP1,KRT6A,MMP7,ITM2A
ACH-001627,P4E6,P4E6_PROSTATE,Male,Prostate Cancer,Adenocarcinoma,prostate,prostate_adenocarcinoma,,prostate,SAA1,LCN2,KRT6A,FXYD3,COL7A1,C3,S100A2,TACSTD2,SAA2,COL17A1
ACH-001628,PEA1,PEA1_OVARY,Female,Ovarian Cancer,Cystadenocarcinoma,ovary,ovary_adenocarcinoma,,ovary,FXYD2,NNMT,CDH6,TM4SF18,SPP1,DCDC2,SAA1,RARRES2,CLDN16,HAVCR1
ACH-001630,PEO1,PEO1_OVARY,Female,Ovarian Cancer,Cystadenocarcinoma,ovary,ovary_adenocarcinoma,,ovary,KRT81,MAL,SPOCK2,KLK5,TACSTD2,CRIP1,BGN,KLK7,ADIRF,KLK6
ACH-001632,PEO4,PEO4_OVARY,Female,Ovarian Cancer,Cystadenocarcinoma,ovary,ovary_adenocarcinoma,,ovary,MAL,IFI27,BGN,OBP2B,SPOCK2,CST6,KLK7,WFDC2,CRABP2,ADIRF
ACH-001634,PGA1,PGA1_HAEMATOPOIETIC_AND_LYMPHOID_TISSUE,Male,Leukemia,"Chronic Lymphoblastic Leukemia (CLL), B-cell",blood,CLL,b_cell,blood,VCX3B,FXYD2,CCL3,CD74,JCHAIN,HLA-DQB1,CD79A,MZB1,TNFRSF13B,HLA-DRA
ACH-001636,RAMOS,RAMOS_HAEMATOPOIETIC_AND_LYMPHOID_TISSUE,Male,Lymphoma,"B-cell, Non-Hodgkins, Burkitts",lymphocyte,non_hodgkin_lymphoma,b_cell_burkitt,lymphocyte,JCHAIN,TCL1A,CD52,MZB1,RGS13,CD79B,CD79A,MEF2B,IRAG2,GMFG
ACH-001638,RCK8,RCK8_HAEMATOPOIETIC_AND_LYMPHOID_TISSUE,Male,Lymphoma,B-cell,lymphocyte,lymphoma_unspecified,b_cell,lymphocyte,CCR7,HLA-DQA1,LSP1,CD74,LTA,PLEK,TNNI2,LCP1,MS4A1,MAGEA9
ACH-001641,SAT,SAT_UPPER_AERODIGESTIVE_TRACT,Unknown,Head and Neck Cancer,Squamous Cell Carcinoma,upper_aerodigestive,upper_aerodigestive_squamous,,upper_aerodigestive,KRT14,KRT5,KRT4,KRT6A,ALDH3A1,AKR1C2,KRT13,SCGB1A1,SERPINB5,FGFBP1
ACH-001642,SCC3,SCC3_HAEMATOPOIETIC_AND_LYMPHOID_TISSUE,Female,Lymphoma,"B-cell, Non-Hodgkins",lymphocyte,non_hodgkin_lymphoma,b_cell,lymphocyte,S100A8,GNLY,HDC,S100A9,NKG7,SAMSN1,APOC2,FCER1G,GZMB,ALPL
ACH-001645,SEKI,SEKI_SKIN,Female,Skin Cancer,Melanoma,skin,melanoma,,skin,SERPINA3,IL13RA2,SPRR2D,HGF,MIA,ITGA10,PAGE1,PLP1,S100A1,SERPINE2
ACH-001647,SHI1,SHI1_HAEMATOPOIETIC_AND_LYMPHOID_TISSUE,Male,Leukemia,Acute Myelogenous Leukemia (AML),blood,AML,,blood,AIF1,CD52,XAGE1B,LST1,TYROBP,APOC2,NCF4,FCER1G,CSTA,CST7
ACH-001648,SHMAC4,SHMAC4_PROSTATE,Unknown,Prostate Cancer,Adenocarcinoma,prostate,prostate_adenocarcinoma,,prostate,S100A8,S100A9,PI3,SPRR1B,SPRR3,SPRR1A,S100A7,CSTA,KRT17,KRT6A
ACH-001649,SHMAC5,SHMAC5_PROSTATE,Unknown,Prostate Cancer,Adenocarcinoma,prostate,prostate_adenocarcinoma,,prostate,SAA1,S100A8,KRT17,KRT5,SLPI,SAA2,S100A9,FGFBP1,COL17A1,IGFL1
ACH-001650,SISO,SISO_CERVIX,Female,Cervical Cancer,Cervical Adenocarcinoma,cervix,cervical_adenocarcinoma,,cervix,SPINK6,CEACAM6,KRT17,PCSK1,CPS1,AGR2,AQP3,INSL4,S100P,FGL1
ACH-001651,SKGI,SKGI_ENDOMETRIUM,Female,Endometrial/Uterine Cancer,Endometrial Squamous Cell Carcinoma,uterus,endometrial_squamous,,uterus,SPINK6,KRT17,SMOC1,CGA,EFEMP1,ANXA8L1,C19orf33,TGFBI,KRT7,MT1E
ACH-001652,SKGII,SKGII_ENDOMETRIUM,Female,Endometrial/Uterine Cancer,Endometrial Squamous Cell Carcinoma,uterus,endometrial_squamous,,uterus,KRT17,KRT7,MME,PLCXD2,CST6,S100A2,F3,SSC4D,C19orf33,IL6
ACH-001653,SKGT2,SKGT2_STOMACH,Male,Gastric Cancer,Adenocarcinoma,gastric,gastric_adenocarcinoma,,gastric,GRB7,AGR2,S100P,LCN2,MIEN1,PRSS1,TCAP,SLPI,NT5DC4,PRSS3
ACH-001654,SKGT4,SKGT4_OESOPHAGUS,Male,Esophageal Cancer,Adenocarcinoma,esophagus,esophagus_adenocarcinoma,,esophagus,CALB1,SCGB1A1,UPK1B,KRT19,KRT17,AGR2,ALDH1A3,KRT7,SERPINB5,SLITRK6
ACH-001655,SKN,SKN_ENDOMETRIUM,Female,Endometrial/Uterine Cancer,Endometrial Squamous Cell Carcinoma,uterus,endometrial_squamous,,uterus,BGN,POSTN,COL1A2,MYL9,C5orf46,COL6A3,FN1,COL1A1,IGFBP7,SCG5
ACH-001656,SKNO1,SKNO1_HAEMATOPOIETIC_AND_LYMPHOID_TISSUE,Male,Leukemia,Acute Myelogenous Leukemia (AML),blood,AML,,blood,MPO,IGLL1,SAMSN1,PRSS57,GTSF1,GMFG,CLEC11A,KIT,AIF1,PTPN7
ACH-001664,SNU638,SNU638_STOMACH,Male,Gastric Cancer,Adenocarcinoma,gastric,gastric_adenocarcinoma,,gastric,KRT23,ANXA10,CALB1,AKAP12,CXCL5,MT1E,UTS2,KRT20,AK5,EREG
ACH-001668,SUSA,SUSA_TESTIS,Male,Teratoma,Testicular,embryo,teratoma,testicular,embryo,POU5F1,MT1G,MT1H,DPPA3,GDF3,DPPA5,DPPA4,L1TD1,CRABP1,TDGF1
ACH-001669,TANOUE,TANOUE_HAEMATOPOIETIC_AND_LYMPHOID_TISSUE,Male,Leukemia,"Acute Lymphoblastic Leukemia (ALL), B-cell",blood,ALL,b_cell,blood,MZB1,CD79B,GMFG,CD79A,TCL1A,MEF2B,GTSF1,ALOX5AP,LAPTM5,PHYHD1
ACH-001670,TASK1,TASK1_CENTRAL_NERVOUS_SYSTEM,Female,Brain Cancer,Primitive Neuroectodermal Tumor (PNET),peripheral_nervous_system,PNET,,peripheral_nervous_system,XAGE1B,PRAC1,GRP,MBD3L3,ITM2A,XAGE1A,RARRES2,CCK,SEMA5B,UGT3A2
ACH-001673,TFK1,TFK1_BILIARY_TRACT,Male,Bile Duct Cancer,"Cholangiocarcinoma, extrahepatic",bile_duct,cholangiocarcinoma,extrahepatic,bile_duct,KRT81,AKR1C2,AKR1C1,KRT17,AKR1B10,UGT1A6,GPX2,DEFB1,AKR1C3,IFI27
ACH-001674,TGW,TGW_AUTONOMIC_GANGLIA,Male,Neuroblastoma,,peripheral_nervous_system,neuroblastoma,,peripheral_nervous_system,CHGA,MYCN,HAND2,PHOX2B,ELAVL4,ASCL1,GFRA2,CTAG2,PHOX2A,VEGFD
ACH-001677,U2904,U2904_HAEMATOPOIETIC_AND_LYMPHOID_TISSUE,Male,Lymphoma,B-cell,lymphocyte,lymphoma_unspecified,b_cell,lymphocyte,JCHAIN,TCL1A,IGLL5,CD79B,MZB1,CLECL1,RUBCNL,HLA-DRA,IRAG2,FCRLA
ACH-001685,UHO1,UHO1_HAEMATOPOIETIC_AND_LYMPHOID_TISSUE,Male,Lymphoma,Hodgkins,lymphocyte,hodgkin_lymphoma,,lymphocyte,CCL17,TKTL1,CCR7,MAGEA4,HLA-DRA,IL3RA,S100B,HLA-DQA1,CD74,NCF2
ACH-001687,UMRC3,UMRC3_KIDNEY,Unknown,Kidney Cancer,Carcinoma,kidney,,,kidney,IGFN1,FXYD2,PAX8,UGT1A9,PDZK1IP1,SPP1,ARHGAP40,MAL,C3,CLEC4E
ACH-001688,UMRC7,UMRC7_KIDNEY,Male,Kidney Cancer,Carcinoma,kidney,,,kidney,FXYD2,IGFN1,NNMT,PSG4,CYP3A5,RRAD,CD70,SPNS2,IL32,FAM153A
ACH-001690,UPCISCC026,UPCISCC026_UPPER_AERODIGESTIVE_TRACT,Female,Head and Neck Cancer,Squamous Cell Carcinoma,upper_aerodigestive,upper_aerodigestive_squamous,,upper_aerodigestive,SCGB1A1,SAA1,KRT14,KRT5,SLPI,LCN2,SAA2,FXYD3,CSTA,ANXA8
ACH-001692,UPCISCC040,UPCISCC040_UPPER_AERODIGESTIVE_TRACT,Male,Head and Neck Cancer,Squamous Cell Carcinoma,upper_aerodigestive,upper_aerodigestive_squamous,,upper_aerodigestive,KRT14,KRT6A,KRT5,IFI27,KLK5,S100A8,SPRR1B,CXCL10,KRT17,KRT6B
ACH-001694,UPCISCC074,UPCISCC074_UPPER_AERODIGESTIVE_TRACT,Female,Head and Neck Cancer,Squamous Cell Carcinoma,upper_aerodigestive,upper_aerodigestive_squamous,,upper_aerodigestive,WFDC2,PIGR,FXYD3,LCN2,S100A9,KRT5,ADIRF,KRT15,CSTA,LY6D
ACH-001698,UPCISCC116,UPCISCC116_UPPER_AERODIGESTIVE_TRACT,Male,Head and Neck Cancer,Squamous Cell Carcinoma,upper_aerodigestive,upper_aerodigestive_squamous,,upper_aerodigestive,FABP4,KRT14,KRT5,KRT6A,SPRR1B,KRTDAP,KRT17,LGALS7B,S100A8,CSTA
ACH-001699,UPCISCC131,UPCISCC131_UPPER_AERODIGESTIVE_TRACT,Male,Head and Neck Cancer,Squamous Cell Carcinoma,upper_aerodigestive,upper_aerodigestive_squamous,,upper_aerodigestive,S100A8,LCN2,S100A7,S100A9,KRT14,KRT5,SAA1,CXorf49,KRT17,KRT6A
ACH-001701,UPCISCC200,UPCISCC200_UPPER_AERODIGESTIVE_TRACT,Male,Head and Neck Cancer,Squamous Cell Carcinoma,upper_aerodigestive,upper_aerodigestive_squamous,,upper_aerodigestive,KRT14,S100A8,KRT5,KRT1,KRT17,KRT16,KRT6A,KRT4,S100A7,S100A9
ACH-001702,VAESBJ,VAESBJ_SOFT_TISSUE,Male,Sarcoma,Epithelioid,soft_tissue,epithelioid_sarcoma,,soft_tissue,SPP1,FGB,ALDH1A1,HGF,SLC17A3,CXCL5,SRGN,CLDN2,THBS2,MT1A
ACH-001703,VAL,VAL_HAEMATOPOIETIC_AND_LYMPHOID_TISSUE,Female,Lymphoma,Diffuse Large B-cell Lymphoma (DLBCL),lymphocyte,non_hodgkin_lymphoma,DLBCL,lymphocyte,CD52,TCL1A,CD79B,VPREB3,LTB,CD79A,JCHAIN,MS4A1,CD27,CD37
ACH-001707,WAOSEL,WAOSEL_HAEMATOPOIETIC_AND_LYMPHOID_TISSUE,Male,Leukemia,"Chronic Lymphoblastic Leukemia (CLL), B-cell",blood,CLL,b_cell,blood,FCER2,JCHAIN,CD48,CD74,IGLL5,PLEK,MS4A1,HLA-DRA,HLA-DQA1,CD79A
ACH-001709,WSUNHL,WSUNHL_HAEMATOPOIETIC_AND_LYMPHOID_TISSUE,Female,Lymphoma,B-cell,lymphocyte,lymphoma_unspecified,b_cell,lymphocyte,MS4A1,TCL1A,IRAG2,JCHAIN,TCL1B,CD79B,CD37,CD79A,HLA-DRA,CD74
ACH-001711,PFSK1,PFSK1_CENTRAL_NERVOUS_SYSTEM,Male,Brain Cancer,Primitive Neuroectodermal Tumor (PNET),central_nervous_system,PNET,,central_nervous_system,CRH,VGF,DIO3,IGF2,MGP,SHISA3,RTL1,BGN,SPP1,PAEP
ACH-001712,HS860T,HS860T_BONE,Male,Bone Cancer,Osteosarcoma,bone,osteosarcoma,,bone,DCN,A2M,ADH1B,COL1A2,GREM1,FGF7,IGFBP5,COL6A3,CCL11,THY1
ACH-001715,CAL72,CAL72_BONE,Male,Bone Cancer,Osteosarcoma,bone,osteosarcoma,,bone,ENPP2,GPNMB,SERPINB7,IL13RA2,COL1A2,SCG5,ADGRL4,MMP2,OLFML3,CLDN11
ACH-001716,GOTO,GOTO_AUTONOMIC_GANGLIA,Male,Neuroblastoma,,peripheral_nervous_system,neuroblastoma,,peripheral_nervous_system,MYCN,MFAP4,NEUROD1,PHOX2B,CHGA,NNAT,ASS1,CHRNA3,SHD,IGFBPL1
ACH-001719,OCIC4P,OCIC4P_OVARY,Female,Ovarian Cancer,"Adenocarcinoma, clear cell",ovary,ovary_adenocarcinoma,clear_cell,ovary,SPP1,MAL,FXYD2,FN1,C15orf48,SLC17A3,IGFN1,IL32,MMP1,RAP1GAP
ACH-001735,SEMK2,SEMK2_HAEMATOPOIETIC_AND_LYMPHOID_TISSUE,Female,Leukemia,"Acute Lymphoblastic Leukemia (ALL), B-cell",blood,ALL,b_cell,blood,FLT3,CST7,IRAG2,CACNA2D4,CD74,LAT2,VPREB1,CD79A,TCL1A,ARPP21
ACH-001736,HB1119,HB1119_HAEMATOPOIETIC_AND_LYMPHOID_TISSUE,Unknown,Leukemia,"Acute Lymphoblastic Leukemia (ALL), B-cell",blood,ALL,b_cell,blood,DNTT,IGLL1,VPREB1,CD79A,SMIM24,FLT3,IL2RG,KLRC2,CD74,SASH3
ACH-001737,HSB2,HSB2_HAEMATOPOIETIC_AND_LYMPHOID_TISSUE,Unknown,Leukemia,"Acute Lymphoblastic Leukemia (ALL), T-cell",blood,ALL,t_cell,blood,LCK,CD3D,CD3E,ITGAL,ITM2A,AIF1,GIMAP7,ARMH1,HDC,LTB
ACH-001740,RH28,RH28_SOFT_TISSUE,Male,Sarcoma,"Rhabdomyosarcoma, alveolar",soft_tissue,rhabdomyosarcoma,alveolar,soft_tissue,ACTC1,MYOG,MYL4,STATH,COX7A1,CHRNA1,ERVW-1,C1orf105,PIPOX,WSCD1
ACH-001743,RC2,RC2_SOFT_TISSUE,Unknown,Sarcoma,"Rhabdomyosarcoma, alveolar",soft_tissue,rhabdomyosarcoma,alveolar,soft_tissue,ACTC1,MYLPF,TNNI1,MYOG,MYL4,NNAT,TNNC2,TNNT2,DES,MYH3
ACH-001745,RHJT,RHJT_SOFT_TISSUE,Unknown,Sarcoma,"Rhabdomyosarcoma, alveolar",soft_tissue,rhabdomyosarcoma,alveolar,soft_tissue,TNNI1,MYLPF,ACTC1,NNAT,MYOG,C1orf105,MRLN,CAPN6,MYL4,DES
ACH-001750,TTC442,TTC442_SOFT_TISSUE,Male,Sarcoma,"Rhabdomyosarcoma, embryonal",soft_tissue,rhabdomyosarcoma,embryonal,soft_tissue,COL3A1,ACTC1,CPA4,CXCL12,IGF2,THY1,MME,TCEAL7,NEFL,COL11A1
ACH-001751,RH36,RH36_SOFT_TISSUE,Male,Sarcoma,"Rhabdomyosarcoma, embryonal",soft_tissue,rhabdomyosarcoma,embryonal,soft_tissue,MYLPF,MYL1,TNNI1,IGF2,MSTN,ACTC1,DES,KLHL41,TNNC2,MYL4
ACH-001765,RH4,RH4_SOFT_TISSUE,Female,Sarcoma,"Rhabdomyosarcoma, alveolar",soft_tissue,rhabdomyosarcoma,alveolar,soft_tissue,STATH,FCRLA,ACTC1,MYOG,ERVW-1,DES,CPA5,CAPN6,STAC3,IGF2
ACH-001786,SNU1544,SNU1544_LARGE_INTESTINE,Female,Colon/Colorectal Cancer,Adenocarcinoma,colorectal,colorectal_adenocarcinoma,,colorectal,REG1A,REG1B,CEACAM5,TSPAN8,TM4SF20,IL33,CEACAM6,CD36,UTS2B,SLURP2
ACH-001791,LPS6,LPS6_SOFT_TISSUE,Unknown,Liposarcoma,,soft_tissue,liposarcoma,,soft_tissue,CGB8,MDM2,RBP4,COL1A2,RIPPLY2,COL3A1,IL26,TGFBI,LOXL1,LIMS2
ACH-001793,LPS27,LPS27_SOFT_TISSUE,Unknown,Liposarcoma,,soft_tissue,liposarcoma,,soft_tissue,CST1,GZMA,IL1B,COL6A3,GLIPR1,IL6,ACTG2,CSF2,IFI27,COL1A2
ACH-001794,93T449,93T449_SOFT_TISSUE,Unknown,Liposarcoma,WDLPS,soft_tissue,liposarcoma,WDLPS,soft_tissue,DCN,COL6A3,B4GALNT1,SLC28A3,SPARC,PSG4,COL5A2,MMP2,HMCN1,COL6A2
ACH-001795,94T778,94T778_SOFT_TISSUE,Female,Liposarcoma,WDLPS,soft_tissue,liposarcoma,WDLPS,soft_tissue,CLDN11,CCL2,CD34,IL6,COL6A3,THY1,IFI27,FN1,KRT81,CPM
ACH-001796,95T1000,95T1000_SOFT_TISSUE,Unknown,Liposarcoma,WDLPS,soft_tissue,liposarcoma,WDLPS,soft_tissue,DHRS2,COL6A3,GREM1,ITGA5,NPTX1,DTX3,RAB37,RPS4Y1,ADIRF,CDK4
ACH-001799,LPS141,LPS141_SOFT_TISSUE,Unknown,Liposarcoma,DDLPS,soft_tissue,liposarcoma,DDLPS,soft_tissue,COL1A2,CCN4,COL6A3,HAPLN1,COL3A1,COL1A1,GREM1,LUM,TNFSF10,THBS2
ACH-001802,LPS853,LPS853_SOFT_TISSUE,Unknown,Liposarcoma,DDLPS,soft_tissue,liposarcoma,DDLPS,soft_tissue,ACTC1,DES,TNNC2,CHRNA1,ASB5,PDLIM3,LRRC17,MUSK,STAC3,MYOD1
ACH-001804,LPS510,LPS510_SOFT_TISSUE,Unknown,Liposarcoma,WD/DDLPS,soft_tissue,liposarcoma,WD_DDPLS,soft_tissue,DCN,COL1A2,COL6A3,ISLR,POSTN,COL3A1,GREM1,COL1A1,SULF1,MMP2
ACH-001807,LPS067,LPS067_SOFT_TISSUE,Unknown,Liposarcoma,DDLPS,soft_tissue,liposarcoma,DDLPS,soft_tissue,MMP2,COL1A2,DCN,COL3A1,COL1A1,GREM1,ABI3BP,MME,PTX3,THY1
ACH-001814,OS252,OS252_BONE,Unknown,Bone Cancer,Osteosarcoma,bone,osteosarcoma,,bone,COL1A2,COL6A3,POSTN,THY1,COL3A1,CCN5,DCN,TGFBI,COL6A2,SPANXA2
ACH-001818,C396,C396_BONE,Unknown,Bone Cancer,Osteosarcoma,bone,osteosarcoma,,bone,COL1A2,DCN,ACAN,FGF7,COL1A1,COMP,ELN,ITGA11,MFAP5,SULF1
ACH-001819,MFM223,MFM223_BREAST,Female,Breast Cancer,Breast Ductal Carcinoma,breast,breast_ductal_carcinoma,ERneg_HER2neg,breast,PLA2G2A,ALDH3B2,CD24,FGFR2,BPIFB1,TFF1,PCP4,KRT81,AGR3,AGR2
ACH-001820,COLO824,COLO824_BREAST,Female,Breast Cancer,,breast,,,breast,MGP,VTCN1,ACTG2,CALB2,C1orf105,AARD,ACTL8,KRT23,CRYAB,ELAVL2
ACH-001834,ICC10,ICC10_BILIARY_TRACT,Unknown,Bile Duct Cancer,"Cholangiocarcinoma, intrahepatic",bile_duct,cholangiocarcinoma,intrahepatic,bile_duct,CXCL5,KRT17,CCL2,CCL20,AGR2,VTN,PRSS2,ANXA8,C3,UGT1A6
ACH-001835,ICC106,ICC106_BILIARY_TRACT,Unknown,Bile Duct Cancer,"Cholangiocarcinoma, intrahepatic",bile_duct,cholangiocarcinoma,intrahepatic,bile_duct,AGR2,SPINK1,TM4SF4,SERPINA3,CXCL5,DEFB1,SPP1,LCN2,MUC6,CEACAM6
ACH-001836,ICC108,ICC108_BILIARY_TRACT,Unknown,Bile Duct Cancer,"Cholangiocarcinoma, intrahepatic",bile_duct,cholangiocarcinoma,intrahepatic,bile_duct,KRT81,CXCL5,C15orf48,CCL2,LCN2,AZGP1,PDZK1IP1,IGFL1,SERPINA3,TACSTD2
ACH-001838,ICC12,ICC12_BILIARY_TRACT,Unknown,Bile Duct Cancer,"Cholangiocarcinoma, intrahepatic",bile_duct,cholangiocarcinoma,intrahepatic,bile_duct,PRSS2,PRSS1,LCN2,AGR2,SERPINB2,LAMC2,CALB1,C19orf33,CXCL5,S100A2
ACH-001839,ICC137,ICC137_BILIARY_TRACT,Unknown,Bile Duct Cancer,"Cholangiocarcinoma, intrahepatic",bile_duct,cholangiocarcinoma,intrahepatic,bile_duct,TM4SF4,AKR1B10,CRP,GPX2,TFF1,ANXA13,ALB,LYZ,APCS,LGALS4
ACH-001841,ICC15,ICC15_BILIARY_TRACT,Unknown,Bile Duct Cancer,"Cholangiocarcinoma, extrahepatic",bile_duct,cholangiocarcinoma,extrahepatic,bile_duct,S100A9,S100A7,S100A8,LCN2,C15orf48,PI3,SAA1,SCGB1A1,SPRR2A,KRT6A
ACH-001842,ICC2,ICC2_BILIARY_TRACT,Unknown,Bile Duct Cancer,"Cholangiocarcinoma, intrahepatic",bile_duct,cholangiocarcinoma,intrahepatic,bile_duct,IFI27,ALPP,KLK6,LCN2,FXYD3,PLAAT4,KRT16,S100A9,SNCG,PSCA
ACH-001843,ICC3,ICC3_BILIARY_TRACT,Unknown,Bile Duct Cancer,"Cholangiocarcinoma, intrahepatic",bile_duct,cholangiocarcinoma,intrahepatic,bile_duct,SPRR2D,SERPINI1,CST7,SPINK1,IL24,MMP1,GNG11,QPCT,TCIM,TNC
ACH-001844,ICC4,ICC4_BILIARY_TRACT,Unknown,Bile Duct Cancer,"Cholangiocarcinoma, intrahepatic",bile_duct,cholangiocarcinoma,intrahepatic,bile_duct,TM4SF4,FXYD2,UPK1B,UGT2B7,AKR1B10,CEACAM6,CALB1,SPP1,LGALS2,IFI27
ACH-001845,ICC5,ICC5_BILIARY_TRACT,Unknown,Bile Duct Cancer,"Cholangiocarcinoma, intrahepatic",bile_duct,cholangiocarcinoma,intrahepatic,bile_duct,ALB,TM4SF4,TFPI2,CPA4,VTN,SERPINE1,ANKRD1,OLFM4,PDZK1IP1,KRT7
ACH-001846,ICC6,ICC6_BILIARY_TRACT,Unknown,Bile Duct Cancer,"Cholangiocarcinoma, intrahepatic",bile_duct,cholangiocarcinoma,intrahepatic,bile_duct,DEFB1,TM4SF4,GABRP,APCS,MMP7,FXYD2,TFPI2,CEACAM6,CRP,LCN2
ACH-001848,ICC8,ICC8_BILIARY_TRACT,Unknown,Bile Duct Cancer,"Cholangiocarcinoma, intrahepatic",bile_duct,cholangiocarcinoma,intrahepatic,bile_duct,PRSS1,PRSS2,CEACAM6,HSD11B1,PSCA,LY6D,C4BPB,AGR2,FXYD3,TFF1
ACH-001849,ICC9,ICC9_BILIARY_TRACT,Unknown,Bile Duct Cancer,"Cholangiocarcinoma, intrahepatic",bile_duct,cholangiocarcinoma,intrahepatic,bile_duct,PRSS2,PRSS1,C6orf15,AZGP1,LY6D,LCN2,S100P,S100A14,AREG,KRT81
ACH-001850,G415,G415_BILIARY_TRACT,Male,Gallbladder Cancer,Adenocarcinoma,bile_duct,gallbladder_adenocarcinoma,,bile_duct,SPANXA2,CALB1,MFAP5,SPANXA1,KISS1,IL13RA2,SPANXD,CRIP1,IGFBP3,GDA
ACH-001852,HKGZCC,HKGZCC_BILIARY_TRACT,Male,Bile Duct Cancer,"Cholangiocarcinoma, intrahepatic",bile_duct,cholangiocarcinoma,intrahepatic,bile_duct,LY6D,KRT13,KRT5,S100A9,SCGB1A1,KRT4,KRT6A,CEACAM6,PI3,LCN2
ACH-001853,KMCH1,KMCH1_BILIARY_TRACT,Male,Bile Duct Cancer,"Cholangiocarcinoma, intrahepatic",bile_duct,cholangiocarcinoma,intrahepatic,bile_duct,LY6D,KRT13,TM4SF4,ALDH1A1,SFTA2,UPK3B,LCN2,KRT4,GDA,KLK6
ACH-001856,RBE,RBE_BILIARY_TRACT,Female,Bile Duct Cancer,"Cholangiocarcinoma, intrahepatic",bile_duct,cholangiocarcinoma,intrahepatic,bile_duct,FXYD2,MMP7,CLDN2,TESC,TM4SF18,CALB2,IGFBP1,MT1E,CLDN10,TM4SF4
ACH-001857,SG231,SG231_BILIARY_TRACT,Male,Bile Duct Cancer,"Cholangiocarcinoma, intrahepatic",bile_duct,cholangiocarcinoma,intrahepatic,bile_duct,AMBP,XAGE1B,KRT20,STMN2,TTR,LGALS2,FGL1,HABP2,AGT,NAPSA
ACH-001858,SSP25,SSP25_BILIARY_TRACT,Female,Bile Duct Cancer,"Cholangiocarcinoma, intrahepatic",bile_duct,cholangiocarcinoma,intrahepatic,bile_duct,SPANXA2,GREM1,UGT1A10,SPANXD,AKR1B10,CLDN11,SPANXA1,AKR1C1,BEX1,SPP1
ACH-001861,TGBC1TKB,TGBC1TKB_BILIARY_TRACT,Female,Gallbladder Cancer,Adenocarcinoma,bile_duct,gallbladder_adenocarcinoma,,bile_duct,KRT81,KLK5,KLK6,C6orf15,PAGE5,PAGE2,PAGE2B,KRT7,ALPP,IGFL1
ACH-001862,TGBC52TKB,TGBC52TKB_BILIARY_TRACT,Male,Bile Duct Cancer,"Cholangiocarcinoma, extrahepatic",bile_duct,cholangiocarcinoma,extrahepatic,bile_duct,KRT14,TSPAN8,S100A2,SPINK6,SERPINB5,CPA4,CGB3,ALDH3A1,RGS4,ADIRF
ACH-001863,TKKK,TKKK_BILIARY_TRACT,Male,Bile Duct Cancer,"Cholangiocarcinoma, intrahepatic",bile_duct,cholangiocarcinoma,intrahepatic,bile_duct,SFTA2,CLDN6,MFAP5,SLC7A7,C4BPB,CDH17,S100A14,SPINK1,UPK1B,TSPAN8
ACH-001864,YSCCC,YSCCC_BILIARY_TRACT,Female,Bile Duct Cancer,"Cholangiocarcinoma, intrahepatic",bile_duct,cholangiocarcinoma,intrahepatic,bile_duct,S100A9,LCN2,CRISP3,NUPR1,FOLR1,KLK5,PAGE2,PAGE2B,TFPI2,VGLL1
ACH-001959,CCLP1,CCLP1_BILIARY_TRACT,Female,Bile Duct Cancer,"Cholangiocarcinoma, intrahepatic",bile_duct,cholangiocarcinoma,intrahepatic,bile_duct,ALDH1A1,MAGEA4,KRT40,MMP10,KRTAP2-3,WNT16,RGS1,FGF20,SLN,EPHA7
ACH-001960,CCSW1,CCSW1_BILIARY_TRACT,Female,Bile Duct Cancer,"Cholangiocarcinoma, intrahepatic",bile_duct,cholangiocarcinoma,intrahepatic,bile_duct,NTS,LGALS7B,KRT5,KLK5,LY6D,KHDC1L,MMP10,COL17A1,MMP1,HSD17B3
ACH-001961,GB2,GB2_BILIARY_TRACT,Unknown,Gallbladder Cancer,Adenocarcinoma,bile_duct,gallbladder_adenocarcinoma,,bile_duct,LGALS2,PDZK1IP1,IFI27,TSPAN8,LGALS4,PIGR,CFB,ITM2A,MMP7,ALDH1A1
ACH-001970,MM253,MM253_SKIN,Male,Skin Cancer,Melanoma,skin,melanoma,,skin,PMEL,DCT,MLANA,PAGE5,CAPN3,MAGEA4,GAGE1,XAGE1B,SERPINA3,APOC1
ACH-001973,MM485,MM485_SKIN,Male,Skin Cancer,Melanoma,skin,melanoma,,skin,PMEL,TYR,S100B,A2M,IFI27,S100A1,RGS1,MIA,TYRP1,MLANA
ACH-001977,NO36,NO36_LUNG,Male,Lung Cancer,Mesothelioma,lung,mesothelioma,,lung,TNNC1,ITLN2,ACTA2,PSG5,CRYAB,OLR1,GPNMB,SNCG,TAGLN,ABCC2
ACH-001982,NZM3,NZM3_SKIN,Male,Skin Cancer,Melanoma,skin,melanoma,,skin,PMEL,GAGE2A,MLANA,APOD,GAGE12H,A2M,S100B,XAGE1B,S100A1,MIA
ACH-001991,NZOV9,NZOV9_OVARY,Female,Ovarian Cancer,"Adenocarcinoma, endometrioid",ovary,ovary_adenocarcinoma,endometrioid,ovary,BEX5,TFF3,MYF6,RBP1,CST1,GABRA3,APCDD1,FGF3,TMEM176B,SHH
ACH-001992,ONE58,ONE58_LUNG,Male,Lung Cancer,Mesothelioma,lung,mesothelioma,,lung,CLDN11,PSG1,IFI27,PSG4,IL6,IL1B,OASL,MMP1,MME,SERPINE1
ACH-001993,NALM16,NALM16_HAEMATOPOIETIC_AND_LYMPHOID_TISSUE,Female,Leukemia,"Acute Lymphoblastic Leukemia (ALL), B-cell",blood,ALL,b_cell,blood,TCL1A,VPREB3,DNTT,VPREB1,IGLL1,CD52,VAT1L,HLA-DRA,RCSD1,CD74
ACH-001997,ECC2,ECC2_BILIARY_TRACT,Unknown,Bile Duct Cancer,"Cholangiocarcinoma, extrahepatic",bile_duct,cholangiocarcinoma,extrahepatic,bile_duct,KRT81,PAGE5,KLK6,CST6,MMP7,IFI27,RBP1,CTAG2,RARRES2,LCN2
ACH-001999,9505BIK,9505BIK_PANCREAS,Unknown,Pancreatic Cancer,"Ductal Adenocarcinoma, exocrine",pancreas,exocrine,exocrine_adenocarcinoma,pancreas,PRSS1,PRSS2,AGR2,LCN2,LYZ,TFF2,DHRS9,SPINK1,IFI27,PLAAT4
ACH-002001,A375SKINCJ1,A375_SKIN_CJ1_RESISTANT,Unknown,Skin Cancer,Melanoma,skin,melanoma,,skin,IL13RA2,PAGE5,MIA,PAGE2,SPRR2D,MAGEA4,SERPINA3,XAGE1B,S100A1,VGF
ACH-002002,A375SKINCJ2,A375_SKIN_CJ2_RESISTANT,Unknown,Skin Cancer,Melanoma,skin,melanoma,,skin,PAGE5,XAGE1B,PAGE2,MAGEA4,SPANXA2,ESM1,IL13RA2,SPANXA1,IL24,GTSF1
ACH-002003,A375SKINCJ3,A375_SKIN_CJ3_RESISTANT,Unknown,Skin Cancer,Melanoma,skin,melanoma,,skin,IL13RA2,PAGE5,IL24,MIA,PAGE2,MAGEA4,LOXL4,XAGE1B,S100A1,HAPLN1
ACH-002004,UACC62SKINCJ1,UACC62_SKIN_CJ1_RESISTANT,Unknown,Skin Cancer,Melanoma,skin,melanoma,,skin,SERPINA3,FABP7,S100B,MAGEA4,IL13RA2,MIA,MLANA,PLP1,ITIH5,S100A1
ACH-002005,SKMEL19,SKMEL19_SKIN,Male,Skin Cancer,Melanoma,skin,melanoma,,skin,TYRP1,PMEL,MLANA,TYR,QPCT,DCT,MAGEA4,SLC16A6,FAM167B,CTAG2
ACH-002011,MP46,MP46_UVEA,Male,Eye Cancer,Uveal Melanoma,eye,uveal_melanoma,,eye,TYRP1,PMEL,MLANA,EDNRB,DHRS2,BIRC7,XAGE1B,CITED1,ACP5,RASGRP3
ACH-002014,MEL270,MEL270_UVEA,Male,Eye Cancer,Uveal Melanoma,eye,uveal_melanoma,,eye,PMEL,TYRP1,TYR,A2M,WFDC1,MLANA,SLC24A5,S100A1,CAPN3,MME
ACH-002015,MEL285,MEL285_UVEA,Female,Eye Cancer,Uveal Melanoma,eye,uveal_melanoma,,eye,EFEMP1,PTGDS,CRYAB,PTX3,LOX,PSG4,CHRDL1,NUPR1,CCN3,CCL7
ACH-002016,MEL290,MEL290_UVEA,Female,Eye Cancer,Uveal Melanoma,eye,uveal_melanoma,,eye,PTGDS,RARRES2,CRYAB,ENPP2,CHRDL1,VTN,CCDC80,PGM5,FGF2,PSG4
ACH-002017,OMM1,OMM1_UVEA,Male,Eye Cancer,Uveal Melanoma,eye,uveal_melanoma,,eye,TYRP1,PMEL,MLANA,CKMT2,CRYAB,SLC45A2,WFDC1,HTN1,TM4SF19,TYR
ACH-002018,OMM25,OMM25_UVEA,Male,Eye Cancer,Uveal Melanoma,eye,uveal_melanoma,,eye,TYRP1,PMEL,MGP,MLANA,CAPN3,TYR,COL11A1,CITED1,S100A1,CRYAB
ACH-002019,HOKUG,HOKUG_CERVIX,Female,Cervical Cancer,Glassy Cell Carcinoma,cervix,glassy_cell_carcinoma,,cervix,KRT17,KRT5,S100A14,LGALS7B,S100A9,SPOCK2,SMOC1,SLPI,OSBP2,SPINK6
ACH-002021,T3M3,T3M3_PLACENTA,Female,Endometrial/Uterine Cancer,Choriocarcinoma,uterus,choriocarcinoma,,uterus,XAGE2,XAGE3,ERVH48-1,VGLL1,DPPA3,CLDN6,DNMT3L,GRAMD2A,SLC2A3,PAGE4
ACH-002023,TGBC18TKB,TGBC18TKB_LARGE_INTESTINE,Female,Colon/Colorectal Cancer,"Adenocarcinoma, papillotubular",colorectal,colorectal_adenocarcinoma,papillotubular,colorectal,MMP7,KLK6,LY6D,LCN2,FBP1,KLK7,RARRES2,RBP1,KRT7,GALNT5
ACH-002024,ECC4,ECC4_LARGE_INTESTINE,Male,Colon/Colorectal Cancer,Adenocarcinoma,colorectal,colorectal_adenocarcinoma,,colorectal,CALCA,NTS,AZGP1,CRISP3,AOC1,CGA,CHGB,TMEM176A,TFF1,TFF3
ACH-002025,TT1TKB,TT1TKB_LARGE_INTESTINE,Male,Colon/Colorectal Cancer,Adenocarcinoma,colorectal,colorectal_adenocarcinoma,,colorectal,KRT20,LY6G6D,FABP1,TSPAN8,CDH17,LYZ,MUC13,TAC3,S100A14,IFI27
ACH-002026,HHUA,HHUA_ENDOMETRIUM,Female,Endometrial/Uterine Cancer,,uterus,endometrial_adenocarcinoma,,uterus,FXYD2,SAA1,MAL,SLC34A2,IL32,HAVCR1,PLAU,PDZK1IP1,UGT2B7,CRYAB
ACH-002027,HOUAI,HOUAI_ENDOMETRIUM,Female,Endometrial/Uterine Cancer,Endometrial Adenocarcinoma,uterus,endometrial_adenocarcinoma,,uterus,MMP7,SCGB2A1,SPP1,PTGDS,CES1,CALB1,SLPI,MSLN,NID2,FGFBP1
ACH-002029,SAS,SAS_UPPER_AERODIGESTIVE_TRACT,Female,Head and Neck Cancer,"Squamous Cell Carcinoma, tongue",upper_aerodigestive,upper_aerodigestive_squamous,tongue,upper_aerodigestive,KRT5,KRT14,KRT17,SERPINB2,S100A14,KLK6,KLK8,S100A2,IGFL1,KRT7
ACH-002038,HSKTC,HSKTC_OVARY,Female,Ovarian Cancer,Krukenberg Tumor,ovary,krukenberg_tumor,,ovary,MMP7,NOTUM,TSPAN8,APCDD1,GPX2,ETFRF1,NKD1,BMP4,KRT23,MSLN
ACH-002039,PK8,PK8_PANCREAS,Unknown,Pancreatic Cancer,"Ductal Adenocarcinoma, exocrine",pancreas,exocrine,exocrine_adenocarcinoma,pancreas,KRT13,GPX2,FABP4,IL1A,UGT1A10,S100P,IL1RL1,AQP3,PTGS2,FXYD3
ACH-002041,HOTHC,HOTHC_THYROID,Female,Thyroid Cancer,Carcinoma,thyroid,thyroid_carcinoma,,thyroid,GREM1,MMP2,COL3A1,CPA4,COL1A1,CHI3L1,PLAC8,CCDC80,EDIL3,PSG5
ACH-002042,T3M5,T3M5_THYROID,Female,Thyroid Cancer,Squamous Cell Carcinoma,thyroid,thyroid_squamous,,thyroid,S100A2,COL17A1,IL24,TFPI2,IL1B,IL1A,KRTAP2-3,SERPINB2,HEPHL1,LAMC2
ACH-002044,HSQ89,HSQ89_UPPER_AERODIGESTIVE_TRACT,Male,Head and Neck Cancer,"Squamous Cell Carcinoma, sinus",upper_aerodigestive,upper_aerodigestive_squamous,sinus,upper_aerodigestive,AKR1C2,CXCL14,CPLX2,CHGB,RBP1,FGF19,GPX2,ALDH3A1,GFRA3,AKR1C3
ACH-002045,HO1U1,HO1U1_UPPER_AERODIGESTIVE_TRACT,Male,Head and Neck Cancer,"Squamous Cell Carcinoma, oral",upper_aerodigestive,upper_aerodigestive_squamous,oral,upper_aerodigestive,KRT13,KRT5,AKR1C2,KRT6A,FXYD3,KRT17,CALB1,GPX2,FGFBP1,UGT1A6
ACH-002046,HTMMT,HTMMT_ENDOMETRIUM,Female,Endometrial/Uterine Cancer,Malignant Mixed Mullerian Tumor (MMMT),uterus,MMMT,,uterus,COL1A2,IFI27,ACTA2,ACTG2,SPARC,COL1A1,CPA4,CNN1,COL11A1,MYL9
ACH-002048,RMSYM,RMSYM_SOFT_TISSUE,Male,Sarcoma,"Rhabdomyosarcoma, embryonal",soft_tissue,rhabdomyosarcoma,embryonal,soft_tissue,DES,IGF2,MSTN,COL3A1,MYL1,MYF5,STAC3,ACTC1,PRAC1,CPM
ACH-002055,TL1,TL1_HAEMATOPOIETIC_AND_LYMPHOID_TISSUE,Male,Lymphoma,"B-cell, Non-Hodgkins, Burkitts",lymphocyte,non_hodgkin_lymphoma,b_cell_burkitt,lymphocyte,JCHAIN,CD79B,TCL1A,HLA-DRA,CD48,HLA-DQA1,CD79A,CD37,RUBCNL,CD52
ACH-002059,P30OHK,P30OHK_HAEMATOPOIETIC_AND_LYMPHOID_TISSUE,Female,Leukemia,"Acute Lymphoblastic Leukemia (ALL), B-cell",blood,ALL,b_cell,blood,IRAG2,TCL1A,IGLL1,IGLL5,VPREB1,MYLK3,LAT2,MYB,BLNK,CD79A
ACH-002061,P2URK562,P2URK562_HAEMATOPOIETIC_AND_LYMPHOID_TISSUE,Female,Leukemia,Chronic Myelogenous Leukemia (CML),blood,CML,,blood,HBG2,HBG1,HBA1,RHAG,HBA2,HBZ,HBE1,PAGE5,AHSP,GYPB
ACH-002062,SLVL,SLVL_HAEMATOPOIETIC_AND_LYMPHOID_TISSUE,Female,Lymphoma,B-cell,lymphocyte,lymphoma_unspecified,b_cell,lymphocyte,CCL3,JCHAIN,CD48,CCR7,HLA-DRA,GPR183,GPR15,CCL3L3,CD300A,IGLL5
ACH-002065,HSPSS,HSPSS_CENTRAL_NERVOUS_SYSTEM,Male,Sarcoma,MPNST,central_nervous_system,MPNST,,central_nervous_system,MMP1,ESM1,IL1B,IL13RA2,HAPLN1,CXCL1,HSD11B1,HBE1,COL10A1,CXCL8
ACH-002066,HSSCH2,HSSCH2_CENTRAL_NERVOUS_SYSTEM,Female,Sarcoma,MPNST,central_nervous_system,MPNST,,central_nervous_system,PAGE5,TCN1,PAGE2,PLP1,COL11A1,SERPINA5,MIA,MMP2,NGFR,CD74
ACH-002067,NOS1,NOS1_BONE,Male,Bone Cancer,Osteosarcoma,bone,osteosarcoma,,bone,HBB,PAGE5,XAGE1B,PAGE2B,OMD,FABP3,SSX2B,VSTM2B,GSTA1,COL1A2
ACH-002069,HSOS1,HSOS1_BONE,Female,Bone Cancer,Osteosarcoma,bone,osteosarcoma,,bone,EPYC,ALPL,LUM,IFITM5,TMEM119,COL1A2,HAPLN1,COL11A1,ISLR,FMOD
ACH-002080,TN2,TN2_AUTONOMIC_GANGLIA,Male,Neuroblastoma,,peripheral_nervous_system,neuroblastoma,adrenal,peripheral_nervous_system,CHGA,CHGB,ARHGAP36,MYCN,MFAP4,DLK1,GAGE2A,PHOX2A,HAND2,PNMA5
ACH-002084,MMAC,MMAC_SKIN,Female,Skin Cancer,Melanoma,skin,melanoma,,skin,PMEL,S100B,MLANA,DCT,SLC45A2,MIA,PLP1,TRPM1,TYR,BCL2A1
ACH-002446,CCLFUPGI0005T,CCLFUPGI0005T_STOMACH,Unknown,Gastric Cancer,Adenocarcinoma,gastric,gastric_adenocarcinoma,,gastric,CTSE,TFF2,AGR2,TSPAN8,RNASE1,UGT1A1,PGA3,ANXA10,LYZ,VSIG1
ACH-002458,HT144SKINFV1,HT144_SKIN_FV1_RESISTANT,Male,Skin Cancer,Melanoma,skin,melanoma,,skin,MIA,HLA-DRA,CD74,HLA-DQA1,PAGE5,HLA-DPA1,SERPINA3,HLA-DRB1,S100B,SFRP1
ACH-002459,HT144SKINFV3,HT144_SKIN_FV3_RESISTANT,Male,Skin Cancer,Melanoma,skin,melanoma,,skin,COL1A2,CPA4,PAGE5,TIMP3,TNFRSF11B,PTGS2,POSTN,CFI,SLC16A6,EMILIN1
ACH-002460,HT144SKINFV2,HT144_SKIN_FV2_RESISTANT,Male,Skin Cancer,Melanoma,skin,melanoma,,skin,MIA,SERPINA3,HLA-DRA,CD74,FGL2,PAGE5,ITIH5,IL13RA2,HLA-DQA1,HLA-DPA1
ACH-002461,RVH421SKINFV1,RVH421_SKIN_FV1_RESISTANT,Male,Skin Cancer,Melanoma,skin,melanoma,,skin,MMP1,SERPINB7,HLA-DRB1,HLA-DRB5,SERPINB2,HLA-DRA,HLA-DPA1,MMP3,KRT34,MMP12
ACH-002508,WM3211,WM3211_SKIN,Female,Skin Cancer,"Melanoma, acral",skin,melanoma,acral,skin,COL1A1,MMP1,NXF3,ABI3BP,FN1,HLA-DRB5,SPARC,MMP2,PSG5,ANPEP
ACH-002509,WM4235,WM4235_SKIN,Unknown,Skin Cancer,"Melanoma, acral",skin,melanoma,acral,skin,MMP1,PAGE5,PAGE2B,EDN3,PLN,CFI,MIA,PLP1,XAGE1B,S100B
ACH-002510,M040416,M040416_SKIN,Male,Skin Cancer,"Melanoma, acral",skin,melanoma,acral,skin,PMEL,S100B,MLANA,MIA,DCT,TYR,SERPINA3,TF,S100A1,APOC1
ACH-002511,M140325,M140325_SKIN,Female,Skin Cancer,"Melanoma, mucosal",skin,melanoma,mucosal,skin,CD74,FDCSP,HLA-DRA,HLA-DRB1,HLA-DPA1,CCL2,MIA,SOX10,S100B,SPARC
ACH-002512,MM160113,MM160113_SKIN,Male,Skin Cancer,"Melanoma, acral",skin,melanoma,acral,skin,TYRP1,S100B,S100A1,PMEL,MLANA,FCER1G,RGS1,IFI27,MIA,TYR